fp_page,page_type,ecr_type,player,id,pos,team,ecr,sd,best,worst,sportsdata_id,player_filename,yahoo_id,cbs_id,player_owned_avg,player_owned_espn,player_owned_yahoo,player_image_url,player_square_image_url,rank_delta,bye,mergename,scrape_date,tm,merge_name,fp_id,fantasypros_id,gsis_id,sleeper_id,birthdate,draft_year,position,age
/nfl/rankings/ppr-cheatsheets.php,redraft-overall,ro,Ja'Marr Chase,19788,WR,CIN,1.49,0.88,1,4,,jamarr-chase.php,,,99.9,,,,,,6.0,JaMarr Chase,2026-09-04,CIN,jamarr chase,19788,19788.0,00-0036900,7564.0,2000-03-01,2021.0,WR,26.5160848733744
/nfl/rankings/ppr-cheatsheets.php,redraft-overall,ro,Jahmyr Gibbs,22968,RB,DET,2.43,1.22,1,5,,jahmyr-gibbs.php,,,99.8,,,,,,6.0,Jahmyr Gibbs,2026-09-04,DET,jahmyr gibbs,22968,22968.0,00-0039139,9221.0,2002-03-20,2023.0,RB,24.465434633812457
/nfl/rankings/ppr-cheatsheets.php,redraft-overall,ro,Puka Nacua,23180,WR,LAR,3.43,1.62,1,9,,puka-nacua.php,,,99.8,,,,,,11.0,Puka Nacua,2026-09-04,LAR,puka nacua,23180,23180.0,00-0039075,9493.0,2001-05-29,2023.0,WR,25.27310061601643
/nfl/rankings/ppr-cheatsheets.php,redraft-overall,ro,Bijan Robinson,23133,RB,ATL,4.19,1.3,2,5,,bijan-robinson.php,,,99.8,,,,,,11.0,Bijan Robinson,2026-09-04,ATL,bijan robinson,23133,23133.0,00-0038542,9509.0,2002-01-30,2023.0,RB,24.59958932238193
/nfl/rankings/ppr-cheatsheets.php,redraft-overall,ro,Jaxon Smith-Njigba,23070,WR,SEA,4.61,1.44,1,9,,jaxon-smith-njigba.php,,,99.8,,,,,,11.0,Jaxon Smith-Njigba,2026-09-04,SEA,jaxon smith-njigba,23070,23070.0,00-0038543,9488.0,2002-02-14,2023.0,WR,24.55852156057495
/nfl/rankings/ppr-cheatsheets.php,redraft-overall,ro,Amon-Ra St. Brown,19799,WR,DET,5.4,1.29,3,9,,amonra-stbrown.php,,,99.9,,,,,,6.0,Amon-Ra St Brown,2026-09-04,DET,amon-ra st brown,19799,19799.0,00-0036963,7547.0,1999-10-24,2021.0,WR,26.869267624914443
/nfl/rankings/ppr-cheatsheets.php,redraft-overall,ro,CeeDee Lamb,19202,WR,DAL,9.03,1.69,6,15,,ceedee-lamb.php,,,99.8,,,,,,14.0,CeeDee Lamb,2026-09-04,DAL,ceedee lamb,19202,19202.0,00-0036358,6786.0,1999-04-08,2020.0,WR,27.41409993155373
/nfl/rankings/ppr-cheatsheets.php,redraft-overall,ro,Justin Jefferson,19236,WR,MIN,9.17,2.9,4,29,,justin-jefferson.php,,,99.8,,,,,,6.0,Justin Jefferson,2026-09-04,MIN,justin jefferson,19236,19236.0,00-0036322,6794.0,1999-06-16,2020.0,WR,27.225188227241617
/nfl/rankings/ppr-cheatsheets.php,redraft-overall,ro,Christian McCaffrey,16393,RB,SF,9.58,4.48,5,24,,christian-mccaffrey.php,,,99.8,,,,,,8.0,Christian McCaffrey,2026-09-04,SFO,christian mccaffrey,16393,16393.0,00-0033280,4034.0,1996-06-07,2017.0,RB,30.247775496235455
/nfl/rankings/ppr-cheatsheets.php,redraft-overall,ro,Jonathan Taylor,19217,RB,IND,11.82,5.05,6,33,,jonathan-taylor.php,,,99.8,,,,,,13.0,Jonathan Taylor,2026-09-04,IND,jonathan taylor,19217,19217.0,00-0036223,6813.0,1999-01-19,2020.0,RB,27.630390143737166
/nfl/rankings/ppr-cheatsheets.php,redraft-overall,ro,Drake London,23163,WR,ATL,13.17,3.46,8,26,,drake-london.php,,,99.6,,,,,,11.0,Drake London,2026-09-04,ATL,drake london,23163,23163.0,00-0037238,8112.0,2001-07-24,2022.0,WR,25.11978097193703
/nfl/rankings/ppr-cheatsheets.php,redraft-overall,ro,A.J. Brown,18218,WR,NE,13.73,5.45,6,40,,aj-brown.php,,,99.7,,,,,,11.0,AJ Brown,2026-09-04,NEP,aj brown,18218,18218.0,00-0035676,5859.0,1997-06-30,2019.0,WR,29.1854893908282
/nfl/rankings/ppr-cheatsheets.php,redraft-overall,ro,James Cook III,22958,RB,BUF,14.97,5.66,7,31,,james-cook.php,,,99.8,,,,,,7.0,James Cook,2026-09-04,BUF,james cook,22958,22958.0,00-0037248,8138.0,1999-09-25,2022.0,RB,26.94866529774127
/nfl/rankings/ppr-cheatsheets.php,redraft-overall,ro,Nico Collins,20130,WR,HOU,16.0,3.72,9,28,,nico-collins.php,,,99.8,,,,,,8.0,Nico Collins,2026-09-04,HOU,nico collins,20130,20130.0,00-0036554,7569.0,1999-03-19,2021.0,WR,27.468856947296374
/nfl/rankings/ppr-cheatsheets.php,redraft-overall,ro,Chase Brown,25324,RB,CIN,17.05,5.98,7,34,,chase-brown.php,,,99.5,,,,,,6.0,Chase Brown,2026-09-04,CIN,chase brown,25324,25324.0,00-0038597,9224.0,2000-03-21,2023.0,RB,26.46132785763176
/nfl/rankings/ppr-cheatsheets.php,redraft-overall,ro,Chris Olave,20111,WR,NO,17.37,5.9,9,36,,chris-olave.php,,,99.3,,,,,,8.0,Chris Olave,2026-09-04,NOS,chris olave,20111,20111.0,00-0037239,8144.0,2000-06-27,2022.0,WR,26.193018480492814
/nfl/rankings/ppr-cheatsheets.php,redraft-overall,ro,Trey McBride,22936,TE,ARI,18.5,5.19,16,35,,trey-mcbride.php,,,99.7,,,,,1.0,14.0,Trey McBride,2026-09-04,ARI,trey mcbride,22936,22936.0,00-0037744,8130.0,1999-11-22,2022.0,TE,26.78986995208761
/nfl/rankings/ppr-cheatsheets.php,redraft-overall,ro,George Pickens,22963,WR,DAL,20.43,5.82,9,40,,george-pickens.php,,,99.7,,,,,,14.0,George Pickens,2026-09-04,DAL,george pickens,22963,22963.0,00-0037247,8137.0,2001-03-04,2022.0,WR,25.508555783709788
/nfl/rankings/ppr-cheatsheets.php,redraft-overall,ro,Brock Bowers,22955,TE,LV,21.2,5.51,11,57,,brock-bowers.php,,,99.8,,,,,-1.0,13.0,Brock Bowers,2026-09-04,LVR,brock bowers,22955,22955.0,00-0039338,11604.0,2002-12-13,2024.0,TE,23.731690622861056
/nfl/rankings/ppr-cheatsheets.php,redraft-overall,ro,De'Von Achane,23136,RB,MIA,21.49,6.71,11,39,,devon-achane.php,,,99.8,,,,,,6.0,DeVon Achane,2026-09-04,MIA,devon achane,23136,23136.0,00-0039040,9226.0,2001-10-13,2023.0,RB,24.89801505817933
/nfl/rankings/ppr-cheatsheets.php,redraft-overall,ro,DeVonta Smith,19222,WR,PHI,22.72,7.16,8,45,,devonta-smith.php,,,99.4,,,,,,10.0,DeVonta Smith,2026-09-04,PHI,devonta smith,19222,19222.0,00-0036912,7525.0,1998-11-14,2021.0,WR,27.811088295687885
/nfl/rankings/ppr-cheatsheets.php,redraft-overall,ro,Saquon Barkley,17240,RB,PHI,23.6,6.02,10,41,,saquon-barkley.php,,,99.8,,,,,,10.0,Saquon Barkley,2026-09-04,PHI,saquon barkley,17240,17240.0,00-0034844,4866.0,1997-02-09,2018.0,RB,29.571526351813826
/nfl/rankings/ppr-cheatsheets.php,redraft-overall,ro,Malik Nabers,25409,WR,NYG,24.25,8.56,11,48,,malik-nabers.php,,,99.4,,,,,,8.0,Malik Nabers,2026-09-04,NYG,malik nabers,25409,25409.0,00-0039337,11632.0,2003-07-28,2024.0,WR,23.110198494182068
/nfl/rankings/ppr-cheatsheets.php,redraft-overall,ro,Kenneth Walker III,23021,RB,KC,24.95,7.61,11,50,,kenneth-walker-rb.php,,,99.5,,,,,,5.0,Kenneth Walker,2026-09-04,KCC,kenneth walker,23021,23021.0,00-0038134,8151.0,2000-10-20,2022.0,RB,25.87816563997262
/nfl/rankings/ppr-cheatsheets.php,redraft-overall,ro,Omarion Hampton,25395,RB,LAC,25.4,7.4,7,43,,omarion-hampton.php,,,99.7,,,,,,7.0,Omarion Hampton,2026-09-04,LAC,omarion hampton,25395,25395.0,00-0040666,12507.0,2003-03-16,2025.0,RB,23.477070499657767
/nfl/rankings/ppr-cheatsheets.php,redraft-overall,ro,Josh Allen,17298,QB,BUF,25.77,3.01,21,43,,josh-allen-qb.php,,,99.9,,,,,,7.0,Josh Allen,2026-09-04,BUF,josh allen,17298,17298.0,00-0034857,4984.0,1996-05-21,2018.0,QB,30.2943189596167
/nfl/rankings/ppr-cheatsheets.php,redraft-overall,ro,Rashee Rice,23113,WR,KC,27.1,10.14,11,68,,rashee-rice.php,,,99.2,,,,,,5.0,Rashee Rice,2026-09-04,KCC,rashee rice,23113,23113.0,00-0039067,10229.0,2000-04-22,2023.0,WR,26.373716632443532
/nfl/rankings/ppr-cheatsheets.php,redraft-overall,ro,Ashton Jeanty,25989,RB,LV,28.95,8.75,7,53,,ashton-jeanty.php,,,99.7,,,,,,13.0,Ashton Jeanty,2026-09-04,LVR,ashton jeanty,25989,25989.0,00-0040122,12527.0,2003-12-02,2025.0,RB,22.76249144421629
/nfl/rankings/ppr-cheatsheets.php,redraft-overall,ro,Zay Flowers,22916,WR,BAL,29.64,7.73,12,48,,zay-flowers.php,,,99.0,,,,,,13.0,Zay Flowers,2026-09-04,BAL,zay flowers,22916,22916.0,00-0039064,9997.0,2000-09-11,2023.0,WR,25.984941820670773
/nfl/rankings/ppr-cheatsheets.php,redraft-overall,ro,Garrett Wilson,23072,WR,NYJ,30.28,7.2,12,52,,garrett-wilson.php,,,97.9,,,,,,13.0,Garrett Wilson,2026-09-04,NYJ,garrett wilson,23072,23072.0,00-0037740,8146.0,2000-07-22,2022.0,WR,26.12457221081451
/nfl/rankings/ppr-cheatsheets.php,redraft-overall,ro,Lamar Jackson,17233,QB,BAL,31.84,9.34,25,66,,lamar-jackson.php,,,99.7,,,,,,13.0,Lamar Jackson,2026-09-04,BAL,lamar jackson,17233,17233.0,00-0034796,4881.0,1997-01-07,2018.0,QB,29.661875427789184
/nfl/rankings/ppr-cheatsheets.php,redraft-overall,ro,Ladd McConkey,26122,WR,LAC,33.83,8.24,15,52,,ladd-mcconkey.php,,,98.3,,,,,,7.0,Ladd McConkey,2026-09-04,LAC,ladd mcconkey,26122,26122.0,00-0039915,11635.0,2001-11-01,2024.0,WR,24.84599589322382
/nfl/rankings/ppr-cheatsheets.php,redraft-overall,ro,Jaylen Waddle,19790,WR,DEN,33.99,8.09,18,60,,jaylen-waddle.php,,,97.9,,,,,,10.0,Jaylen Waddle,2026-09-04,DEN,jaylen waddle,19790,19790.0,00-0036613,7526.0,1998-11-25,2021.0,WR,27.78097193702943
/nfl/rankings/ppr-cheatsheets.php,redraft-overall,ro,Tetairoa McMillan,25417,WR,CAR,35.88,7.26,15,52,,tetairoa-mcmillan.php,,,98.8,,,,,,5.0,Tetairoa McMillan,2026-09-04,CAR,tetairoa mcmillan,25417,25417.0,00-0040124,12526.0,2003-04-05,2025.0,WR,23.422313483915126
/nfl/rankings/ppr-cheatsheets.php,redraft-overall,ro,Colston Loveland,26006,TE,CHI,36.28,11.7,22,85,,colston-loveland.php,,,99.7,,,,,,10.0,Colston Loveland,2026-09-04,CHI,colston loveland,26006,26006.0,00-0040126,12517.0,2004-04-09,2025.0,TE,22.409308692676248
/nfl/rankings/ppr-cheatsheets.php,redraft-overall,ro,Tee Higgins,19211,WR,CIN,36.7,6.79,19,51,,tee-higgins.php,,,98.5,,,,,,6.0,Tee Higgins,2026-09-04,CIN,tee higgins,19211,19211.0,00-0036410,6801.0,1999-01-18,2020.0,WR,27.633127994524298
/nfl/rankings/ppr-cheatsheets.php,redraft-overall,ro,Drake Maye,23046,QB,NE,37.1,12.33,27,79,,drake-maye.php,,,99.6,,,,,,11.0,Drake Maye,2026-09-04,NEP,drake maye,23046,23046.0,00-0039851,11564.0,2002-08-30,2024.0,QB,24.019164955509925
/nfl/rankings/ppr-cheatsheets.php,redraft-overall,ro,Derrick Henry,15514,RB,BAL,37.64,6.99,20,50,,derrick-henry.php,,,99.7,,,,,,13.0,Derrick Henry,2026-09-04,BAL,derrick henry,15514,15514.0,00-0032764,3198.0,1994-01-04,2016.0,RB,32.67077344284736
/nfl/rankings/ppr-cheatsheets.php,redraft-overall,ro,Breece Hall,22982,RB,NYJ,39.52,4.84,30,53,,breece-hall.php,,,98.4,,,,,,13.0,Breece Hall,2026-09-04,NYJ,breece hall,22982,22982.0,00-0038120,8155.0,2001-05-31,2022.0,RB,25.267624914442163
/nfl/rankings/ppr-cheatsheets.php,redraft-overall,ro,Jeremiyah Love,25403,RB,ARI,40.1,7.87,23,65,,jeremiyah-love.php,,,99.4,,,,,,14.0,Jeremiyah Love,2026-09-04,ARI,jeremiyah love,25403,25403.0,00-0041027,13287.0,2005-05-31,2026.0,RB,21.267624914442163
/nfl/rankings/ppr-cheatsheets.php,redraft-overall,ro,Emeka Egbuka,23062,WR,TB,40.74,8.3,14,68,,emeka-egbuka.php,,,98.1,,,,,,10.0,Emeka Egbuka,2026-09-04,TBB,emeka egbuka,23062,23062.0,00-0040129,12514.0,2002-10-14,2025.0,WR,23.89596167008898
/nfl/rankings/ppr-cheatsheets.php,redraft-overall,ro,Kyren Williams,23059,RB,LAR,42.04,6.43,24,58,,kyren-williams.php,,,99.0,,,,,,11.0,Kyren Williams,2026-09-04,LAR,kyren williams,23059,23059.0,00-0037840,8150.0,2000-08-26,2022.0,RB,26.028747433264886
/nfl/rankings/ppr-cheatsheets.php,redraft-overall,ro,Javonte Williams,22739,RB,DAL,43.43,6.56,24,61,,javonte-williams.php,,,98.8,,,,,,14.0,Javonte Williams,2026-09-04,DAL,javonte williams,22739,22739.0,00-0036997,7588.0,2000-04-25,2021.0,RB,26.365503080082135
/nfl/rankings/ppr-cheatsheets.php,redraft-overall,ro,Joe Burrow,19196,QB,CIN,44.89,12.93,27,74,,joe-burrow.php,,,98.9,,,,,,6.0,Joe Burrow,2026-09-04,CIN,joe burrow,19196,19196.0,00-0036442,6770.0,1996-12-10,2020.0,QB,29.738535249828885
/nfl/rankings/ppr-cheatsheets.php,redraft-overall,ro,Travis Etienne Jr.,19231,RB,NO,45.04,6.03,33,61,,travis-etienne.php,,,97.9,,,,,,8.0,Travis Etienne,2026-09-04,NOS,travis etienne,19231,19231.0,00-0036973,7543.0,1999-01-26,2021.0,RB,27.61122518822724
/nfl/rankings/ppr-cheatsheets.php,redraft-overall,ro,Luther Burden III,27016,WR,CHI,46.7,8.12,26,71,,luther-burden-iii.php,,,95.3,,,,,,10.0,Luther Burden,2026-09-04,CHI,luther burden,27016,27016.0,00-0040735,12519.0,2003-12-12,2025.0,WR,22.73511293634497
/nfl/rankings/ppr-cheatsheets.php,redraft-overall,ro,Terry McLaurin,18466,WR,WAS,47.68,6.1,28,68,,terry-mclaurin.php,,,96.4,,,,,,7.0,Terry McLaurin,2026-09-04,WAS,terry mclaurin,18466,18466.0,00-0035659,5927.0,1995-09-15,2019.0,WR,30.976043805612594
/nfl/rankings/ppr-cheatsheets.php,redraft-overall,ro,Davante Adams,12123,WR,LAR,50.83,7.61,35,74,,davante-adams.php,,,97.4,,,,,,11.0,Davante Adams,2026-09-04,LAR,davante adams,12123,12123.0,00-0031381,2133.0,1992-12-24,2014.0,WR,33.700205338809035
/nfl/rankings/ppr-cheatsheets.php,redraft-overall,ro,DJ Moore,17265,WR,BUF,52.35,11.91,19,107,,dj-moore-wr.php,,,96.3,,,,,,7.0,DJ Moore,2026-09-04,BUF,dj moore,17265,17265.0,00-0034827,4983.0,1997-04-14,2018.0,WR,29.39630390143737
/nfl/rankings/ppr-cheatsheets.php,redraft-overall,ro,D'Andre Swift,19210,RB,CHI,52.39,7.81,37,77,,dandre-swift.php,,,96.2,,,,,,10.0,DAndre Swift,2026-09-04,CHI,dandre swift,19210,19210.0,00-0036275,6790.0,1999-01-14,2020.0,RB,27.644079397672826
/nfl/rankings/ppr-cheatsheets.php,redraft-overall,ro,Jameson Williams,23677,WR,DET,52.92,9.35,35,88,,jameson-williams.php,,,95.8,,,,,,6.0,Jameson Williams,2026-09-04,DET,jameson williams,23677,23677.0,00-0037240,8148.0,2001-03-26,2022.0,WR,25.44832306639288
/nfl/rankings/ppr-cheatsheets.php,redraft-overall,ro,Tyler Warren,26434,TE,IND,53.36,10.12,22,73,,tyler-warren.php,,,99.4,,,,,,13.0,Tyler Warren,2026-09-04,IND,tyler warren,26434,26434.0,00-0040128,12518.0,2002-05-24,2025.0,TE,24.28747433264887
/nfl/rankings/ppr-cheatsheets.php,redraft-overall,ro,Christian Watson,23886,WR,GB,55.73,9.5,38,88,,christian-watson.php,,,92.7,,,,,,11.0,Christian Watson,2026-09-04,GBP,christian watson,23886,23886.0,00-0038124,8167.0,1999-05-12,2022.0,WR,27.32101300479124
/nfl/rankings/ppr-cheatsheets.php,redraft-overall,ro,Bucky Irving,25981,RB,TB,56.3,8.44,41,89,,bucky-irving.php,,,97.1,,,,,2.0,10.0,Bucky Irving,2026-09-04,TBB,bucky irving,25981,25981.0,00-0039361,11584.0,2002-08-19,2024.0,RB,24.04928131416838
/nfl/rankings/ppr-cheatsheets.php,redraft-overall,ro,Jayden Daniels,22902,QB,WAS,56.6,16.35,27,101,,jayden-daniels.php,,,98.6,,,,,,7.0,Jayden Daniels,2026-09-04,WAS,jayden daniels,22902,22902.0,00-0039910,11566.0,2000-12-18,2024.0,QB,25.71663244353183
/nfl/rankings/ppr-cheatsheets.php,redraft-overall,ro,Cam Skattebo,27166,RB,NYG,57.0,8.64,39,80,,cam-skattebo.php,,,98.7,,,,,,8.0,Cam Skattebo,2026-09-04,NYG,cam skattebo,27166,27166.0,00-0040715,12481.0,2002-02-05,2025.0,RB,24.583162217659137
/nfl/rankings/ppr-cheatsheets.php,redraft-overall,ro,Jalen Hurts,19275,QB,PHI,57.19,12.64,30,81,,jalen-hurts.php,,,98.7,,,,,,10.0,Jalen Hurts,2026-09-04,PHI,jalen hurts,19275,19275.0,00-0036389,6904.0,1998-08-07,2020.0,QB,28.082135523613964
/nfl/rankings/ppr-cheatsheets.php,redraft-overall,ro,Parker Washington,23106,WR,JAC,58.52,14.49,36,109,,parker-washington.php,,,91.7,,,,,,7.0,Parker Washington,2026-09-04,JAC,parker washington,23106,23106.0,00-0038606,9487.0,2002-03-21,2023.0,WR,24.462696783025326
/nfl/rankings/ppr-cheatsheets.php,redraft-overall,ro,Rome Odunze,25411,WR,CHI,58.87,9.6,40,91,,rome-odunze.php,,,95.7,,,,,,10.0,Rome Odunze,2026-09-04,CHI,rome odunze,25411,25411.0,00-0039919,11620.0,2002-06-03,2024.0,WR,24.26009582477755
/nfl/rankings/ppr-cheatsheets.php,redraft-overall,ro,Mike Evans,12119,WR,SF,59.7,12.13,36,109,,mike-evans.php,,,93.2,,,,,-3.0,8.0,Mike Evans,2026-09-04,SFO,mike evans,12119,12119.0,00-0031408,2216.0,1993-08-21,2014.0,WR,33.04312114989733
/nfl/rankings/ppr-cheatsheets.php,redraft-overall,ro,David Montgomery,18239,RB,HOU,60.31,8.63,41,78,,david-montgomery.php,,,95.8,,,,,,8.0,David Montgomery,2026-09-04,HOU,david montgomery,18239,18239.0,00-0035685,5892.0,1997-06-07,2019.0,RB,29.248459958932237
/nfl/rankings/ppr-cheatsheets.php,redraft-overall,ro,Quinshon Judkins,25391,RB,CLE,60.62,8.49,43,84,,quinshon-judkins.php,,,96.6,,,,,,11.0,Quinshon Judkins,2026-09-04,CLE,quinshon judkins,25391,25391.0,00-0040784,12512.0,2003-10-29,2025.0,RB,22.855578370978783
/nfl/rankings/ppr-cheatsheets.php,redraft-overall,ro,Caleb Williams,23084,QB,CHI,65.14,11.8,31,98,,caleb-williams.php,,,95.8,,,,,,10.0,Caleb Williams,2026-09-04,CHI,caleb williams,23084,23084.0,00-0039918,11560.0,2001-11-18,2024.0,QB,24.799452429842574
/nfl/rankings/ppr-cheatsheets.php,redraft-overall,ro,Bhayshul Tuten,27297,RB,JAC,65.97,9.9,43,89,,bhayshul-tuten.php,,,94.7,,,,,,7.0,Bhayshul Tuten,2026-09-04,JAC,bhayshul tuten,27297,27297.0,00-0040719,12490.0,2003-02-14,2025.0,RB,23.55920602327173
/nfl/rankings/ppr-cheatsheets.php,redraft-overall,ro,Jadarian Price,27329,RB,SEA,67.49,10.42,43,99,,jadarian-price.php,,,94.2,,,,,,11.0,Jadarian Price,2026-09-04,SEA,jadarian price,27329,27329.0,00-0041512,13286.0,2003-10-09,2026.0,RB,22.910335386721425
/nfl/rankings/ppr-cheatsheets.php,redraft-overall,ro,Carnell Tate,26009,WR,TEN,68.19,16.74,45,136,,carnell-tate.php,,,93.4,,,,,,9.0,Carnell Tate,2026-09-04,TEN,carnell tate,26009,26009.0,00-0041438,13279.0,2005-01-19,2026.0,WR,21.6290212183436
/nfl/rankings/ppr-cheatsheets.php,redraft-overall,ro,Marvin Harrison Jr.,23064,WR,ARI,69.24,13.21,40,110,,marvin-harrison-jr.php,,,92.8,,,,,,14.0,Marvin Harrison,2026-09-04,ARI,marvin harrison,23064,23064.0,00-0039849,11628.0,2002-08-11,2024.0,WR,24.071184120465436
/nfl/rankings/ppr-cheatsheets.php,redraft-overall,ro,TreVeyon Henderson,23065,RB,NE,70.95,9.66,50,93,,treveyon-henderson.php,,,94.4,,,,,,11.0,TreVeyon Henderson,2026-09-04,NEP,treveyon henderson,23065,23065.0,00-0040734,12529.0,2002-10-22,2025.0,RB,23.874058863791923
/nfl/rankings/ppr-cheatsheets.php,redraft-overall,ro,Justin Herbert,18635,QB,LAC,71.81,13.51,37,104,,justin-herbert.php,,,94.4,,,,,,7.0,Justin Herbert,2026-09-04,LAC,justin herbert,18635,18635.0,00-0036355,6797.0,1998-03-10,2020.0,QB,28.49281314168378
/nfl/rankings/ppr-cheatsheets.php,redraft-overall,ro,Rhamondre Stevenson,22726,RB,NE,74.02,9.46,56,118,,rhamondre-stevenson.php,,,92.0,,,,,,11.0,Rhamondre Stevenson,2026-09-04,NEP,rhamondre stevenson,22726,22726.0,00-0036875,7611.0,1998-02-23,2021.0,RB,28.53388090349076
/nfl/rankings/ppr-cheatsheets.php,redraft-overall,ro,Chris Godwin Jr.,16406,WR,TB,74.37,15.04,45,123,,chris-godwin.php,,,84.0,,,,,,10.0,Chris Godwin,2026-09-04,TBB,chris godwin,16406,16406.0,00-0033921,4037.0,1996-02-27,2017.0,WR,30.524298425735797
/nfl/rankings/ppr-cheatsheets.php,redraft-overall,ro,Jaylen Warren,24209,RB,PIT,74.43,8.34,56,99,,jaylen-warren.php,,,92.3,,,,,,9.0,Jaylen Warren,2026-09-04,PIT,jaylen warren,24209,24209.0,00-0037228,8228.0,1998-11-01,2022.0,RB,27.8466803559206
/nfl/rankings/ppr-cheatsheets.php,redraft-overall,ro,Harold Fannin Jr.,27050,TE,CLE,76.23,12.06,57,111,,harold-fannin-jr.php,,,96.6,,,,,,11.0,Harold Fannin,2026-09-04,CLE,harold fannin,27050,27050.0,00-0040663,12506.0,2004-07-20,2025.0,TE,22.130047912388775
/nfl/rankings/ppr-cheatsheets.php,redraft-overall,ro,Trevor Lawrence,19780,QB,JAC,76.37,13.23,37,114,,trevor-lawrence.php,,,91.6,,,,,,7.0,Trevor Lawrence,2026-09-04,JAC,trevor lawrence,19780,19780.0,00-0036971,7523.0,1999-10-06,2021.0,QB,26.91854893908282
/nfl/rankings/ppr-cheatsheets.php,redraft-overall,ro,Dak Prescott,15600,QB,DAL,77.92,12.49,37,108,,dak-prescott.php,,,95.0,,,,,,14.0,Dak Prescott,2026-09-04,DAL,dak prescott,15600,15600.0,00-0033077,3294.0,1993-07-29,2016.0,QB,33.106091718001366
/nfl/rankings/ppr-cheatsheets.php,redraft-overall,ro,Tucker Kraft,25298,TE,GB,78.75,14.69,32,131,,tucker-kraft.php,,,95.3,,,,,,11.0,Tucker Kraft,2026-09-04,GBP,tucker kraft,25298,25298.0,00-0038996,9484.0,2000-11-03,2023.0,TE,25.83983572895277
/nfl/rankings/ppr-cheatsheets.php,redraft-overall,ro,Kyle Pitts Sr.,20164,TE,ATL,78.83,11.39,60,110,,kyle-pitts.php,,,97.3,,,,,,11.0,Kyle Pitts,2026-09-04,ATL,kyle pitts,20164,20164.0,00-0036970,7553.0,2000-10-06,2021.0,TE,25.916495550992472
/nfl/rankings/ppr-cheatsheets.php,redraft-overall,ro,DK Metcalf,18219,WR,PIT,79.37,12.98,49,115,,dk-metcalf.php,,,92.3,,,,,,9.0,DK Metcalf,2026-09-04,PIT,dk metcalf,18219,18219.0,00-0035640,5846.0,1997-12-14,2019.0,WR,28.72826830937714
/nfl/rankings/ppr-cheatsheets.php,redraft-overall,ro,Brian Thomas Jr.,23000,WR,JAC,81.16,14.46,51,126,,brian-thomas-jr.php,,,89.6,,,,,,7.0,Brian Thomas,2026-09-04,JAC,brian thomas,23000,23000.0,00-0039893,11631.0,2002-10-08,2024.0,WR,23.912388774811774
/nfl/rankings/ppr-cheatsheets.php,redraft-overall,ro,Michael Pittman Jr.,19278,WR,PIT,81.63,13.08,52,116,,michael-pittman.php,,,84.3,,,,,,9.0,Michael Pittman,2026-09-04,PIT,michael pittman,19278,19278.0,00-0036252,6819.0,1997-10-05,2020.0,WR,28.919917864476385
/nfl/rankings/ppr-cheatsheets.php,redraft-overall,ro,Tony Pollard,18705,RB,TEN,84.99,10.61,65,120,,tony-pollard.php,,,89.7,,,,,,9.0,Tony Pollard,2026-09-04,TEN,tony pollard,18705,18705.0,00-0035261,5967.0,1997-04-30,2019.0,RB,29.352498288843258
/nfl/rankings/ppr-cheatsheets.php,redraft-overall,ro,Wan'Dale Robinson,22985,WR,TEN,85.64,12.2,49,128,,wandale-robinson.php,,,75.2,,,,,,9.0,WanDale Robinson,2026-09-04,TEN,wandale robinson,22985,22985.0,00-0038117,8126.0,2001-01-05,2022.0,WR,25.66735112936345
/nfl/rankings/ppr-cheatsheets.php,redraft-overall,ro,Sam LaPorta,22978,TE,DET,86.19,13.68,55,131,,sam-laporta.php,,,97.4,,,,,,6.0,Sam LaPorta,2026-09-04,DET,sam laporta,22978,22978.0,00-0039065,10859.0,2001-01-12,2023.0,TE,25.648186173853524
/nfl/rankings/ppr-cheatsheets.php,redraft-overall,ro,Courtland Sutton,17253,WR,DEN,86.25,15.44,55,121,,courtland-sutton.php,,,90.7,,,,,,10.0,Courtland Sutton,2026-09-04,DEN,courtland sutton,17253,17253.0,00-0034348,5045.0,1995-10-10,2018.0,WR,30.90759753593429
/nfl/rankings/ppr-cheatsheets.php,redraft-overall,ro,Rico Dowdle,19647,RB,PIT,87.26,12.33,66,120,,rico-dowdle.php,,,90.2,,,,,,9.0,Rico Dowdle,2026-09-04,PIT,rico dowdle,19647,19647.0,00-0036139,7021.0,1998-06-14,2020.0,RB,28.229979466119097
/nfl/rankings/ppr-cheatsheets.php,redraft-overall,ro,Josh Downs,24706,WR,IND,88.0,14.86,52,133,,josh-downs.php,,,79.6,,,,,,13.0,Josh Downs,2026-09-04,IND,josh downs,24706,24706.0,00-0038997,9500.0,2001-08-12,2023.0,WR,25.06776180698152
/nfl/rankings/ppr-cheatsheets.php,redraft-overall,ro,Michael Wilson,25333,WR,ARI,88.1,15.54,55,131,,michael-wilson.php,,,88.1,,,,,,14.0,Michael Wilson,2026-09-04,ARI,michael wilson,25333,25333.0,00-0038559,10232.0,2000-02-23,2023.0,WR,26.535249828884325
/nfl/rankings/ppr-cheatsheets.php,redraft-overall,ro,Jonathon Brooks,26148,RB,CAR,88.71,21.45,56,182,,jonathon-brooks.php,,,85.9,,,,,,5.0,Jonathon Brooks,2026-09-04,CAR,jonathon brooks,26148,26148.0,00-0039344,11583.0,2003-07-21,2024.0,RB,23.129363449691994
/nfl/rankings/ppr-cheatsheets.php,redraft-overall,ro,Quentin Johnston,23123,WR,LAC,93.76,15.8,68,149,,quentin-johnston.php,,,79.2,,,,,,7.0,Quentin Johnston,2026-09-04,LAC,quentin johnston,23123,23123.0,00-0038544,9754.0,2001-09-06,2023.0,WR,24.999315537303218
/nfl/rankings/ppr-cheatsheets.php,redraft-overall,ro,RJ Harvey,27142,RB,DEN,94.71,16.6,61,143,,rj-harvey.php,,,84.1,,,,,,10.0,RJ Harvey,2026-09-04,DEN,rj harvey,27142,27142.0,00-0040730,12489.0,2001-02-04,2025.0,RB,25.585215605749486
/nfl/rankings/ppr-cheatsheets.php,redraft-overall,ro,Brock Purdy,19797,QB,SF,96.42,10.36,63,119,,brock-purdy.php,,,86.2,,,,,,8.0,Brock Purdy,2026-09-04,SFO,brock purdy,19797,19797.0,00-0037834,8183.0,1999-12-27,2022.0,QB,26.694045174537987
/nfl/rankings/ppr-cheatsheets.php,redraft-overall,ro,Stefon Diggs,13981,WR,WAS,93.69,28.49,55,224,,stefon-diggs.php,,,84.5,,,,,5.0,7.0,Stefon Diggs,2026-09-04,WAS,stefon diggs,13981,13981.0,00-0031588,2449.0,1993-11-29,2015.0,WR,32.76933607118412
/nfl/rankings/ppr-cheatsheets.php,redraft-overall,ro,George Kittle,16499,TE,SF,97.7,12.8,66,144,,george-kittle.php,,,94.3,,,,,,8.0,George Kittle,2026-09-04,SFO,george kittle,16499,16499.0,00-0033288,4217.0,1993-10-09,2017.0,TE,32.90896646132786
/nfl/rankings/ppr-cheatsheets.php,redraft-overall,ro,Travis Kelce,11594,TE,KC,98.18,15.03,57,138,,travis-kelce.php,,,92.8,,,,,,5.0,Travis Kelce,2026-09-04,KCC,travis kelce,11594,11594.0,00-0030506,1466.0,1989-10-05,2013.0,TE,36.91991786447639
/nfl/rankings/ppr-cheatsheets.php,redraft-overall,ro,Kenny Gainwell,23310,RB,TB,98.34,14.32,67,143,,kenneth-gainwell.php,,,82.4,,,,,,10.0,Kenny Gainwell,2026-09-04,TBB,kenny gainwell,23310,23310.0,00-0036919,7567.0,1999-03-14,2021.0,RB,27.482546201232033
/nfl/rankings/ppr-cheatsheets.php,redraft-overall,ro,Jaxson Dart,23160,QB,NYG,98.35,13.68,59,126,,jaxson-dart.php,,,93.3,,,,,,8.0,Jaxson Dart,2026-09-04,NYG,jaxson dart,23160,23160.0,00-0040691,12508.0,2003-05-13,2025.0,QB,23.318275154004105
/nfl/rankings/ppr-cheatsheets.php,redraft-overall,ro,Bo Nix,22910,QB,DEN,98.53,9.53,70,120,,bo-nix.php,,,89.7,,,,,,10.0,Bo Nix,2026-09-04,DEN,bo nix,22910,22910.0,00-0039732,11563.0,2000-02-25,2024.0,QB,26.529774127310063
/nfl/rankings/ppr-cheatsheets.php,redraft-overall,ro,Chuba Hubbard,19792,RB,CAR,99.84,17.33,67,145,,chuba-hubbard.php,,,88.2,,,,,,5.0,Chuba Hubbard,2026-09-04,CAR,chuba hubbard,19792,19792.0,00-0036555,7594.0,1999-06-11,2021.0,RB,27.238877481177276
/nfl/rankings/ppr-cheatsheets.php,redraft-overall,ro,Alec Pierce,23791,WR,IND,100.28,19.94,52,142,,alec-pierce.php,,,85.9,,,,,,13.0,Alec Pierce,2026-09-04,IND,alec pierce,23791,23791.0,00-0037664,8142.0,2000-05-02,2022.0,WR,26.34633812457221
/nfl/rankings/ppr-cheatsheets.php,redraft-overall,ro,J.K. Dobbins,19245,RB,DEN,102.38,15.47,72,132,,jk-dobbins.php,,,86.7,,,,,,10.0,JK Dobbins,2026-09-04,DEN,jk dobbins,19245,19245.0,00-0036158,6806.0,1998-12-17,2020.0,RB,27.720739219712527
/nfl/rankings/ppr-cheatsheets.php,redraft-overall,ro,Patrick Mahomes II,16413,QB,KC,103.11,10.61,70,142,,patrick-mahomes.php,,,87.7,,,,,,5.0,Patrick Mahomes,2026-09-04,KCC,patrick mahomes,16413,16413.0,00-0033873,4046.0,1995-09-17,2017.0,QB,30.97056810403833
/nfl/rankings/ppr-cheatsheets.php,redraft-overall,ro,Jayden Reed,23020,WR,GB,103.17,16.45,64,140,,jayden-reed.php,,,81.1,,,,,,11.0,Jayden Reed,2026-09-04,GBP,jayden reed,23020,23020.0,00-0039146,10222.0,2000-04-28,2023.0,WR,26.357289527720738
/nfl/rankings/ppr-cheatsheets.php,redraft-overall,ro,Jared Goff,15501,QB,DET,105.55,10.76,63,132,,jared-goff.php,,,76.4,,,,,,6.0,Jared Goff,2026-09-04,DET,jared goff,15501,15501.0,00-0033106,3163.0,1994-10-14,2016.0,QB,31.89596167008898
/nfl/rankings/ppr-cheatsheets.php,redraft-overall,ro,Matthew Stafford,9451,QB,LAR,105.93,10.19,74,129,,matthew-stafford.php,,,92.9,,,,,,11.0,Matthew Stafford,2026-09-04,LAR,matthew stafford,9451,9451.0,00-0026498,421.0,1988-02-07,2009.0,QB,38.57905544147844
/nfl/rankings/ppr-cheatsheets.php,redraft-overall,ro,Jakobi Meyers,18598,WR,JAC,107.87,18.26,71,150,,jakobi-meyers.php,,,70.6,,,,,,7.0,Jakobi Meyers,2026-09-04,JAC,jakobi meyers,18598,18598.0,00-0034960,5947.0,1996-11-09,2019.0,WR,29.82340862422998
/nfl/rankings/ppr-cheatsheets.php,redraft-overall,ro,Jordan Addison,23107,WR,MIN,107.99,15.61,68,150,,jordan-addison.php,,,82.7,,,,,,6.0,Jordan Addison,2026-09-04,MIN,jordan addison,23107,23107.0,00-0038994,9756.0,2002-01-27,2023.0,WR,24.607802874743328
/nfl/rankings/ppr-cheatsheets.php,redraft-overall,ro,Makai Lemon,25420,WR,PHI,108.06,20.16,68,180,,makai-lemon.php,,,79.4,,,,,,10.0,Makai Lemon,2026-09-04,PHI,makai lemon,25420,25420.0,00-0040867,13294.0,2004-06-02,2026.0,WR,22.261464750171115
/nfl/rankings/ppr-cheatsheets.php,redraft-overall,ro,KC Concepcion,27331,WR,CLE,108.19,18.14,71,150,,kevin-concepcion.php,,,72.4,,,,,,11.0,KC Concepcion,2026-09-04,CLE,kc concepcion,27331,27331.0,00-0041547,13298.0,2004-09-24,2026.0,WR,21.949349760438057
/nfl/rankings/ppr-cheatsheets.php,redraft-overall,ro,MarShawn Lloyd,23118,RB,GB,106.21,47.96,58,284,,marshawn-lloyd.php,,,76.7,,,,,20.0,11.0,MarShawn Lloyd,2026-09-04,GBP,marshawn lloyd,23118,23118.0,00-0039811,11581.0,2001-01-05,2024.0,RB,25.66735112936345
/nfl/rankings/ppr-cheatsheets.php,redraft-overall,ro,Blake Corum,23013,RB,LAR,109.75,15.19,78,141,,blake-corum.php,,,83.4,,,,,,11.0,Blake Corum,2026-09-04,LAR,blake corum,23013,23013.0,00-0039738,11586.0,2000-11-25,2024.0,RB,25.779603011635867
/nfl/rankings/ppr-cheatsheets.php,redraft-overall,ro,Dalton Kincaid,25247,TE,BUF,111.01,12.69,85,144,,dalton-kincaid.php,,,86.6,,,,,,7.0,Dalton Kincaid,2026-09-04,BUF,dalton kincaid,25247,25247.0,00-0038933,10236.0,1999-10-18,2023.0,TE,26.885694729637233
/nfl/rankings/ppr-cheatsheets.php,redraft-overall,ro,Rachaad White,23891,RB,WAS,112.32,16.05,75,148,,rachaad-white.php,,,68.9,,,,,,7.0,Rachaad White,2026-09-04,WAS,rachaad white,23891,23891.0,00-0037256,8136.0,1999-01-12,2022.0,RB,27.64955509924709
/nfl/rankings/ppr-cheatsheets.php,redraft-overall,ro,Jordan Mason,22969,RB,MIN,113.61,18.14,75,148,,jordan-mason.php,,,77.1,,,,,,6.0,Jordan Mason,2026-09-04,MIN,jordan mason,22969,22969.0,00-0037525,8408.0,1999-05-24,2022.0,RB,27.288158795345655
/nfl/rankings/ppr-cheatsheets.php,redraft-overall,ro,Kyler Murray,18600,QB,MIN,113.74,9.41,98,147,,kyler-murray.php,,,68.5,,,,,,6.0,Kyler Murray,2026-09-04,MIN,kyler murray,18600,18600.0,00-0035228,5849.0,1997-08-07,2019.0,QB,29.08145106091718
/nfl/rankings/ppr-cheatsheets.php,redraft-overall,ro,Jacory Croskey-Merritt,27316,RB,WAS,114.54,15.84,67,141,,jacory-croskeymerritt.php,,,78.8,,,,,,7.0,Jacory Croskey-Merritt,2026-09-04,WAS,jacory croskey-merritt,27316,27316.0,00-0040242,12533.0,2001-04-12,2025.0,RB,25.401779603011637
/nfl/rankings/ppr-cheatsheets.php,redraft-overall,ro,Jordan Love,19246,QB,GB,116.43,8.9,98,145,,jordan-love.php,,,56.5,,,,,,11.0,Jordan Love,2026-09-04,GBP,jordan love,19246,19246.0,00-0036264,6804.0,1998-11-02,2020.0,QB,27.84394250513347
/nfl/rankings/ppr-cheatsheets.php,redraft-overall,ro,Aaron Jones Sr.,16673,RB,MIN,117.76,16.04,86,152,,aaron-jones.php,,,75.6,,,,,,6.0,Aaron Jones,2026-09-04,MIN,aaron jones,16673,16673.0,00-0033293,4199.0,1994-12-02,2017.0,RB,31.761806981519506
/nfl/rankings/ppr-cheatsheets.php,redraft-overall,ro,Baker Mayfield,17237,QB,TB,118.46,8.97,92,144,,baker-mayfield.php,,,60.6,,,,,,10.0,Baker Mayfield,2026-09-04,TBB,baker mayfield,17237,17237.0,00-0034855,4892.0,1995-04-14,2018.0,QB,31.397672826830938
/nfl/rankings/ppr-cheatsheets.php,redraft-overall,ro,Isaiah Likely,23781,TE,NYG,118.57,26.71,87,226,,isaiah-likely.php,,,85.2,,,,,2.0,8.0,Isaiah Likely,2026-09-04,NYG,isaiah likely,23781,23781.0,00-0037838,8131.0,2000-04-18,2022.0,TE,26.38466803559206
/nfl/rankings/ppr-cheatsheets.php,redraft-overall,ro,Dallas Goedert,17270,TE,PHI,119.37,17.06,85,158,,dallas-goedert.php,,,87.7,,,,,,10.0,Dallas Goedert,2026-09-04,PHI,dallas goedert,17270,17270.0,00-0034351,5022.0,1995-01-03,2018.0,TE,31.67419575633128
/nfl/rankings/ppr-cheatsheets.php,redraft-overall,ro,Jake Ferguson,22718,TE,DAL,119.93,19.24,81,181,,jake-ferguson.php,,,84.4,,,,,,14.0,Jake Ferguson,2026-09-04,DAL,jake ferguson,22718,22718.0,00-0038041,8110.0,1999-01-18,2022.0,TE,27.633127994524298
/nfl/rankings/ppr-cheatsheets.php,redraft-overall,ro,Kyle Monangai,27131,RB,CHI,120.02,14.09,86,162,,kyle-monangai.php,,,80.9,,,,,,10.0,Kyle Monangai,2026-09-04,CHI,kyle monangai,27131,27131.0,00-0040236,12534.0,2002-06-06,2025.0,RB,24.251882272416154
/nfl/rankings/ppr-cheatsheets.php,redraft-overall,ro,De'Zhaun Stribling,28138,WR,SF,121.47,34.93,62,303,,dezhaun-stribling.php,,,66.5,,,,,,8.0,DeZhaun Stribling,2026-09-04,SFO,dezhaun stribling,28138,28138.0,00-0041035,13417.0,2002-12-18,2026.0,WR,23.718001368925393
/nfl/rankings/ppr-cheatsheets.php,redraft-overall,ro,Khalil Shakir,23748,WR,BUF,122.63,16.45,69,168,,khalil-shakir.php,,,60.1,,,,,,7.0,Khalil Shakir,2026-09-04,BUF,khalil shakir,23748,23748.0,00-0037261,8134.0,2000-02-03,2022.0,WR,26.590006844626966
/nfl/rankings/ppr-cheatsheets.php,redraft-overall,ro,Matthew Golden,26024,WR,GB,124.75,20.24,81,202,,matthew-golden.php,,,78.5,,,,,,11.0,Matthew Golden,2026-09-04,GBP,matthew golden,26024,26024.0,00-0040667,12501.0,2003-08-01,2025.0,WR,23.09924709103354
/nfl/rankings/ppr-cheatsheets.php,redraft-overall,ro,Jalen Coker,26403,WR,CAR,124.94,15.22,91,176,,jalen-coker.php,,,57.0,,,,,,5.0,Jalen Coker,2026-09-04,CAR,jalen coker,26403,26403.0,00-0039491,11646.0,2001-10-30,2024.0,WR,24.851471594798085
/nfl/rankings/ppr-cheatsheets.php,redraft-overall,ro,Tyler Shough,23096,QB,NO,125.2,12.5,98,183,,tyler-shough.php,,,44.6,,,,,,8.0,Tyler Shough,2026-09-04,NOS,tyler shough,23096,23096.0,00-0040743,12545.0,1999-09-28,2025.0,QB,26.940451745379878
/nfl/rankings/ppr-cheatsheets.php,redraft-overall,ro,Romeo Doubs,23794,WR,NE,126.88,15.13,90,180,,romeo-doubs.php,,,62.6,,,,,,11.0,Romeo Doubs,2026-09-04,NEP,romeo doubs,23794,23794.0,00-0037816,8121.0,2000-04-13,2022.0,WR,26.39835728952772
/nfl/rankings/ppr-cheatsheets.php,redraft-overall,ro,Juwan Johnson,19562,TE,NO,127.67,19.32,87,173,,juwan-johnson.php,,,48.7,,,,,,8.0,Juwan Johnson,2026-09-04,NOS,juwan johnson,19562,19562.0,00-0036040,7002.0,1996-09-13,2020.0,TE,29.97946611909651
/nfl/rankings/ppr-cheatsheets.php,redraft-overall,ro,Malik Willis,23499,QB,MIA,128.78,18.79,104,255,,malik-willis.php,,,32.6,,,,,,6.0,Malik Willis,2026-09-04,MIA,malik willis,23499,23499.0,00-0038128,8161.0,1999-05-25,2022.0,QB,27.28542094455852
/nfl/rankings/ppr-cheatsheets.php,redraft-overall,ro,Xavier Worthy,23019,WR,KC,129.83,14.24,100,180,,xavier-worthy.php,,,67.7,,,,,,5.0,Xavier Worthy,2026-09-04,KCC,xavier worthy,23019,23019.0,00-0039894,11624.0,2003-04-27,2024.0,WR,23.362080766598222
/nfl/rankings/ppr-cheatsheets.php,redraft-overall,ro,Mark Andrews,17269,TE,BAL,133.61,23.71,87,236,,mark-andrews.php,,,83.6,,,,,,13.0,Mark Andrews,2026-09-04,BAL,mark andrews,17269,17269.0,00-0034753,5012.0,1995-09-06,2018.0,TE,31.000684462696782
/nfl/rankings/ppr-cheatsheets.php,redraft-overall,ro,Woody Marks,27520,RB,HOU,135.81,13.9,102,189,,woody-marks.php,,,55.2,,,,,,8.0,Woody Marks,2026-09-04,HOU,woody marks,27520,27520.0,00-0040583,12474.0,2000-12-29,2025.0,RB,25.686516084873375
/nfl/rankings/ppr-cheatsheets.php,redraft-overall,ro,Tyler Allgeier,24172,RB,ARI,136.5,13.57,99,182,,tyler-allgeier.php,,,47.7,,,,,,14.0,Tyler Allgeier,2026-09-04,ARI,tyler allgeier,24172,24172.0,00-0037263,8132.0,2000-04-15,2022.0,RB,26.392881587953458
/nfl/rankings/ppr-cheatsheets.php,redraft-overall,ro,Sam Darnold,17236,QB,SEA,138.31,12.86,113,212,,sam-darnold.php,,,38.2,,,,,,11.0,Sam Darnold,2026-09-04,SEA,sam darnold,17236,17236.0,00-0034869,4943.0,1997-06-05,2018.0,QB,29.253935660506503
/nfl/rankings/ppr-cheatsheets.php,redraft-overall,ro,Jordyn Tyson,26035,WR,NO,138.63,30.35,71,232,,jordyn-tyson.php,,,60.3,,,,,,8.0,Jordyn Tyson,2026-09-04,NOS,jordyn tyson,26035,26035.0,00-0041029,13281.0,2004-08-12,2026.0,WR,22.067077344284737
/nfl/rankings/ppr-cheatsheets.php,redraft-overall,ro,Tyjae Spears,25323,RB,TEN,140.39,15.58,89,182,,tyjae-spears.php,,,45.9,,,,,,9.0,Tyjae Spears,2026-09-04,TEN,tyjae spears,25323,25323.0,00-0039032,9508.0,2001-06-15,2023.0,RB,25.22655715263518
/nfl/rankings/ppr-cheatsheets.php,redraft-overall,ro,Chris Rodriguez Jr.,22986,RB,JAC,141.1,17.66,102,234,,chris-rodriguez-jr.php,,,51.3,,,,,,7.0,Chris Rodriguez,2026-09-04,JAC,chris rodriguez,22986,22986.0,00-0038611,10219.0,2000-09-26,2023.0,RB,25.94387405886379
/nfl/rankings/ppr-cheatsheets.php,redraft-overall,ro,Deebo Samuel Sr.,18244,WR,SF,140.72,30.3,83,241,,deebo-samuel.php,,,63.0,,,,,,8.0,Deebo Samuel,2026-09-04,SFO,deebo samuel,18244,18244.0,00-0035719,5872.0,1996-01-15,2019.0,WR,30.642026009582477
/nfl/rankings/ppr-cheatsheets.php,redraft-overall,ro,C.J. Stroud,23071,QB,HOU,143.15,13.02,108,208,,cj-stroud.php,,,28.3,,,,,,8.0,CJ Stroud,2026-09-04,HOU,cj stroud,23071,23071.0,00-0039163,9758.0,2001-10-03,2023.0,QB,24.92539356605065
/nfl/rankings/ppr-cheatsheets.php,redraft-overall,ro,Daniel Jones,18232,QB,IND,146.36,20.49,119,255,,daniel-jones.php,,,29.9,,,,,,13.0,Daniel Jones,2026-09-04,IND,daniel jones,18232,18232.0,00-0035710,5870.0,1997-05-27,2019.0,QB,29.27857631759069
/nfl/rankings/ppr-cheatsheets.php,redraft-overall,ro,Rashid Shaheed,24687,WR,SEA,146.98,17.44,115,205,,rashid-shaheed.php,,,50.6,,,,,,11.0,Rashid Shaheed,2026-09-04,SEA,rashid shaheed,24687,24687.0,00-0037545,8676.0,1998-08-31,2022.0,WR,28.016427104722794
/nfl/rankings/ppr-cheatsheets.php,redraft-overall,ro,Dylan Sampson,27102,RB,CLE,148.97,19.74,89,231,,dylan-sampson.php,,,20.5,,,,,,11.0,Dylan Sampson,2026-09-04,CLE,dylan sampson,27102,27102.0,00-0040162,12469.0,2004-09-14,2025.0,RB,21.976728268309376
/nfl/rankings/ppr-cheatsheets.php,redraft-overall,ro,Jonah Coleman,27320,RB,DEN,149.36,19.28,116,221,,jonah-coleman.php,,,33.3,,,,,,10.0,Jonah Coleman,2026-09-04,DEN,jonah coleman,27320,27320.0,00-0041496,13345.0,2003-08-20,2026.0,RB,23.04722792607803
/nfl/rankings/ppr-cheatsheets.php,redraft-overall,ro,Keaton Mitchell,25360,RB,LAC,152.54,27.63,102,314,,keaton-mitchell.php,,,33.4,,,,,,7.0,Keaton Mitchell,2026-09-04,LAC,keaton mitchell,25360,25360.0,00-0038454,9511.0,2002-01-17,2023.0,RB,24.635181382614647
/nfl/rankings/ppr-cheatsheets.php,redraft-overall,ro,Denzel Boston,27339,WR,CLE,153.85,29.81,107,299,,denzel-boston.php,,,34.5,,,,,,11.0,Denzel Boston,2026-09-04,CLE,denzel boston,27339,27339.0,00-0041037,13346.0,2003-12-06,2026.0,WR,22.751540041067763
/nfl/rankings/ppr-cheatsheets.php,redraft-overall,ro,Mike Washington Jr.,28108,RB,LV,152.53,26.25,103,248,,mike-washington-jr.php,,,52.2,,,,,8.0,13.0,Mike Washington,2026-09-04,LVR,mike washington,28108,28108.0,WAS569019,13305.0,2003-07-03,2026.0,RB,23.17864476386037
/nfl/rankings/ppr-cheatsheets.php,redraft-overall,ro,Zach Charbonnet,23152,RB,SEA,156.22,28.12,117,292,,zach-charbonnet.php,,,56.4,,,,,,11.0,Zach Charbonnet,2026-09-04,SEA,zach charbonnet,23152,23152.0,00-0039165,9753.0,2001-01-08,2023.0,RB,25.659137577002053
/nfl/rankings/ppr-cheatsheets.php,redraft-overall,ro,Cam Ward,24755,QB,TEN,158.85,24.06,119,255,,cam-ward.php,,,15.1,,,,,,9.0,Cam Ward,2026-09-04,TEN,cam ward,24755,24755.0,00-0040676,12522.0,2002-05-25,2025.0,QB,24.28473648186174
/nfl/rankings/ppr-cheatsheets.php,redraft-overall,ro,Josh Jacobs,18269,RB,GB,147.99,66.57,39,394,,josh-jacobs.php,,,94.3,,,,,-33.0,11.0,Josh Jacobs,2026-09-04,GBP,josh jacobs,18269,18269.0,00-0035700,5850.0,1998-02-11,2019.0,RB,28.566735112936346
/nfl/rankings/ppr-cheatsheets.php,redraft-overall,ro,Brenton Strange,25345,TE,JAC,160.94,25.18,111,236,,brenton-strange.php,,,38.3,,,,,,7.0,Brenton Strange,2026-09-04,JAC,brenton strange,25345,25345.0,00-0038935,9480.0,2000-12-27,2023.0,TE,25.691991786447637
/nfl/rankings/ppr-cheatsheets.php,redraft-overall,ro,Tre Tucker,25337,WR,LV,159.03,26.97,115,247,,tre-tucker.php,,,27.9,,,,,,13.0,Tre Tucker,2026-09-04,LVR,tre tucker,25337,25337.0,00-0038563,10213.0,2001-03-08,2023.0,WR,25.49760438056126
/nfl/rankings/ppr-cheatsheets.php,redraft-overall,ro,Dalton Schultz,17349,TE,HOU,162.07,22.67,111,206,,dalton-schultz.php,,,31.2,,,,,,8.0,Dalton Schultz,2026-09-04,HOU,dalton schultz,17349,17349.0,00-0034383,5001.0,1996-07-11,2018.0,TE,30.154688569472963
/nfl/rankings/ppr-cheatsheets.php,redraft-overall,ro,Houston Texans,8120,DST,HOU,153.67,5.61,143,175,,houston-defense.php,,,98.0,,,,,,8.0,Houston Texans,2026-09-04,HOU,houston texans,8120,,,,,1970.0,,
/nfl/rankings/ppr-cheatsheets.php,redraft-overall,ro,Chig Okonkwo,23982,TE,WAS,163.01,22.77,112,226,,chigoziem-okonkwo.php,,,28.7,,,,,,7.0,Chigoziem Okonkwo,2026-09-04,WAS,chig okonkwo,23982,23982.0,00-0037809,8210.0,1999-09-08,2022.0,TE,26.99520876112252
/nfl/rankings/ppr-cheatsheets.php,redraft-overall,ro,Hunter Henry,15561,TE,NE,167.1,25.75,112,236,,hunter-henry.php,,,60.2,,,,,,11.0,Hunter Henry,2026-09-04,NEP,hunter henry,15561,15561.0,00-0033090,3214.0,1994-12-07,2016.0,TE,31.748117727583846
/nfl/rankings/ppr-cheatsheets.php,redraft-overall,ro,Alvin Kamara,16421,RB,NO,168.28,34.47,102,317,,alvin-kamara.php,,,38.6,,,,,,8.0,Alvin Kamara,2026-09-04,NOS,alvin kamara,16421,16421.0,00-0033906,4035.0,1995-07-25,2017.0,RB,31.11841204654346
/nfl/rankings/ppr-cheatsheets.php,redraft-overall,ro,Adonai Mitchell,24357,WR,NYJ,169.01,26.15,126,258,,adonai-mitchell.php,,,14.6,,,,,,13.0,Adonai Mitchell,2026-09-04,NYJ,adonai mitchell,24357,24357.0,00-0039890,11625.0,2002-10-08,2024.0,WR,23.912388774811774
/nfl/rankings/ppr-cheatsheets.php,redraft-overall,ro,Bryce Young,22900,QB,CAR,169.51,27.8,134,326,,bryce-young.php,,,15.7,,,,,,5.0,Bryce Young,2026-09-04,CAR,bryce young,22900,22900.0,00-0039150,9228.0,2001-07-25,2023.0,QB,25.117043121149898
/nfl/rankings/ppr-cheatsheets.php,redraft-overall,ro,Tank Bigsby,22908,RB,PHI,170.74,25.53,131,257,,tank-bigsby.php,,,29.7,,,,,,10.0,Tank Bigsby,2026-09-04,PHI,tank bigsby,22908,22908.0,00-0038555,9225.0,2001-08-30,2023.0,RB,25.018480492813143
/nfl/rankings/ppr-cheatsheets.php,redraft-overall,ro,Kayshon Boutte,22989,WR,HOU,169.75,26.05,121,277,,kayshon-boutte.php,,,18.0,,,,,,8.0,Kayshon Boutte,2026-09-04,HOU,kayshon boutte,22989,22989.0,00-0038608,9504.0,2002-05-07,2023.0,WR,24.334017796030118
/nfl/rankings/ppr-cheatsheets.php,redraft-overall,ro,Jerry Jeudy,19201,WR,CLE,170.19,28.08,115,272,,jerry-jeudy.php,,,22.2,,,,,,11.0,Jerry Jeudy,2026-09-04,CLE,jerry jeudy,19201,19201.0,00-0036407,6783.0,1999-04-24,2020.0,WR,27.370294318959616
/nfl/rankings/ppr-cheatsheets.php,redraft-overall,ro,Tyrone Tracy Jr.,22980,RB,NYG,173.85,41.6,120,311,,tyrone-tracy-jr.php,,,24.4,,,,,,8.0,Tyrone Tracy,2026-09-04,NYG,tyrone tracy,22980,22980.0,00-0039384,11655.0,1999-11-23,2024.0,RB,26.78713210130048
/nfl/rankings/ppr-cheatsheets.php,redraft-overall,ro,Denver Broncos,8090,DST,DEN,164.44,7.26,149,209,,denver-defense.php,,,97.9,,,,,,10.0,Denver Broncos,2026-09-04,DEN,denver broncos,8090,,,,1970-10-03,1992.0,,55.92607802874743
/nfl/rankings/ppr-cheatsheets.php,redraft-overall,ro,Jalen McMillan,23179,WR,TB,175.82,26.1,137,296,,jalen-mcmillan.php,,,22.2,,,,,,10.0,Jalen McMillan,2026-09-04,TBB,jalen mcmillan,23179,23179.0,00-0039855,11618.0,2001-12-07,2024.0,WR,24.747433264887064
/nfl/rankings/ppr-cheatsheets.php,redraft-overall,ro,Los Angeles Rams,8280,DST,LAR,164.96,7.67,145,186,,los-angeles-rams-defense.php,,,88.3,,,,,,11.0,Los Angeles Rams,2026-09-04,LAR,los angeles rams,8280,,,,,,,
/nfl/rankings/ppr-cheatsheets.php,redraft-overall,ro,Braelon Allen,24346,RB,NYJ,177.59,28.87,132,292,,braelon-allen.php,,,16.9,,,,,,13.0,Braelon Allen,2026-09-04,NYJ,braelon allen,24346,24346.0,00-0039794,11576.0,2004-01-20,2024.0,RB,22.628336755646817
/nfl/rankings/ppr-cheatsheets.php,redraft-overall,ro,Seattle Seahawks,8260,DST,SEA,167.18,5.83,151,194,,seattle-defense.php,,,96.8,,,,,,11.0,Seattle Seahawks,2026-09-04,SEA,seattle seahawks,8260,,,,,1970.0,,
/nfl/rankings/ppr-cheatsheets.php,redraft-overall,ro,Jauan Jennings,19590,WR,MIN,175.56,33.36,115,307,,jauan-jennings.php,,,15.4,,,,,,6.0,Jauan Jennings,2026-09-04,MIN,jauan jennings,19590,19590.0,00-0036259,7049.0,1997-07-10,2020.0,WR,29.15811088295688
/nfl/rankings/ppr-cheatsheets.php,redraft-overall,ro,Omar Cooper Jr.,28127,WR,NYJ,181.61,34.85,123,302,,omar-cooper-jr.php,,,16.0,,,,,,13.0,Omar Cooper,2026-09-04,NYJ,omar cooper,28127,28127.0,00-0041511,13276.0,2003-12-14,2026.0,WR,22.729637234770706
/nfl/rankings/ppr-cheatsheets.php,redraft-overall,ro,Emmett Johnson,28107,RB,KC,183.79,37.82,132,329,,emmett-johnson.php,,,15.5,,,,,,5.0,Emmett Johnson,2026-09-04,KCC,emmett johnson,28107,28107.0,00-0041013,13337.0,2003-10-10,2026.0,RB,22.90759753593429
/nfl/rankings/ppr-cheatsheets.php,redraft-overall,ro,Tre' Harris,26215,WR,LAC,182.09,30.34,123,303,,tre-harris.php,,,6.9,,,,,,7.0,Tre Harris,2026-09-04,LAC,tre harris,26215,26215.0,00-0040727,12509.0,2002-02-28,2025.0,WR,24.520191649555098
/nfl/rankings/ppr-cheatsheets.php,redraft-overall,ro,Brian Robinson Jr.,20094,RB,ATL,182.38,25.04,141,263,,brian-robinson-jr.php,,,34.4,,,,,,11.0,Brian Robinson,2026-09-04,ATL,brian robinson,20094,20094.0,00-0037746,8154.0,1999-03-22,2022.0,RB,27.460643394934976
/nfl/rankings/ppr-cheatsheets.php,redraft-overall,ro,Dontayvion Wicks,24354,WR,PHI,182.79,32.6,109,272,,dontayvion-wicks.php,,,12.1,,,,,,10.0,Dontayvion Wicks,2026-09-04,PHI,dontayvion wicks,24354,24354.0,00-0038393,9486.0,2001-06-16,2023.0,WR,25.22381930184805
/nfl/rankings/ppr-cheatsheets.php,redraft-overall,ro,Pat Bryant,27211,WR,DEN,184.61,27.51,115,293,,pat-bryant.php,,,6.8,,,,,,10.0,Pat Bryant,2026-09-04,DEN,pat bryant,27211,27211.0,00-0040134,12492.0,2002-12-10,2025.0,WR,23.73990417522245
/nfl/rankings/ppr-cheatsheets.php,redraft-overall,ro,Philadelphia Eagles,8230,DST,PHI,175.18,8.83,156,235,,philadelphia-defense.php,,,87.4,,,,,,10.0,Philadelphia Eagles,2026-09-04,PHI,philadelphia eagles,8230,,,,,1992.0,,
/nfl/rankings/ppr-cheatsheets.php,redraft-overall,ro,Ryan Flournoy,26398,WR,DAL,185.74,29.71,126,327,,ryan-flournoy.php,,,7.9,,,,,,14.0,Ryan Flournoy,2026-09-04,DAL,ryan flournoy,26398,26398.0,00-0039410,11783.0,1999-10-27,2024.0,WR,26.861054072553046
/nfl/rankings/ppr-cheatsheets.php,redraft-overall,ro,T.J. Hockenson,18290,TE,MIN,188.02,27.92,87,299,,tj-hockenson.php,,,43.9,,,,,,6.0,TJ Hockenson,2026-09-04,MIN,tj hockenson,18290,18290.0,00-0035229,5844.0,1997-07-03,2019.0,TE,29.177275838466805
/nfl/rankings/ppr-cheatsheets.php,redraft-overall,ro,Malik Washington,26314,WR,MIA,189.21,35.27,83,296,,malik-washington.php,,,18.8,,,,,,6.0,Malik Washington,2026-09-04,MIA,malik washington,26314,26314.0,00-0039880,11610.0,2001-01-04,2024.0,WR,25.67008898015058
/nfl/rankings/ppr-cheatsheets.php,redraft-overall,ro,Brandon Aubrey,26068,K,DAL,185.55,7.32,137,192,,brandon-aubrey.php,,,99.8,,,,,,14.0,Brandon Aubrey,2026-09-04,DAL,brandon aubrey,26068,26068.0,00-0037692,11533.0,1995-03-14,2023.0,PK,31.482546201232033
/nfl/rankings/ppr-cheatsheets.php,redraft-overall,ro,Ray Davis,26191,RB,BUF,190.37,33.25,134,263,,ray-davis.php,,,13.2,,,,,,7.0,Ray Davis,2026-09-04,BUF,ray davis,26191,26191.0,00-0039875,11575.0,1999-11-11,2024.0,RB,26.819986310746064
/nfl/rankings/ppr-cheatsheets.php,redraft-overall,ro,Minnesota Vikings,8170,DST,MIN,186.53,12.28,162,251,,minnesota-defense.php,,,67.0,,,,,,6.0,Minnesota Vikings,2026-09-04,MIN,minnesota vikings,8170,,,,,1970.0,,
/nfl/rankings/ppr-cheatsheets.php,redraft-overall,ro,Pittsburgh Steelers,8240,DST,PIT,186.75,7.15,164,224,,pittsburgh-defense.php,,,72.5,,,,,,9.0,Pittsburgh Steelers,2026-09-04,PIT,pittsburgh steelers,8240,,,,,1970.0,,
/nfl/rankings/ppr-cheatsheets.php,redraft-overall,ro,New England Patriots,8180,DST,NE,187.17,20.09,161,356,,new-england-defense.php,,,84.6,,,,,,11.0,New England Patriots,2026-09-04,NEP,new england patriots,8180,,,,,1989.0,,
/nfl/rankings/ppr-cheatsheets.php,redraft-overall,ro,Keenan Allen,11616,WR,IND,192.19,53.81,110,293,,keenan-allen.php,,,27.0,,,,,,13.0,Keenan Allen,2026-09-04,IND,keenan allen,11616,11616.0,00-0030279,1479.0,1992-04-27,2013.0,WR,34.36002737850787
/nfl/rankings/ppr-cheatsheets.php,redraft-overall,ro,Jalen Nailor,24177,WR,LV,194.41,32.3,128,302,,jalen-nailor.php,,,24.2,,,,,,13.0,Jalen Nailor,2026-09-04,LVR,jalen nailor,24177,24177.0,00-0037291,8180.0,1999-03-02,2022.0,WR,27.515400410677618
/nfl/rankings/ppr-cheatsheets.php,redraft-overall,ro,Jacoby Brissett,15642,QB,ARI,196.67,38.68,139,338,,jacoby-brissett.php,,,9.4,,,,,,14.0,Jacoby Brissett,2026-09-04,ARI,jacoby brissett,15642,15642.0,00-0033119,3257.0,1992-12-11,2016.0,QB,33.73579739904175
/nfl/rankings/ppr-cheatsheets.php,redraft-overall,ro,Jacksonville Jaguars,8140,DST,JAC,188.99,13.61,153,279,,jacksonville-defense.php,,,75.8,,,,,,7.0,Jacksonville Jaguars,2026-09-04,JAC,jacksonville jaguars,8140,,,,,1992.0,,
/nfl/rankings/ppr-cheatsheets.php,redraft-overall,ro,Isiah Pacheco,24333,RB,DET,192.34,43.37,143,311,,isiah-pacheco.php,,,33.2,,,,,-7.0,6.0,Isiah Pacheco,2026-09-04,DET,isiah pacheco,24333,24333.0,00-0037197,8205.0,1999-03-02,2022.0,RB,27.515400410677618
/nfl/rankings/ppr-cheatsheets.php,redraft-overall,ro,Ka'imi Fairbairn,15756,K,HOU,192.36,6.93,136,211,,kaimi-fairbairn.php,,,96.2,,,,,,8.0,Kaimi Fairbairn,2026-09-04,HOU,kaimi fairbairn,15756,15756.0,00-0032726,3451.0,1994-01-29,2016.0,PK,32.602327173169066
/nfl/rankings/ppr-cheatsheets.php,redraft-overall,ro,Cameron Dicker,23901,K,LAC,194.55,14.61,151,333,,cameron-dicker.php,,,98.3,,,,,,7.0,Cameron Dicker,2026-09-04,LAC,cameron dicker,23901,23901.0,00-0037224,8259.0,2000-05-06,2022.0,PK,26.33538672142368
/nfl/rankings/ppr-cheatsheets.php,redraft-overall,ro,Los Angeles Chargers,8250,DST,LAC,191.65,13.22,171,280,,los-angeles-chargers-defense.php,,,50.8,,,,,,7.0,Los Angeles Chargers,2026-09-04,LAC,los angeles chargers,8250,,,,,,,
/nfl/rankings/ppr-cheatsheets.php,redraft-overall,ro,Baltimore Ravens,8020,DST,BAL,196.77,16.19,171,280,,baltimore-defense.php,,,63.0,,,,,,13.0,Baltimore Ravens,2026-09-04,BAL,baltimore ravens,8020,,,,,1970.0,,
/nfl/rankings/ppr-cheatsheets.php,redraft-overall,ro,Travis Hunter,26034,WR,JAC,197.59,38.48,128,347,,travis-hunter.php,,,64.7,,,,,,7.0,Travis Hunter,2026-09-04,JAC,travis hunter,26034,26034.0,00-0040718,12530.0,2003-05-18,2025.0,WR,23.304585900068446
/nfl/rankings/ppr-cheatsheets.php,redraft-overall,ro,Kimani Vidal,26355,RB,LAC,200.45,36.2,152,297,,kimani-vidal.php,,,5.2,,,,,,7.0,Kimani Vidal,2026-09-04,LAC,kimani vidal,26355,26355.0,00-0039391,11647.0,2001-08-28,2024.0,RB,25.023956194387406
/nfl/rankings/ppr-cheatsheets.php,redraft-overall,ro,Terrance Ferguson,23091,TE,LAR,205.53,43.49,112,287,,terrance-ferguson.php,,,20.6,,,,,,11.0,Terrance Ferguson,2026-09-04,LAR,terrance ferguson,23091,23091.0,00-0040737,12487.0,2003-03-07,2025.0,TE,23.50171115674196
/nfl/rankings/ppr-cheatsheets.php,redraft-overall,ro,Jaylin Noel,27122,WR,HOU,200.36,25.47,141,289,,jaylin-noel.php,,,6.9,,,,,,8.0,Jaylin Noel,2026-09-04,HOU,jaylin noel,27122,27122.0,00-0040138,12536.0,2002-09-04,2025.0,WR,24.005475701574266
/nfl/rankings/ppr-cheatsheets.php,redraft-overall,ro,Cam Little,26475,K,JAC,198.39,6.59,168,236,,cam-little.php,,,93.3,,,,,,7.0,Cam Little,2026-09-04,JAC,cam little,26475,26475.0,00-0039409,11786.0,2003-08-17,2024.0,PK,23.055441478439427
/nfl/rankings/ppr-cheatsheets.php,redraft-overall,ro,Jason Myers,14003,K,SEA,200.45,7.81,171,253,,jason-myers.php,,,97.6,,,,,,11.0,Jason Myers,2026-09-04,SEA,jason myers,14003,14003.0,00-0031492,2747.0,1991-05-12,2014.0,PK,35.32101300479124
/nfl/rankings/ppr-cheatsheets.php,redraft-overall,ro,AJ Barner,26335,TE,SEA,211.33,22.21,144,261,,aj-barner.php,,,18.9,,,,,,11.0,AJ Barner,2026-09-04,SEA,aj barner,26335,26335.0,00-0039793,11603.0,2002-05-03,2024.0,TE,24.344969199178646
/nfl/rankings/ppr-cheatsheets.php,redraft-overall,ro,Calvin Ridley,17258,WR,TEN,209.81,31.11,136,302,,calvin-ridley.php,,,12.3,,,,,,9.0,Calvin Ridley,2026-09-04,TEN,calvin ridley,17258,17258.0,00-0034837,4981.0,1994-12-20,2018.0,WR,31.71252566735113
/nfl/rankings/ppr-cheatsheets.php,redraft-overall,ro,Aaron Rodgers,9001,QB,PIT,213.2,40.75,139,341,,aaron-rodgers.php,,,11.0,,,,,,9.0,Aaron Rodgers,2026-09-04,PIT,aaron rodgers,9001,9001.0,00-0023459,96.0,1983-12-02,2005.0,QB,42.76249144421629
/nfl/rankings/ppr-cheatsheets.php,redraft-overall,ro,Eddy Pineiro,17575,K,SF,209.07,12.01,173,253,,eddy-pineiro.php,,,60.6,,,,,,8.0,Eddy Pineiro,2026-09-04,SFO,eddy pineiro,17575,17575.0,00-0034173,5189.0,1995-09-13,2018.0,PK,30.981519507186857
/nfl/rankings/ppr-cheatsheets.php,redraft-overall,ro,Sean Tucker,23679,RB,TB,213.05,35.32,154,304,,sean-tucker.php,,,3.8,,,,,,10.0,Sean Tucker,2026-09-04,TBB,sean tucker,23679,23679.0,00-0038951,9506.0,2001-10-25,2023.0,RB,24.865160848733744
/nfl/rankings/ppr-cheatsheets.php,redraft-overall,ro,Gunnar Helm,27109,TE,TEN,220.35,29.76,143,305,,gunnar-helm.php,,,6.8,,,,,,9.0,Gunnar Helm,2026-09-04,TEN,gunnar helm,27109,27109.0,00-0040584,12502.0,2002-09-06,2025.0,TE,24.0
/nfl/rankings/ppr-cheatsheets.php,redraft-overall,ro,Kansas City Chiefs,8150,DST,KC,209.61,17.31,183,280,,kansas-city-defense.php,,,20.3,,,,,,5.0,Kansas City Chiefs,2026-09-04,KCC,kansas city chiefs,8150,,,,1979-08-09,1988.0,,47.07734428473648
/nfl/rankings/ppr-cheatsheets.php,redraft-overall,ro,Ja'Kobi Lane,27337,WR,BAL,209.7,49.9,128,331,,jakobi-lane.php,,,28.6,,,,,,13.0,JaKobi Lane,2026-09-04,BAL,jakobi lane,27337,27337.0,00-0040870,13293.0,2004-08-05,2026.0,WR,22.086242299794662
/nfl/rankings/ppr-cheatsheets.php,redraft-overall,ro,Tyler Loop,27534,K,BAL,212.52,18.81,181,328,,tyler-loop.php,,,59.0,,,,,,13.0,Tyler Loop,2026-09-04,BAL,tyler loop,27534,,00-0040074,12711.0,2001-08-04,2025.0,,25.089664613278575
/nfl/rankings/ppr-cheatsheets.php,redraft-overall,ro,Green Bay Packers,8110,DST,GB,207.26,23.65,183,280,,green-bay-defense.php,,,28.0,,,,,,11.0,Green Bay Packers,2026-09-04,GBP,green bay packers,8110,,,,,1989.0,,
/nfl/rankings/ppr-cheatsheets.php,redraft-overall,ro,Kenyon Sadiq,26055,TE,NYJ,223.91,28.43,144,295,,kenyon-sadiq.php,,,38.1,,,,,3.0,13.0,Kenyon Sadiq,2026-09-04,NYJ,kenyon sadiq,26055,26055.0,00-0041032,13330.0,2005-03-04,2026.0,TE,21.508555783709788
/nfl/rankings/ppr-cheatsheets.php,redraft-overall,ro,Nicholas Singleton,24343,RB,TEN,218.92,39.72,148,321,,nick-singleton.php,,,9.1,,,,,,9.0,Nicholas Singleton,2026-09-04,TEN,nicholas singleton,24343,24343.0,00-0040886,13288.0,2004-01-06,2026.0,RB,22.666666666666668
/nfl/rankings/ppr-cheatsheets.php,redraft-overall,ro,Oronde Gadsden II,25997,TE,LAC,224.17,38.1,131,306,,oronde-gadsden-ii.php,,,23.8,,,,,-5.0,7.0,Oronde Gadsden,2026-09-04,LAC,oronde gadsden,25997,25997.0,00-0040189,12493.0,2003-06-25,2025.0,TE,23.200547570157426
/nfl/rankings/ppr-cheatsheets.php,redraft-overall,ro,Jake Bates,26075,K,DET,220.72,15.54,192,282,,jake-bates.php,,,72.1,,,,,,6.0,Jake Bates,2026-09-04,DET,jake bates,26075,26075.0,00-0039172,11539.0,1999-03-03,2023.0,PK,27.512662559890487
/nfl/rankings/ppr-cheatsheets.php,redraft-overall,ro,Geno Smith,11687,QB,NYJ,227.97,33.24,147,342,,geno-smith.php,,,6.9,,,,,,13.0,Geno Smith,2026-09-04,NYJ,geno smith,11687,11687.0,00-0030565,1373.0,1990-10-10,2013.0,QB,35.90691307323751
/nfl/rankings/ppr-cheatsheets.php,redraft-overall,ro,Isaac TeSlaa,27446,WR,DET,219.56,25.73,168,282,,isaac-teslaa.php,,,7.1,,,,,,6.0,Isaac TeSlaa,2026-09-04,DET,isaac teslaa,27446,27446.0,00-0040669,12535.0,2002-02-20,2025.0,WR,24.542094455852155
/nfl/rankings/ppr-cheatsheets.php,redraft-overall,ro,Cooper Kupp,16433,WR,SEA,225.03,28.89,149,298,,cooper-kupp.php,,,13.3,,,,,,11.0,Cooper Kupp,2026-09-04,SEA,cooper kupp,16433,16433.0,00-0033908,4039.0,1993-06-15,2017.0,WR,33.22655715263518
/nfl/rankings/ppr-cheatsheets.php,redraft-overall,ro,Cairo Santos,13731,K,CHI,218.57,17.17,193,333,,cairo-santos.php,,,29.2,,,,,,10.0,Cairo Santos,2026-09-04,CHI,cairo santos,13731,13731.0,00-0031203,2020.0,1991-11-12,2014.0,PK,34.81724845995893
/nfl/rankings/ppr-cheatsheets.php,redraft-overall,ro,Rashod Bateman,19794,WR,BAL,227.62,27.43,150,321,,rashod-bateman.php,,,6.6,,,,,,13.0,Rashod Bateman,2026-09-04,BAL,rashod bateman,19794,19794.0,00-0036550,7571.0,1999-11-29,2021.0,WR,26.770704996577688
/nfl/rankings/ppr-cheatsheets.php,redraft-overall,ro,Evan McPherson,23297,K,CIN,217.15,18.2,175,333,,evan-mcpherson.php,,,41.5,,,,,,6.0,Evan McPherson,2026-09-04,CIN,evan mcpherson,23297,23297.0,00-0036854,7839.0,1999-07-21,2021.0,PK,27.129363449691994
/nfl/rankings/ppr-cheatsheets.php,redraft-overall,ro,Kaelon Black,28401,RB,SF,227.97,52.39,132,338,,kaelon-black.php,,,16.2,,,,,,8.0,Kaelon Black,2026-09-04,SFO,kaelon black,28401,28401.0,00-0041052,13414.0,2001-10-17,2026.0,RB,24.8870636550308
/nfl/rankings/ppr-cheatsheets.php,redraft-overall,ro,Pat Freiermuth,20163,TE,PIT,233.5,31.87,138,332,,pat-freiermuth.php,,,10.5,,,,,,9.0,Pat Freiermuth,2026-09-04,PIT,pat freiermuth,20163,20163.0,00-0036894,7600.0,1998-10-25,2021.0,TE,27.865845311430526
/nfl/rankings/ppr-cheatsheets.php,redraft-overall,ro,James Conner,16447,RB,ARI,219.9,42.06,144,330,,james-conner.php,,,9.4,,,,,,14.0,James Conner,2026-09-04,ARI,james conner,16447,16447.0,00-0033553,4137.0,1995-05-05,2017.0,RB,31.340177960301162
/nfl/rankings/ppr-cheatsheets.php,redraft-overall,ro,Chris Bell,26038,WR,MIA,227.67,36.86,150,305,,chris-bell.php,,,6.3,,,,,15.0,6.0,Chris Bell,2026-09-04,MIA,chris bell,26038,26038.0,00-0041525,13311.0,2004-06-07,2026.0,WR,22.247775496235455
/nfl/rankings/ppr-cheatsheets.php,redraft-overall,ro,Malachi Fields,27994,WR,NYG,222.55,37.74,133,354,,malachi-fields.php,,,9.4,,,,,,8.0,Malachi Fields,2026-09-04,NYG,malachi fields,27994,27994.0,00-0041042,13285.0,2003-08-26,2026.0,WR,23.030800821355236
/nfl/rankings/ppr-cheatsheets.php,redraft-overall,ro,Detroit Lions,8100,DST,DET,220.28,28.13,185,355,,detroit-defense.php,,,61.8,,,,,,6.0,Detroit Lions,2026-09-04,DET,detroit lions,8100,,,,,1970.0,,
/nfl/rankings/ppr-cheatsheets.php,redraft-overall,ro,Troy Franklin,23092,WR,DEN,218.75,35.54,163,347,,troy-franklin.php,,,2.8,,,,,,10.0,Troy Franklin,2026-09-04,DEN,troy franklin,23092,23092.0,00-0039868,11627.0,2003-02-06,2024.0,WR,23.581108829568787
/nfl/rankings/ppr-cheatsheets.php,redraft-overall,ro,Darnell Mooney,19810,WR,NYG,226.23,24.31,165,299,,darnell-mooney.php,,,3.5,,,,,,8.0,Darnell Mooney,2026-09-04,NYG,darnell mooney,19810,19810.0,00-0036309,7090.0,1997-10-29,2020.0,WR,28.854209445585216
/nfl/rankings/ppr-cheatsheets.php,redraft-overall,ro,Zachariah Branch,25419,WR,ATL,233.38,34.99,140,312,,zachariah-branch.php,,,10.2,,,,,,11.0,Zachariah Branch,2026-09-04,ATL,zachariah branch,25419,25419.0,00-0041044,13320.0,2004-03-29,2026.0,WR,22.439425051334702
/nfl/rankings/ppr-cheatsheets.php,redraft-overall,ro,Andy Borregales,27291,K,NE,223.71,18.46,194,282,,andres-borregales.php,,,15.9,,,,,,11.0,Andy Borregales,2026-09-04,NEP,andy borregales,27291,,,,,,,
/nfl/rankings/ppr-cheatsheets.php,redraft-overall,ro,Tank Dell,25361,WR,HOU,226.41,33.76,166,312,,nathaniel-dell.php,,,27.4,,,,,,8.0,Tank Dell,2026-09-04,HOU,tank dell,25361,25361.0,00-0038977,9502.0,1999-10-29,2023.0,WR,26.855578370978783
/nfl/rankings/ppr-cheatsheets.php,redraft-overall,ro,Harrison Mevis,26638,K,LAR,229.98,25.59,193,333,,harrison-mevis.php,,,79.7,,,,,,11.0,Harrison Mevis,2026-09-04,LAR,harrison mevis,26638,,00-0039498,12015.0,2002-03-27,2024.0,,24.44626967830253
/nfl/rankings/ppr-cheatsheets.php,redraft-overall,ro,Germie Bernard,26039,WR,PIT,236.65,31.92,168,329,,germie-bernard.php,,,7.1,,,,,,9.0,Germie Bernard,2026-09-04,PIT,germie bernard,26039,26039.0,00-0041489,13274.0,2003-12-02,2026.0,WR,22.76249144421629
/nfl/rankings/ppr-cheatsheets.php,redraft-overall,ro,Caleb Douglas,28135,WR,MIA,205.67,49.17,126,327,,caleb-douglas.php,,,14.7,,,,,,6.0,Caleb Douglas,2026-09-04,MIA,caleb douglas,28135,28135.0,00-0041523,13296.0,2003-09-09,2026.0,WR,22.99247091033539
/nfl/rankings/ppr-cheatsheets.php,redraft-overall,ro,Chase McLaughlin,19058,K,TB,228.08,21.68,192,333,,chase-mclaughlin.php,,,14.1,,,,,,10.0,Chase McLaughlin,2026-09-04,TBB,chase mclaughlin,19058,19058.0,00-0035358,6650.0,1996-04-09,2019.0,PK,30.409308692676248
/nfl/rankings/ppr-cheatsheets.php,redraft-overall,ro,Buffalo Bills,8030,DST,BUF,227.03,23.74,189,343,,buffalo-defense.php,,,30.7,,,,,,7.0,Buffalo Bills,2026-09-04,BUF,buffalo bills,8030,,,,,1970.0,,
/nfl/rankings/ppr-cheatsheets.php,redraft-overall,ro,Cade Otton,23181,TE,TB,239.02,24.66,181,295,,cade-otton.php,,,6.6,,,,,,10.0,Cade Otton,2026-09-04,TBB,cade otton,23181,23181.0,00-0038129,8111.0,1999-04-15,2022.0,TE,27.394934976043807
/nfl/rankings/ppr-cheatsheets.php,redraft-overall,ro,Kaytron Allen,24362,RB,WAS,235.83,31.33,152,324,,kaytron-allen.php,,,5.2,,,,,,7.0,Kaytron Allen,2026-09-04,WAS,kaytron allen,24362,24362.0,00-0041096,13405.0,2003-01-08,2026.0,RB,23.66050650239562
/nfl/rankings/ppr-cheatsheets.php,redraft-overall,ro,Cleveland Browns,8070,DST,CLE,220.74,30.63,185,325,,cleveland-defense.php,,,19.6,,,,,,11.0,Cleveland Browns,2026-09-04,CLE,cleveland browns,8070,,,,,1992.0,,
/nfl/rankings/ppr-cheatsheets.php,redraft-overall,ro,Jaylen Wright,25987,RB,MIA,238.65,26.54,164,310,,jaylen-wright.php,,,3.8,,,,,,6.0,Jaylen Wright,2026-09-04,MIA,jaylen wright,25987,25987.0,00-0039874,11643.0,2003-04-01,2024.0,RB,23.433264887063654
/nfl/rankings/ppr-cheatsheets.php,redraft-overall,ro,Malik Davis,24205,RB,DAL,237.71,49.86,146,315,,malik-davis.php,,,8.5,,,,,12.0,14.0,Malik Davis,2026-09-04,DAL,malik davis,24205,24205.0,00-0037563,8800.0,1998-11-26,2022.0,RB,27.7782340862423
/nfl/rankings/ppr-cheatsheets.php,redraft-overall,ro,Justice Hill,18256,RB,BAL,233.86,43.07,132,317,,justice-hill.php,,,9.9,,,,,,13.0,Justice Hill,2026-09-04,BAL,justice hill,18256,18256.0,00-0034975,5995.0,1997-11-14,2019.0,RB,28.810403832991103
/nfl/rankings/ppr-cheatsheets.php,redraft-overall,ro,Najee Harris,19302,RB,NYG,235.92,48.4,141,327,,najee-harris-rb.php,,,10.8,,,,,8.0,8.0,Najee Harris,2026-09-04,NYG,najee harris,19302,19302.0,00-0036893,7528.0,1998-03-09,2021.0,RB,28.49555099247091
/nfl/rankings/ppr-cheatsheets.php,redraft-overall,ro,Antonio Williams,25418,WR,WAS,237.78,41.4,137,374,,antonio-williams-wr.php,,,6.2,,,,,,7.0,Antonio Williams,2026-09-04,WAS,antonio williams,25418,25418.0,00-0041040,13301.0,2004-07-14,2026.0,WR,22.146475017111566
/nfl/rankings/ppr-cheatsheets.php,redraft-overall,ro,Emanuel Wilson,25885,RB,SEA,237.18,38.88,146,326,,emanuel-wilson.php,,,2.1,,,,,,11.0,Emanuel Wilson,2026-09-04,SEA,emanuel wilson,25885,25885.0,00-0038797,11435.0,1999-05-08,2023.0,RB,27.33196440793977
/nfl/rankings/ppr-cheatsheets.php,redraft-overall,ro,Greg Dulcich,23153,TE,MIA,215.31,39.45,131,306,,greg-dulcich.php,,,8.9,,,,,,6.0,Greg Dulcich,2026-09-04,MIA,greg dulcich,23153,23153.0,00-0037252,8172.0,2000-03-26,2022.0,TE,26.4476386036961
/nfl/rankings/ppr-cheatsheets.php,redraft-overall,ro,Ted Hurst III,28130,WR,TB,242.11,37.04,150,344,,ted-hurst.php,,,4.4,,,,,,10.0,Ted Hurst,2026-09-04,TBB,ted hurst,28130,28130.0,00-0041048,13317.0,2004-07-02,2026.0,WR,22.17932922655715
/nfl/rankings/ppr-cheatsheets.php,redraft-overall,ro,George Holani,22915,RB,SEA,241.81,34.84,154,329,,george-holani.php,,,3.5,,,,,,11.0,George Holani,2026-09-04,SEA,george holani,22915,22915.0,00-0039299,12048.0,1999-12-16,2024.0,RB,26.72416153319644
/nfl/rankings/ppr-cheatsheets.php,redraft-overall,ro,Evan Engram,16411,TE,DEN,255.13,26.31,181,336,,evan-engram.php,,,3.7,,,,,,10.0,Evan Engram,2026-09-04,DEN,evan engram,16411,16411.0,00-0033881,4066.0,1994-09-02,2017.0,TE,32.01095140314853
/nfl/rankings/ppr-cheatsheets.php,redraft-overall,ro,Keon Coleman,26019,WR,BUF,246.62,29.66,149,307,,keon-coleman.php,,,3.8,,,,,,7.0,Keon Coleman,2026-09-04,BUF,keon coleman,26019,26019.0,00-0039901,11637.0,2003-05-17,2024.0,WR,23.307323750855577
/nfl/rankings/ppr-cheatsheets.php,redraft-overall,ro,Devaughn Vele,26409,WR,NO,245.27,37.46,163,312,,devaughn-vele.php,,,7.9,,,,,,8.0,Devaughn Vele,2026-09-04,NOS,devaughn vele,26409,26409.0,00-0039424,11834.0,1997-12-12,2024.0,WR,28.733744010951405
/nfl/rankings/ppr-cheatsheets.php,redraft-overall,ro,Jack Bech,27224,WR,LV,244.66,28.55,180,376,,jack-bech.php,,,2.4,,,,,,13.0,Jack Bech,2026-09-04,LVR,jack bech,27224,27224.0,00-0040729,12483.0,2002-12-18,2025.0,WR,23.718001368925393
/nfl/rankings/ppr-cheatsheets.php,redraft-overall,ro,Harrison Butker,16712,K,KC,243.9,23.5,207,333,,harrison-butker.php,,,49.8,,,,,,5.0,Harrison Butker,2026-09-04,KCC,harrison butker,16712,16712.0,00-0033303,4227.0,1995-07-14,2017.0,PK,31.148528405201915
/nfl/rankings/ppr-cheatsheets.php,redraft-overall,ro,Chris Boswell,13029,K,PIT,244.39,19.98,200,329,,chris-boswell.php,,,39.6,,,,,,9.0,Chris Boswell,2026-09-04,PIT,chris boswell,13029,13029.0,00-0031136,1945.0,1991-03-16,2014.0,PK,35.47707049965777
/nfl/rankings/ppr-cheatsheets.php,redraft-overall,ro,David Njoku,16399,TE,LAC,254.16,28.98,155,355,,david-njoku.php,,,9.2,,,,,,7.0,David Njoku,2026-09-04,LAC,david njoku,16399,16399.0,00-0033885,4033.0,1996-07-10,2017.0,TE,30.157426420260094
/nfl/rankings/ppr-cheatsheets.php,redraft-overall,ro,Kaleb Johnson,27165,RB,GB,248.63,46.93,145,381,,kaleb-johnson-rb.php,,,14.8,,,,,17.0,11.0,Kaleb Johnson,2026-09-04,GBP,kaleb johnson,27165,27165.0,00-0040142,12504.0,2003-08-14,2025.0,RB,23.06365503080082
/nfl/rankings/ppr-cheatsheets.php,redraft-overall,ro,Chris Brooks,25823,RB,GB,250.89,42.64,145,327,,christopher-brooks.php,,,5.4,,,,,,11.0,Chris Brooks,2026-09-04,GBP,chris brooks,25823,25823.0,00-0038685,11370.0,2000-01-11,2023.0,RB,26.652977412731005
/nfl/rankings/ppr-cheatsheets.php,redraft-overall,ro,Fernando Mendoza,28013,QB,LV,261.28,39.51,159,343,,fernando-mendoza.php,,,18.7,,,,,,13.0,Fernando Mendoza,2026-09-04,LVR,fernando mendoza,28013,28013.0,00-0041562,13269.0,2003-10-01,2026.0,QB,22.93223819301848
/nfl/rankings/ppr-cheatsheets.php,redraft-overall,ro,Samaje Perine,16423,RB,CIN,259.0,45.75,157,408,,samaje-perine.php,,,5.0,,,,,,6.0,Samaje Perine,2026-09-04,CIN,samaje perine,16423,16423.0,00-0033526,4147.0,1995-09-16,2017.0,RB,30.973305954825463
/nfl/rankings/ppr-cheatsheets.php,redraft-overall,ro,Cyrus Allen,28424,WR,KC,219.45,57.45,133,435,,cyrus-allen.php,,,14.2,,,,,,5.0,Cyrus Allen,2026-09-04,KCC,cyrus allen,28424,28424.0,00-0040890,13413.0,2003-02-11,2026.0,WR,23.567419575633128
/nfl/rankings/ppr-cheatsheets.php,redraft-overall,ro,Chimere Dike,27315,WR,TEN,252.17,32.43,174,346,,chimere-dike.php,,,3.5,,,,,,9.0,Chimere Dike,2026-09-04,TEN,chimere dike,27315,27315.0,00-0040705,12540.0,2001-12-14,2025.0,WR,24.72826830937714
/nfl/rankings/ppr-cheatsheets.php,redraft-overall,ro,Elic Ayomanor,27059,WR,TEN,254.04,29.51,184,333,,elic-ayomanor.php,,,2.2,,,,,,9.0,Elic Ayomanor,2026-09-04,TEN,elic ayomanor,27059,27059.0,00-0040170,12499.0,2003-06-03,2025.0,WR,23.260780287474333
/nfl/rankings/ppr-cheatsheets.php,redraft-overall,ro,Demond Claiborne,28084,RB,MIN,253.21,31.84,156,323,,demond-claiborne.php,,,3.8,,,,,,6.0,Demond Claiborne,2026-09-04,MIN,demond claiborne,28084,28084.0,00-0041104,13347.0,2003-10-09,2026.0,RB,22.910335386721425
/nfl/rankings/ppr-cheatsheets.php,redraft-overall,ro,Ollie Gordon II,25984,RB,MIA,258.43,26.86,177,322,,ollie-gordon.php,,,1.5,,,,,,6.0,Ollie Gordon,2026-09-04,MIA,ollie gordon,25984,25984.0,00-0040198,12495.0,2004-01-15,2025.0,RB,22.642026009582477
/nfl/rankings/ppr-cheatsheets.php,redraft-overall,ro,Isaiah Davis,25977,RB,NYJ,262.01,23.09,201,317,,isaiah-davis.php,,,1.4,,,,,,13.0,Isaiah Davis,2026-09-04,NYJ,isaiah davis,25977,25977.0,00-0039798,11571.0,2002-02-21,2024.0,RB,24.539356605065024
/nfl/rankings/ppr-cheatsheets.php,redraft-overall,ro,Colby Parkinson,19372,TE,LAR,266.14,18.64,215,309,,colby-parkinson.php,,,4.0,,,,,,11.0,Colby Parkinson,2026-09-04,LAR,colby parkinson,19372,19372.0,00-0036244,6865.0,1999-01-08,2020.0,TE,27.66050650239562
/nfl/rankings/ppr-cheatsheets.php,redraft-overall,ro,LeQuint Allen Jr.,27285,RB,JAC,264.39,30.71,145,337,,lequint-allen-jr.php,,,1.4,,,,,,7.0,LeQuint Allen,2026-09-04,JAC,lequint allen,27285,27285.0,00-0040238,12544.0,2004-08-05,2025.0,RB,22.086242299794662
/nfl/rankings/ppr-cheatsheets.php,redraft-overall,ro,Tyquan Thornton,22913,WR,KC,265.74,30.2,166,341,,tyquan-thornton.php,,,1.6,,,,,,5.0,Tyquan Thornton,2026-09-04,KCC,tyquan thornton,22913,22913.0,00-0038104,8188.0,2000-08-07,2022.0,WR,26.080766598220396
/nfl/rankings/ppr-cheatsheets.php,redraft-overall,ro,Jordan James,27310,RB,SF,264.32,40.04,164,397,,jordan-james.php,,,3.6,,,,,,8.0,Jordan James,2026-09-04,SFO,jordan james,27310,27310.0,00-0040177,12467.0,2004-03-29,2025.0,RB,22.439425051334702
/nfl/rankings/ppr-cheatsheets.php,redraft-overall,ro,Ty Johnson,18406,RB,BUF,265.44,30.76,160,381,,ty-johnson.php,,,1.7,,,,,,7.0,Ty Johnson,2026-09-04,BUF,ty johnson,18406,18406.0,00-0035537,6039.0,1997-09-17,2019.0,RB,28.969199178644764
/nfl/rankings/ppr-cheatsheets.php,redraft-overall,ro,Wil Lutz,16026,K,DEN,265.87,29.55,182,333,,wil-lutz.php,,,11.5,,,,,,10.0,Wil Lutz,2026-09-04,DEN,wil lutz,16026,16026.0,00-0032569,3678.0,1994-07-07,2016.0,PK,32.167008898015055
/nfl/rankings/ppr-cheatsheets.php,redraft-overall,ro,Will Reichard,26341,K,MIN,251.58,27.7,198,331,,will-reichard.php,,,49.0,,,,,,6.0,Will Reichard,2026-09-04,MIN,will reichard,26341,26341.0,00-0039404,11792.0,2001-01-09,2024.0,PK,25.65639972621492
/nfl/rankings/ppr-cheatsheets.php,redraft-overall,ro,Tory Horton,26022,WR,SEA,263.77,24.98,197,351,,tory-horton.php,,,2.8,,,,,,11.0,Tory Horton,2026-09-04,SEA,tory horton,26022,26022.0,00-0040648,12497.0,2002-11-29,2025.0,WR,23.770020533880903
/nfl/rankings/ppr-cheatsheets.php,redraft-overall,ro,Seth McGowan,23079,RB,IND,266.32,40.28,169,338,,seth-mcgowan.php,,,1.7,,,,,,13.0,Seth McGowan,2026-09-04,IND,seth mcgowan,23079,23079.0,00-0041125,13424.0,2001-10-23,2026.0,RB,24.870636550308006
/nfl/rankings/ppr-cheatsheets.php,redraft-overall,ro,Elijah Sarratt,27463,WR,BAL,268.32,28.27,202,370,,elijah-sarratt.php,,,3.1,,,,,,13.0,Elijah Sarratt,2026-09-04,BAL,elijah sarratt,27463,27463.0,00-0040876,13268.0,2003-05-28,2026.0,WR,23.277207392197127
/nfl/rankings/ppr-cheatsheets.php,redraft-overall,ro,Michael Penix Jr.,22973,QB,ATL,282.37,28.81,174,345,,michael-penix-jr.php,,,4.1,,,,,,11.0,Michael Penix,2026-09-04,ATL,michael penix,22973,22973.0,00-0039917,11559.0,2000-05-08,2024.0,QB,26.32991101984942
/nfl/rankings/ppr-cheatsheets.php,redraft-overall,ro,Tua Tagovailoa,19198,QB,ATL,281.77,31.68,153,344,,tua-tagovailoa.php,,,5.9,,,,,,11.0,Tua Tagovailoa,2026-09-04,ATL,tua tagovailoa,19198,19198.0,00-0036212,6768.0,1998-03-02,2020.0,QB,28.514715947980836
/nfl/rankings/ppr-cheatsheets.php,redraft-overall,ro,Mason Taylor,26005,TE,NYJ,276.24,24.22,203,342,,mason-taylor.php,,,2.9,,,,,,13.0,Mason Taylor,2026-09-04,NYJ,mason taylor,26005,26005.0,00-0040736,12498.0,2004-05-08,2025.0,TE,22.32991101984942
/nfl/rankings/ppr-cheatsheets.php,redraft-overall,ro,Darius Slayton,18706,WR,NYG,272.71,23.95,209,371,,darius-slayton.php,,,1.6,,,,,,8.0,Darius Slayton,2026-09-04,NYG,darius slayton,18706,18706.0,00-0035535,6149.0,1997-01-12,2019.0,WR,29.648186173853524
/nfl/rankings/ppr-cheatsheets.php,redraft-overall,ro,Xavier Legette,26136,WR,CAR,269.99,28.59,197,335,,xavier-legette.php,,,1.5,,,,,,5.0,Xavier Legette,2026-09-04,CAR,xavier legette,26136,26136.0,00-0039342,11626.0,2001-01-29,2024.0,WR,25.60164271047228
/nfl/rankings/ppr-cheatsheets.php,redraft-overall,ro,Christian Kirk,17268,WR,SF,273.41,33.36,205,383,,christian-kirk.php,,,2.3,,,,,,8.0,Christian Kirk,2026-09-04,SFO,christian kirk,17268,17268.0,00-0034775,4950.0,1996-11-18,2018.0,WR,29.79876796714579
/nfl/rankings/ppr-cheatsheets.php,redraft-overall,ro,Kendre Miller,24360,RB,NO,278.05,34.04,189,381,,kendre-miller.php,,,2.0,,,,,,8.0,Kendre Miller,2026-09-04,NOS,kendre miller,24360,24360.0,00-0038551,9757.0,2002-06-11,2023.0,RB,24.238193018480494
/nfl/rankings/ppr-cheatsheets.php,redraft-overall,ro,Kirk Cousins,11177,QB,LV,289.05,29.41,211,347,,kirk-cousins.php,,,4.8,,,,,,13.0,Kirk Cousins,2026-09-04,LVR,kirk cousins,11177,11177.0,00-0029604,1166.0,1988-08-19,2012.0,QB,38.04791238877481
/nfl/rankings/ppr-cheatsheets.php,redraft-overall,ro,Marvin Mims Jr.,23080,WR,DEN,271.92,25.88,221,340,,marvin-mims.php,,,2.7,,,,,,10.0,Marvin Mims,2026-09-04,DEN,marvin mims,23080,23080.0,00-0038976,9494.0,2002-03-19,2023.0,WR,24.468172484599588
/nfl/rankings/ppr-cheatsheets.php,redraft-overall,ro,Theo Johnson,23104,TE,NYG,285.13,27.18,203,345,,theo-johnson.php,,,2.9,,,,,,8.0,Theo Johnson,2026-09-04,NYG,theo johnson,23104,23104.0,00-0039847,11597.0,2001-02-26,2024.0,TE,25.52498288843258
/nfl/rankings/ppr-cheatsheets.php,redraft-overall,ro,DJ Giddens,27097,RB,IND,278.91,23.7,213,338,,dj-giddens.php,,,0.9,,,,,,13.0,DJ Giddens,2026-09-04,IND,dj giddens,27097,27097.0,00-0040179,12471.0,2003-08-26,2025.0,RB,23.030800821355236
/nfl/rankings/ppr-cheatsheets.php,redraft-overall,ro,Deshaun Watson,16398,QB,CLE,291.93,28.12,179,346,,deshaun-watson.php,,,4.9,,,,,,11.0,Deshaun Watson,2026-09-04,CLE,deshaun watson,16398,16398.0,00-0033537,4017.0,1995-09-14,2017.0,QB,30.978781656399725
/nfl/rankings/ppr-cheatsheets.php,redraft-overall,ro,San Francisco 49ers,8270,DST,SF,264.07,31.0,194,356,,san-francisco-defense.php,,,16.7,,,,,,8.0,San Francisco 49ers,2026-09-04,SFO,san francisco 49ers,8270,,,,,1970.0,,
/nfl/rankings/ppr-cheatsheets.php,redraft-overall,ro,Kyle Williams,27487,WR,NE,275.04,29.35,202,341,,kyle-williams-wr-2025.php,,,2.1,,,,,,11.0,Kyle Williams,2026-09-04,NEP,kyle williams,27487,27487.0,00-0040131,12547.0,2002-11-13,2025.0,WR,23.813826146475016
/nfl/rankings/ppr-cheatsheets.php,redraft-overall,ro,Atlanta Falcons,8010,DST,ATL,271.34,35.49,183,356,,atlanta-defense.php,,,8.8,,,,,,11.0,Atlanta Falcons,2026-09-04,ATL,atlanta falcons,8010,,,,1973-07-28,1996.0,,53.1088295687885
/nfl/rankings/ppr-cheatsheets.php,redraft-overall,ro,Shedeur Sanders,25968,QB,CLE,301.37,23.31,214,359,,shedeur-sanders.php,,,4.6,,,,,,11.0,Shedeur Sanders,2026-09-04,CLE,shedeur sanders,25968,25968.0,00-0040668,12524.0,2002-02-07,2025.0,QB,24.577686516084874
/nfl/rankings/ppr-cheatsheets.php,redraft-overall,ro,Eli Stowers,23144,TE,PHI,288.95,33.68,209,371,,eli-stowers.php,,,4.3,,,,,,10.0,Eli Stowers,2026-09-04,PHI,eli stowers,23144,23144.0,00-0041483,13349.0,2003-04-15,2026.0,TE,23.394934976043807
/nfl/rankings/ppr-cheatsheets.php,redraft-overall,ro,Brashard Smith,27259,RB,KC,286.05,27.91,206,379,,brashard-smith.php,,,2.2,,,,,,5.0,Brashard Smith,2026-09-04,KCC,brashard smith,27259,27259.0,00-0040078,12455.0,2003-04-11,2025.0,RB,23.405886379192335
/nfl/rankings/ppr-cheatsheets.php,redraft-overall,ro,New Orleans Saints,8190,DST,NO,261.57,33.67,172,353,,new-orleans-defense.php,,,17.1,,,,,,8.0,New Orleans Saints,2026-09-04,NOS,new orleans saints,8190,,,,,1970.0,,
/nfl/rankings/ppr-cheatsheets.php,redraft-overall,ro,Devin Singletary,18280,RB,NYG,291.66,25.87,160,362,,devin-singletary.php,,,0.8,,,,,,8.0,Devin Singletary,2026-09-04,NYG,devin singletary,18280,18280.0,00-0035250,6130.0,1997-09-03,2019.0,RB,29.00752908966461
/nfl/rankings/ppr-cheatsheets.php,redraft-overall,ro,Mack Hollins,16489,WR,NE,282.35,29.03,198,390,,mack-hollins.php,,,0.7,,,,,,11.0,Mack Hollins,2026-09-04,NEP,mack hollins,16489,16489.0,00-0033555,4177.0,1993-09-16,2017.0,WR,32.9719370294319
/nfl/rankings/ppr-cheatsheets.php,redraft-overall,ro,Skyler Bell,28126,WR,BUF,289.88,29.69,218,371,,skyler-bell.php,,,2.5,,,,,,7.0,Skyler Bell,2026-09-04,BUF,skyler bell,28126,28126.0,00-0041443,13402.0,2002-07-05,2026.0,WR,24.17248459958932
/nfl/rankings/ppr-cheatsheets.php,redraft-overall,ro,Jaydon Blue,24344,RB,PHI,272.35,47.87,175,412,,jaydon-blue.php,,,3.8,,,,,-24.0,10.0,Jaydon Blue,2026-09-04,PHI,jaydon blue,24344,24344.0,00-0040586,12457.0,2004-01-08,2025.0,RB,22.661190965092402
/nfl/rankings/ppr-cheatsheets.php,redraft-overall,ro,Hollywood Brown,18226,WR,PHI,291.83,20.61,241,363,,marquise-brown.php,,,1.2,,,,,,10.0,Marquise Brown,2026-09-04,PHI,hollywood brown,18226,18226.0,00-0035662,5848.0,1997-06-04,2019.0,WR,29.256673511293634
/nfl/rankings/ppr-cheatsheets.php,redraft-overall,ro,Adam Randall,24367,RB,BAL,292.06,24.3,231,338,,adam-randall.php,,,1.5,,,,,,13.0,Adam Randall,2026-09-04,BAL,adam randall,24367,24367.0,00-0040888,13302.0,2004-07-14,2026.0,RB,22.146475017111566
/nfl/rankings/ppr-cheatsheets.php,redraft-overall,ro,Emari Demercado,25654,RB,DAL,293.96,32.78,169,379,,emari-demercado.php,,,1.1,,,,,,14.0,Emari Demercado,2026-09-04,DAL,emari demercado,25654,25654.0,00-0038705,11199.0,1999-01-20,2023.0,RB,27.627652292950035
/nfl/rankings/ppr-cheatsheets.php,redraft-overall,ro,Devin Neal,23682,RB,FA,276.42,38.66,201,382,,devin-neal.php,,,2.2,,,,,,,Devin Neal,2026-09-04,FA,devin neal,23682,23682.0,00-0040202,12476.0,2003-08-12,2025.0,RB,23.069130732375086
/nfl/rankings/ppr-cheatsheets.php,redraft-overall,ro,Mike Gesicki,17272,TE,CIN,277.84,21.71,236,357,,mike-gesicki.php,,,2.7,,,,,,6.0,Mike Gesicki,2026-09-04,CIN,mike gesicki,17272,17272.0,00-0034829,4993.0,1995-10-03,2018.0,TE,30.926762491444215
/nfl/rankings/ppr-cheatsheets.php,redraft-overall,ro,Isaiah Bond,24371,WR,CLE,295.52,23.35,244,373,,isaiah-bond.php,,,0.7,,,,,,11.0,Isaiah Bond,2026-09-04,CLE,isaiah bond,24371,24371.0,00-0040782,12503.0,2004-03-15,2025.0,WR,22.477754962354553
/nfl/rankings/ppr-cheatsheets.php,redraft-overall,ro,Indianapolis Colts,8130,DST,IND,280.47,35.41,190,356,,indianapolis-defense.php,,,14.8,,,,,,13.0,Indianapolis Colts,2026-09-04,IND,indianapolis colts,8130,,,,,1970.0,,
/nfl/rankings/ppr-cheatsheets.php,redraft-overall,ro,Trevor Etienne,25393,RB,CAR,301.12,21.39,237,354,,trevor-etienne.php,,,0.9,,,,,,5.0,Trevor Etienne,2026-09-04,CAR,trevor etienne,25393,25393.0,00-0040644,12531.0,2004-07-09,2025.0,RB,22.16016427104723
/nfl/rankings/ppr-cheatsheets.php,redraft-overall,ro,Brandon Aiyuk,19252,WR,SF,279.1,56.29,142,397,,brandon-aiyuk.php,,,3.0,,,,,,8.0,Brandon Aiyuk,2026-09-04,SFO,brandon aiyuk,19252,19252.0,00-0036261,6803.0,1998-03-17,2020.0,WR,28.473648186173854
/nfl/rankings/ppr-cheatsheets.php,redraft-overall,ro,Darren Waller,14104,TE,CAR,268.11,31.25,209,345,,darren-waller.php,,,5.0,,,,,,5.0,Darren Waller,2026-09-04,CAR,darren waller,14104,14104.0,00-0031610,2505.0,1992-09-13,2015.0,TE,33.97946611909651
/nfl/rankings/ppr-cheatsheets.php,redraft-overall,ro,Jake Tonges,24778,TE,SF,292.55,32.95,158,356,,jake-tonges.php,,,3.3,,,,,,8.0,Jake Tonges,2026-09-04,SFO,jake tonges,24778,24778.0,00-0037112,8698.0,1999-07-08,2022.0,TE,27.16495550992471
/nfl/rankings/ppr-cheatsheets.php,redraft-overall,ro,Trey Benson,25388,RB,ARI,290.52,30.37,212,352,,trey-benson.php,,,1.8,,,,,,14.0,Trey Benson,2026-09-04,ARI,trey benson,25388,25388.0,00-0039921,11589.0,2002-07-23,2024.0,RB,24.123203285420946
/nfl/rankings/ppr-cheatsheets.php,redraft-overall,ro,Andrei Iosivas,25335,WR,CIN,283.65,36.25,168,389,,andrei-iosivas.php,,,1.7,,,,,,6.0,Andrei Iosivas,2026-09-04,CIN,andrei iosivas,25335,25335.0,00-0038619,10226.0,1999-10-15,2023.0,WR,26.89390828199863
/nfl/rankings/ppr-cheatsheets.php,redraft-overall,ro,DeMario Douglas,25304,WR,NE,271.61,54.05,166,420,,demario-douglas.php,,,1.7,,,,,,11.0,Demario Douglas,2026-09-04,NEP,demario douglas,25304,25304.0,00-0038621,9501.0,2000-12-08,2023.0,WR,25.744010951403148
/nfl/rankings/ppr-cheatsheets.php,redraft-overall,ro,Chicago Bears,8050,DST,CHI,268.72,48.42,167,354,,chicago-defense.php,,,12.8,,,,,,10.0,Chicago Bears,2026-09-04,CHI,chicago bears,8050,,,,,1970.0,,
/nfl/rankings/ppr-cheatsheets.php,redraft-overall,ro,Jerome Ford,22921,RB,WAS,295.87,25.76,231,365,,jerome-ford.php,,,1.9,,,,,,7.0,Jerome Ford,2026-09-04,WAS,jerome ford,22921,22921.0,00-0037267,8143.0,1999-09-12,2022.0,RB,26.98425735797399
/nfl/rankings/ppr-cheatsheets.php,redraft-overall,ro,Isaac Guerendo,26392,RB,SF,303.0,27.47,234,364,,isaac-guerendo.php,,,0.7,,,,,,8.0,Isaac Guerendo,2026-09-04,SFO,isaac guerendo,26392,26392.0,00-0039363,11651.0,2000-06-28,2024.0,RB,26.190280629705683
/nfl/rankings/ppr-cheatsheets.php,redraft-overall,ro,Darnell Washington,22967,TE,PIT,298.26,29.42,226,394,,darnell-washington.php,,,2.6,,,,,,9.0,Darnell Washington,2026-09-04,PIT,darnell washington,22967,22967.0,00-0038558,9479.0,2001-08-17,2023.0,TE,25.05407255304586
/nfl/rankings/ppr-cheatsheets.php,redraft-overall,ro,Michael Mayer,23056,TE,LV,297.21,30.5,209,351,,michael-mayer.php,,,2.3,,,,,,13.0,Michael Mayer,2026-09-04,LVR,michael mayer,23056,23056.0,00-0039066,9482.0,2001-07-06,2023.0,TE,25.169062286105408
/nfl/rankings/ppr-cheatsheets.php,redraft-overall,ro,Tahj Brooks,26212,RB,CIN,304.38,22.53,259,394,,tahj-brooks.php,,,0.8,,,,,,6.0,Tahj Brooks,2026-09-04,CIN,tahj brooks,26212,26212.0,00-0040208,12543.0,2002-05-13,2025.0,RB,24.317590691307323
/nfl/rankings/ppr-cheatsheets.php,redraft-overall,ro,Will Shipley,22930,RB,PHI,306.94,18.59,233,363,,will-shipley.php,,,0.8,,,,,,10.0,Will Shipley,2026-09-04,PHI,will shipley,22930,22930.0,00-0039746,11577.0,2002-08-29,2024.0,RB,24.021902806297057
/nfl/rankings/ppr-cheatsheets.php,redraft-overall,ro,Audric Estime,23054,RB,NO,310.65,21.48,251,359,,audric-estime.php,,,1.5,,,,,,8.0,Audric Estime,2026-09-04,NOS,audric estime,23054,23054.0,00-0039373,11579.0,2003-09-06,2024.0,RB,23.000684462696782
/nfl/rankings/ppr-cheatsheets.php,redraft-overall,ro,Tyreek Hill,15802,WR,FA,283.42,50.67,154,378,,tyreek-hill.php,,,8.3,,,,,,,Tyreek Hill,2026-09-04,FA,tyreek hill,15802,15802.0,00-0033040,3321.0,1994-03-01,2016.0,WR,32.51745379876797
/nfl/rankings/ppr-cheatsheets.php,redraft-overall,ro,Charlie Kolar,22756,TE,LAC,283.6,36.28,196,361,,charlie-kolar.php,,,0.8,,,,,,7.0,Charlie Kolar,2026-09-04,LAC,charlie kolar,22756,22756.0,00-0038046,8127.0,1999-02-10,2022.0,TE,27.57015742642026
/nfl/rankings/ppr-cheatsheets.php,redraft-overall,ro,Oscar Delp,25430,TE,NO,313.96,32.59,254,382,,oscar-delp.php,,,1.2,,,,,,8.0,Oscar Delp,2026-09-04,NOS,oscar delp,25430,25430.0,00-0041041,13319.0,2003-08-04,2026.0,TE,23.091033538672143
/nfl/rankings/ppr-cheatsheets.php,redraft-overall,ro,Jahan Dotson,23101,WR,ATL,284.48,45.19,170,369,,jahan-dotson.php,,,1.5,,,,,,11.0,Jahan Dotson,2026-09-04,ATL,jahan dotson,23101,23101.0,00-0037741,8119.0,2000-03-22,2022.0,WR,26.458590006844627
/nfl/rankings/ppr-cheatsheets.php,redraft-overall,ro,Charlie Smyth,26444,K,NO,284.75,39.63,192,359,,charlie-smyth.php,,,0.9,,,,,,8.0,Charlie Smyth,2026-09-04,NOS,charlie smyth,26444,,00-0039229,,2001-06-26,2024.0,,25.196440793976727
/nfl/rankings/ppr-cheatsheets.php,redraft-overall,ro,Jaleel McLaughlin,25876,RB,CLE,303.86,24.65,242,379,,jaleel-mclaughlin.php,,,0.6,,,,,,11.0,Jaleel McLaughlin,2026-09-04,CLE,jaleel mclaughlin,25876,25876.0,00-0038794,11439.0,2000-09-13,2023.0,RB,25.97946611909651
/nfl/rankings/ppr-cheatsheets.php,redraft-overall,ro,Xavier Hutchinson,25332,WR,HOU,287.55,44.52,205,384,,xavier-hutchinson.php,,,1.9,,,,,,8.0,Xavier Hutchinson,2026-09-04,HOU,xavier hutchinson,25332,25332.0,00-0038618,10218.0,2000-06-01,2023.0,WR,26.26420260095825
/nfl/rankings/ppr-cheatsheets.php,redraft-overall,ro,Bryce Lance,28129,WR,NO,285.32,43.11,174,385,,bryce-lance.php,,,1.0,,,,,,8.0,Bryce Lance,2026-09-04,NOS,bryce lance,28129,28129.0,00-0041067,13420.0,2002-08-20,2026.0,WR,24.046543463381244
/nfl/rankings/ppr-cheatsheets.php,redraft-overall,ro,Jarquez Hunter,24335,RB,FA,315.09,22.42,271,383,,jarquez-hunter.php,,,1.2,,,,,,,Jarquez Hunter,2026-09-04,FA,jarquez hunter,24335,24335.0,00-0040692,11569.0,2002-12-29,2025.0,RB,23.68788501026694
/nfl/rankings/ppr-cheatsheets.php,redraft-overall,ro,Elijah Arroyo,23004,TE,SEA,310.25,25.9,259,363,,elijah-arroyo.php,,,1.6,,,,,,11.0,Elijah Arroyo,2026-09-04,SEA,elijah arroyo,23004,23004.0,00-0040739,12521.0,2003-04-05,2025.0,TE,23.422313483915126
/nfl/rankings/ppr-cheatsheets.php,redraft-overall,ro,Jalen Tolbert,23770,WR,MIA,294.16,45.95,180,387,,jalen-tolbert.php,,,1.3,,,,,,6.0,Jalen Tolbert,2026-09-04,MIA,jalen tolbert,23770,23770.0,00-0037666,8117.0,1999-02-27,2022.0,WR,27.523613963039015
/nfl/rankings/ppr-cheatsheets.php,redraft-overall,ro,Carson Beck,22953,QB,ARI,322.53,21.19,271,376,,carson-beck.php,,,2.7,,,,,,14.0,Carson Beck,2026-09-04,ARI,carson beck,22953,22953.0,00-0041561,13272.0,2001-11-19,2026.0,QB,24.79671457905544
/nfl/rankings/ppr-cheatsheets.php,redraft-overall,ro,Kareem Hunt,16425,RB,FA,317.31,25.22,251,418,,kareem-hunt.php,,,1.0,,,,,,,Kareem Hunt,2026-09-04,FA,kareem hunt,16425,16425.0,00-0033923,4098.0,1995-08-06,2017.0,RB,31.085557837097877
/nfl/rankings/ppr-cheatsheets.php,redraft-overall,ro,Dallas Cowboys,8080,DST,DAL,247.62,54.29,166,364,,dallas-defense.php,,,24.9,,,,,,14.0,Dallas Cowboys,2026-09-04,DAL,dallas cowboys,8080,,,,,1995.0,,
/nfl/rankings/ppr-cheatsheets.php,redraft-overall,ro,Eli Raridon,28154,TE,NE,315.54,34.37,203,410,,eli-raridon.php,,,1.3,,,,,,11.0,Eli Raridon,2026-09-04,NEP,eli raridon,28154,28154.0,00-0041395,13421.0,2004-02-12,2026.0,TE,22.56536618754278
/nfl/rankings/ppr-cheatsheets.php,redraft-overall,ro,Cole Kmet,19229,TE,CHI,324.18,24.41,256,380,,cole-kmet.php,,,1.8,,,,,,10.0,Cole Kmet,2026-09-04,CHI,cole kmet,19229,19229.0,00-0036290,6826.0,1999-03-10,2020.0,TE,27.49349760438056
/nfl/rankings/ppr-cheatsheets.php,redraft-overall,ro,Dawson Knox,18631,TE,BUF,329.24,30.21,260,413,,dawson-knox.php,,,1.7,,,,,6.0,7.0,Dawson Knox,2026-09-04,BUF,dawson knox,18631,18631.0,00-0035689,5906.0,1996-11-14,2019.0,TE,29.809719370294317
/nfl/rankings/ppr-cheatsheets.php,redraft-overall,ro,Kendrick Bourne,17066,WR,ARI,302.0,43.74,223,443,,kendrick-bourne.php,,,0.8,,,,,,14.0,Kendrick Bourne,2026-09-04,ARI,kendrick bourne,17066,17066.0,00-0033307,4454.0,1995-08-04,2017.0,WR,31.091033538672143
/nfl/rankings/ppr-cheatsheets.php,redraft-overall,ro,Tyler Higbee,15623,TE,LAR,325.16,23.9,274,375,,tyler-higbee.php,,,1.7,,,,,,11.0,Tyler Higbee,2026-09-04,LAR,tyler higbee,15623,15623.0,00-0033110,3271.0,1993-01-01,2016.0,TE,33.67830253251198
/nfl/rankings/ppr-cheatsheets.php,redraft-overall,ro,Erick All Jr.,23837,TE,CIN,317.64,38.93,209,408,,erick-all.php,,,0.6,,,,,,6.0,Erick All,2026-09-04,CIN,erick all,23837,23837.0,00-0039814,11592.0,2000-09-13,2024.0,TE,25.97946611909651
/nfl/rankings/ppr-cheatsheets.php,redraft-overall,ro,Olamide Zaccheaus,18864,WR,ATL,315.45,29.8,234,376,,olamide-zaccheaus.php,,,0.7,,,,,,11.0,Olamide Zaccheaus,2026-09-04,ATL,olamide zaccheaus,18864,18864.0,00-0035208,6271.0,1997-07-23,2019.0,WR,29.12251882272416
/nfl/rankings/ppr-cheatsheets.php,redraft-overall,ro,Konata Mumpfield,27449,WR,LAR,311.95,31.17,247,383,,konata-mumpfield.php,,,0.6,,,,,,11.0,Konata Mumpfield,2026-09-04,LAR,konata mumpfield,27449,27449.0,00-0040590,12718.0,2002-10-24,2025.0,WR,23.86858316221766
/nfl/rankings/ppr-cheatsheets.php,redraft-overall,ro,Bam Knight,24901,RB,ARI,310.5,31.04,237,383,,zonovan-bam-knight.php,,,0.7,,,,,,14.0,Bam Knight,2026-09-04,ARI,bam knight,24901,24901.0,00-0037157,8122.0,2001-04-11,2022.0,RB,25.404517453798768
/nfl/rankings/ppr-cheatsheets.php,redraft-overall,ro,Tez Johnson,27147,WR,TB,316.19,37.4,221,391,,tez-johnson.php,,,0.6,,,,,,10.0,Tez Johnson,2026-09-04,TBB,tez johnson,27147,27147.0,00-0040237,12485.0,2002-05-18,2025.0,WR,24.303901437371664
/nfl/rankings/ppr-cheatsheets.php,redraft-overall,ro,J.J. McCarthy,23018,QB,MIN,330.44,19.19,269,386,,jj-mccarthy.php,,,2.3,,,,,,6.0,JJ McCarthy,2026-09-04,MIN,jj mccarthy,23018,23018.0,00-0039923,11565.0,2003-01-20,2024.0,QB,23.627652292950035
/nfl/rankings/ppr-cheatsheets.php,redraft-overall,ro,Max Klare,27993,TE,LAR,332.08,28.82,274,394,,max-klare.php,,,2.1,,,,,,11.0,Max Klare,2026-09-04,LAR,max klare,27993,27993.0,00-0041510,13278.0,2003-07-08,2026.0,TE,23.16495550992471
/nfl/rankings/ppr-cheatsheets.php,redraft-overall,ro,Jalen Royals,27076,WR,KC,323.19,28.62,270,386,,jalen-royals.php,,,0.6,,,,,,5.0,Jalen Royals,2026-09-04,KCC,jalen royals,27076,27076.0,00-0040646,12505.0,2003-02-18,2025.0,WR,23.548254620123203
/nfl/rankings/ppr-cheatsheets.php,redraft-overall,ro,Joshua Palmer,22845,WR,BUF,312.54,35.08,244,378,,josh-palmer.php,,,0.7,,,,,,7.0,Josh Palmer,2026-09-04,BUF,joshua palmer,22845,22845.0,00-0036988,7670.0,1999-09-22,2021.0,WR,26.95687885010267
/nfl/rankings/ppr-cheatsheets.php,redraft-overall,ro,Tyler Bass,19760,K,BUF,275.3,46.95,216,407,,tyler-bass.php,,,6.8,,,,,,7.0,Tyler Bass,2026-09-04,BUF,tyler bass,19760,19760.0,00-0036162,7042.0,1997-02-14,2020.0,PK,29.557837097878167
/nfl/rankings/ppr-cheatsheets.php,redraft-overall,ro,Brenen Thompson,28133,WR,LAC,318.05,31.44,234,382,,brenen-thompson.php,,,1.0,,,,,,7.0,Brenen Thompson,2026-09-04,LAC,brenen thompson,28133,28133.0,00-0041550,13380.0,2003-07-25,2026.0,WR,23.11841204654346
/nfl/rankings/ppr-cheatsheets.php,redraft-overall,ro,Luke McCaffrey,26328,WR,WAS,325.41,31.0,269,401,,luke-mccaffrey.php,,,0.7,,,,,,7.0,Luke McCaffrey,2026-09-04,WAS,luke mccaffrey,26328,26328.0,00-0039355,11650.0,2001-04-02,2024.0,WR,25.429158110882955
/nfl/rankings/ppr-cheatsheets.php,redraft-overall,ro,Noah Gray,19539,TE,KC,330.02,25.0,274,387,,noah-gray.php,,,0.9,,,,,,5.0,Noah Gray,2026-09-04,KCC,noah gray,19539,19539.0,00-0036637,7828.0,1999-04-30,2021.0,TE,27.353867214236825
/nfl/rankings/ppr-cheatsheets.php,redraft-overall,ro,Joe Mixon,16420,RB,FA,318.14,26.75,256,370,,joe-mixon.php,,,2.6,,,,,,,Joe Mixon,2026-09-04,FA,joe mixon,16420,16420.0,00-0033897,4018.0,1996-07-24,2017.0,RB,30.119096509240247
/nfl/rankings/ppr-cheatsheets.php,redraft-overall,ro,Mac Jones,20156,QB,SF,339.65,22.58,293,440,,mac-jones.php,,,1.5,,,,,,8.0,Mac Jones,2026-09-04,SFO,mac jones,20156,20156.0,00-0036972,7527.0,1998-09-05,2021.0,QB,28.00273785078713
/nfl/rankings/ppr-cheatsheets.php,redraft-overall,ro,Chris Brazzell II,28047,WR,CAR,299.1,39.88,229,378,,chris-brazzell-ii.php,,,1.7,,,,,,5.0,Chris Brazzell,2026-09-04,CAR,chris brazzell,28047,28047.0,00-0041047,13353.0,2003-10-23,2026.0,WR,22.872005475701574
/nfl/rankings/ppr-cheatsheets.php,redraft-overall,ro,Jake Elliott,16540,K,PHI,303.27,37.81,197,380,,jake-elliott.php,,,7.8,,,,,,10.0,Jake Elliott,2026-09-04,PHI,jake elliott,16540,16540.0,00-0033787,4195.0,1995-01-21,2017.0,PK,31.6249144421629
/nfl/rankings/ppr-cheatsheets.php,redraft-overall,ro,Malik Benson,26012,WR,LV,317.06,42.61,232,432,,malik-benson.php,,,0.6,,,,,,13.0,Malik Benson,2026-09-04,LVR,malik benson,26012,26012.0,00-0040894,13329.0,2002-10-17,2026.0,WR,23.887748117727583
/nfl/rankings/ppr-cheatsheets.php,redraft-overall,ro,Cedric Tillman,25287,WR,NO,317.74,32.34,270,379,,cedric-tillman.php,,,0.6,,,,,,8.0,Cedric Tillman,2026-09-04,NOS,cedric tillman,25287,25287.0,00-0038979,10444.0,2000-04-19,2023.0,WR,26.38193018480493
/nfl/rankings/ppr-cheatsheets.php,redraft-overall,ro,Roman Wilson,28896,WR,PIT,301.1,41.85,225,375,,roman-wilson-wr.php,,,0.7,,,,,,9.0,Roman Wilson,2026-09-04,PIT,roman wilson,28896,,00-0039739,11630.0,2001-06-19,2024.0,,25.215605749486652
/nfl/rankings/ppr-cheatsheets.php,redraft-overall,ro,Jacob Saylors,25693,RB,DET,286.24,67.18,156,370,,jacob-saylors.php,,,3.6,,,,,28.0,6.0,Jacob Saylors,2026-09-04,DET,jacob saylors,25693,25693.0,00-0038896,11237.0,2001-03-08,2023.0,RB,25.49760438056126
/nfl/rankings/ppr-cheatsheets.php,redraft-overall,ro,Trey Smack,28507,K,GB,269.91,47.24,212,352,,trey-smack.php,,,12.6,,,,,,11.0,Trey Smack,2026-09-04,GBP,trey smack,28507,,00-0040899,,2003-07-12,2026.0,,23.15400410677618
/nfl/rankings/ppr-cheatsheets.php,redraft-overall,ro,Ja'Tavion Sanders,24334,TE,CAR,336.64,31.8,246,398,,jatavion-sanders.php,,,0.6,,,,,,5.0,JaTavion Sanders,2026-09-04,CAR,jatavion sanders,24334,24334.0,00-0039356,11600.0,2003-03-27,2024.0,TE,23.446954140999317
/nfl/rankings/ppr-cheatsheets.php,redraft-overall,ro,New York Giants,8200,DST,NYG,271.9,54.33,172,384,,new-york-giants-defense.php,,,14.2,,,,,,8.0,New York Giants,2026-09-04,NYG,new york giants,8200,,,,1974-08-25,1995.0,,52.03285420944559
/nfl/rankings/ppr-cheatsheets.php,redraft-overall,ro,Treylon Burks,22905,WR,WAS,318.97,50.09,222,407,,treylon-burks.php,,,1.7,,,,,,7.0,Treylon Burks,2026-09-04,WAS,treylon burks,22905,22905.0,00-0037742,8135.0,2000-03-23,2022.0,WR,26.455852156057496
/nfl/rankings/ppr-cheatsheets.php,redraft-overall,ro,Justin Fields,19781,QB,KC,344.12,21.32,300,388,,justin-fields.php,,,1.5,,,,,,5.0,Justin Fields,2026-09-04,KCC,justin fields,19781,19781.0,00-0036945,7591.0,1999-03-05,2021.0,QB,27.50718685831622
/nfl/rankings/ppr-cheatsheets.php,redraft-overall,ro,Kalif Raymond,16081,WR,CHI,315.83,41.27,225,380,,kalif-raymond.php,,,0.6,,,,,,10.0,Kalif Raymond,2026-09-04,CHI,kalif raymond,16081,16081.0,00-0032464,3634.0,1994-08-08,2016.0,WR,32.07939767282683
/nfl/rankings/ppr-cheatsheets.php,redraft-overall,ro,Eli Heidenreich,28297,RB,PIT,315.83,30.56,242,367,,eli-heidenreich.php,,,1.8,,,,,,9.0,Eli Heidenreich,2026-09-04,PIT,eli heidenreich,28297,28297.0,00-0041490,13423.0,2003-06-28,2026.0,RB,23.19233401779603
/nfl/rankings/ppr-cheatsheets.php,redraft-overall,ro,Ty Simpson,25368,QB,LAR,350.1,23.04,301,400,,ty-simpson.php,,,2.7,,,,,,11.0,Ty Simpson,2026-09-04,LAR,ty simpson,25368,25368.0,00-0041568,13275.0,2002-12-21,2026.0,QB,23.709787816564
/nfl/rankings/ppr-cheatsheets.php,redraft-overall,ro,Zavion Thomas,28132,WR,CHI,331.31,34.83,262,438,,zavion-thomas.php,,,2.2,,,,,,10.0,Zavion Thomas,2026-09-04,CHI,zavion thomas,28132,28132.0,00-0041051,13411.0,2004-02-14,2026.0,WR,22.559890485968516
/nfl/rankings/ppr-cheatsheets.php,redraft-overall,ro,Carolina Panthers,8040,DST,CAR,294.18,57.09,185,365,,carolina-defense.php,,,3.0,,,,,,5.0,Carolina Panthers,2026-09-04,CAR,carolina panthers,8040,,,,,1989.0,,
/nfl/rankings/ppr-cheatsheets.php,redraft-overall,ro,Roschon Johnson,25322,RB,CHI,313.63,39.65,233,387,,roschon-johnson.php,,,0.6,,,,,,10.0,Roschon Johnson,2026-09-04,CHI,roschon johnson,25322,25322.0,00-0039021,10235.0,2001-01-31,2023.0,RB,25.596167008898014
/nfl/rankings/ppr-cheatsheets.php,redraft-overall,ro,Tampa Bay Buccaneers,8290,DST,TB,303.05,58.49,188,383,,tampa-bay-defense.php,,,14.3,,,,,,10.0,Tampa Bay Buccaneers,2026-09-04,TBB,tampa bay buccaneers,8290,,,,,1986.0,,
/nfl/rankings/ppr-cheatsheets.php,redraft-overall,ro,Kevin Coleman Jr.,28067,WR,MIA,330.81,39.58,241,417,,kevin-coleman-jr.php,,,1.1,,,,,,6.0,Kevin Coleman,2026-09-04,MIA,kevin coleman,28067,28067.0,00-0041529,13338.0,2003-09-10,2026.0,WR,22.989733059548254
/nfl/rankings/ppr-cheatsheets.php,redraft-overall,ro,Michael Carter,22728,RB,TEN,325.71,27.42,282,410,,michael-carter-rb.php,,,1.0,,,,,,9.0,Michael Carter,2026-09-04,TEN,michael carter,22728,22728.0,00-0036924,7607.0,1999-05-07,2021.0,RB,27.3347022587269
/nfl/rankings/ppr-cheatsheets.php,redraft-overall,ro,Anthony Richardson Sr.,24347,QB,IND,347.16,23.55,291,386,,anthony-richardson.php,,,1.7,,,,,,13.0,Anthony Richardson,2026-09-04,IND,anthony richardson,24347,24347.0,00-0039164,9229.0,2002-05-22,2023.0,QB,24.292950034223136
/nfl/rankings/ppr-cheatsheets.php,redraft-overall,ro,Odell Beckham Jr.,12127,WR,NYG,321.36,45.4,224,384,,odell-beckham.php,,,4.3,,,,,,8.0,Odell Beckham,2026-09-04,NYG,odell beckham,12127,12127.0,00-0031235,2078.0,1992-11-05,2014.0,WR,33.83436002737851
/nfl/rankings/ppr-cheatsheets.php,redraft-overall,ro,Savion Williams,27144,WR,GB,347.5,28.18,290,441,,savion-williams.php,,,0.7,,,,,,11.0,Savion Williams,2026-09-04,GBP,savion williams,27144,27144.0,00-0040009,12482.0,2001-11-22,2025.0,WR,24.788501026694046
/nfl/rankings/ppr-cheatsheets.php,redraft-overall,ro,Noah Fant,17527,TE,NO,349.73,25.02,281,393,,noah-fant.php,,,1.3,,,,,,8.0,Noah Fant,2026-09-04,NOS,noah fant,17527,17527.0,00-0035644,5857.0,1997-11-20,2019.0,TE,28.79397672826831
/nfl/rankings/ppr-cheatsheets.php,redraft-overall,ro,Demarcus Robinson,15665,WR,SF,330.17,47.5,244,411,,demarcus-robinson.php,,,0.8,,,,,,8.0,Demarcus Robinson,2026-09-04,SFO,demarcus robinson,15665,15665.0,00-0032775,3286.0,1994-09-21,2016.0,WR,31.958932238193018
/nfl/rankings/ppr-cheatsheets.php,redraft-overall,ro,KaVontae Turpin,18520,WR,DAL,323.38,49.19,216,430,,kavontae-turpin.php,,,2.6,,,,,,14.0,KaVontae Turpin,2026-09-04,DAL,kavontae turpin,18520,18520.0,00-0037801,8917.0,1996-08-02,2022.0,WR,30.094455852156056
/nfl/rankings/ppr-cheatsheets.php,redraft-overall,ro,Raheim Sanders,24351,RB,CLE,331.7,28.2,274,387,,raheim-sanders.php,,,0.6,,,,,,11.0,Raheim Sanders,2026-09-04,CLE,raheim sanders,24351,24351.0,00-0040466,12472.0,2002-06-08,2025.0,RB,24.246406570841888
/nfl/rankings/ppr-cheatsheets.php,redraft-overall,ro,Sione Vaki,26309,RB,DET,320.1,39.71,194,381,,sione-vaki.php,,,0.7,,,,,,6.0,Sione Vaki,2026-09-04,DET,sione vaki,26309,26309.0,00-0039364,11729.0,2001-07-30,2024.0,RB,25.10335386721424
/nfl/rankings/ppr-cheatsheets.php,redraft-overall,ro,Kyle Juszczyk,11798,RB,SF,290.8,33.04,228,338,,kyle-juszczyk.php,,,0.8,,,,,,8.0,Kyle Juszczyk,2026-09-04,SFO,kyle juszczyk,11798,11798.0,00-0029892,1379.0,1991-04-23,2013.0,RB,35.37303216974675
/nfl/rankings/ppr-cheatsheets.php,redraft-overall,ro,Colbie Young,26037,WR,CIN,337.79,30.75,287,385,,colbie-young.php,,,0.9,,,,,,6.0,Colbie Young,2026-09-04,CIN,colbie young,26037,26037.0,00-0041069,13477.0,2002-07-24,2026.0,WR,24.12046543463381
/nfl/rankings/ppr-cheatsheets.php,redraft-overall,ro,Tutu Atwell,20126,WR,LAR,345.96,40.04,261,421,,tutu-atwell.php,,,0.7,,,,,,11.0,Tutu Atwell,2026-09-04,LAR,tutu atwell,20126,20126.0,00-0036849,7562.0,1999-10-07,2021.0,WR,26.915811088295687
/nfl/rankings/ppr-cheatsheets.php,redraft-overall,ro,Joe Flacco,9300,QB,CIN,351.79,29.0,288,401,,joe-flacco.php,,,1.1,,,,,,6.0,Joe Flacco,2026-09-04,CIN,joe flacco,9300,9300.0,00-0026158,19.0,1985-01-16,2008.0,QB,41.637234770705
/nfl/rankings/ppr-cheatsheets.php,redraft-overall,ro,Dont'e Thornton Jr.,27288,WR,LV,338.3,32.8,286,397,,donte-thornton-jr.php,,,0.7,,,,,,13.0,Donte Thornton,2026-09-04,LVR,donte thornton,27288,27288.0,00-0040581,12541.0,2002-11-30,2025.0,WR,23.76728268309377
/nfl/rankings/ppr-cheatsheets.php,redraft-overall,ro,John Metchie III,22895,WR,CAR,335.59,36.37,287,413,,john-metchie.php,,,1.3,,,,,,5.0,John Metchie,2026-09-04,CAR,john metchie,22895,22895.0,00-0037614,8147.0,2000-07-18,2022.0,WR,26.135523613963038
/nfl/rankings/ppr-cheatsheets.php,redraft-overall,ro,Rasheen Ali,25983,RB,BAL,326.53,25.94,257,366,,rasheen-ali.php,,,0.6,,,,,,13.0,Rasheen Ali,2026-09-04,BAL,rasheen ali,25983,25983.0,00-0039796,11570.0,2001-02-16,2024.0,RB,25.5523613963039
/nfl/rankings/ppr-cheatsheets.php,redraft-overall,ro,Jameis Winston,13891,QB,NYG,356.46,23.74,319,398,,jameis-winston.php,,,1.0,,,,,,8.0,Jameis Winston,2026-09-04,NYG,jameis winston,13891,13891.0,00-0031503,2306.0,1994-01-06,2015.0,QB,32.6652977412731
/nfl/rankings/ppr-cheatsheets.php,redraft-overall,ro,Daniel Carlson,17420,K,NO,266.18,62.45,209,402,,daniel-carlson.php,,,1.2,,,,,,8.0,Daniel Carlson,2026-09-04,NOS,daniel carlson,17420,17420.0,00-0034161,5095.0,1995-01-23,2018.0,PK,31.619438740588638
/nfl/rankings/ppr-cheatsheets.php,redraft-overall,ro,Tennessee Titans,8300,DST,TEN,235.78,57.42,188,354,,tennessee-defense.php,,,9.8,,,,,,9.0,Tennessee Titans,2026-09-04,TEN,tennessee titans,8300,,,,,1970.0,,
/nfl/rankings/ppr-cheatsheets.php,redraft-overall,ro,Tommy Tremble,22795,TE,CAR,350.79,27.62,290,400,,tommy-tremble.php,,,0.6,,,,,,5.0,Tommy Tremble,2026-09-04,CAR,tommy tremble,22795,22795.0,00-0037005,7694.0,2000-06-02,2021.0,TE,26.261464750171115
/nfl/rankings/ppr-cheatsheets.php,redraft-overall,ro,Jawhar Jordan,26329,RB,HOU,342.43,36.2,283,406,,jawhar-jordan.php,,,0.6,,,,,,8.0,Jawhar Jordan,2026-09-04,HOU,jawhar jordan,26329,26329.0,00-0039405,11588.0,1999-08-18,2024.0,RB,27.052703627652292
/nfl/rankings/ppr-cheatsheets.php,redraft-overall,ro,CJ Daniels,28125,WR,LAR,347.32,29.56,288,415,,cj-daniels.php,,,1.3,,,,,,11.0,CJ Daniels,2026-09-04,LAR,cj daniels,28125,28125.0,00-0041399,,2002-01-04,2026.0,WR,24.670773442847366
/nfl/rankings/ppr-cheatsheets.php,redraft-overall,ro,Jaylin Lane,27454,WR,WAS,354.67,29.07,298,409,,jaylin-lane.php,,,0.6,,,,,,7.0,Jaylin Lane,2026-09-04,WAS,jaylin lane,27454,27454.0,00-0040164,12641.0,2002-05-01,2025.0,WR,24.35044490075291
/nfl/rankings/ppr-cheatsheets.php,redraft-overall,ro,Justin Joly,28079,TE,MIA,352.09,20.14,313,377,,justin-joly.php,,,1.3,,,,,,6.0,Justin Joly,2026-09-04,MIA,justin joly,28079,28079.0,00-0041077,13400.0,2004-07-09,2026.0,TE,22.16016427104723
/nfl/rankings/ppr-cheatsheets.php,redraft-overall,ro,Zane Gonzalez,16548,K,FA,290.18,60.89,203,405,,zane-gonzalez.php,,,1.9,,,,,,,Zane Gonzalez,2026-09-04,FA,zane gonzalez,16548,16548.0,00-0033862,4233.0,1995-05-07,2017.0,PK,31.3347022587269
/nfl/rankings/ppr-cheatsheets.php,redraft-overall,ro,Spencer Shrader,26763,K,IND,267.56,37.03,216,325,,spencer-shrader.php,,,2.7,,,,,,13.0,Spencer Shrader,2026-09-04,IND,spencer shrader,26763,,00-0039576,12185.0,1999-05-19,2024.0,,27.301848049281315
/nfl/rankings/ppr-cheatsheets.php,redraft-overall,ro,J'Mari Taylor,28109,RB,JAC,332.13,22.93,301,365,,jmari-taylor.php,,,2.3,,,,,,7.0,JMari Taylor,2026-09-04,JAC,jmari taylor,28109,28109.0,00-0041217,13348.0,2002-02-06,2026.0,RB,24.580424366872005
/nfl/rankings/ppr-cheatsheets.php,redraft-overall,ro,Cincinnati Bengals,8060,DST,CIN,268.0,59.79,190,353,,cincinnati-defense.php,,,3.0,,,,,,6.0,Cincinnati Bengals,2026-09-04,CIN,cincinnati bengals,8060,,,,,1970.0,,
/nfl/rankings/ppr-cheatsheets.php,redraft-overall,ro,Ben Sinnott,26310,TE,WAS,355.95,14.99,331,388,,ben-sinnott.php,,,0.6,,,,,,7.0,Ben Sinnott,2026-09-04,WAS,ben sinnott,26310,26310.0,00-0039912,11596.0,2002-06-14,2024.0,TE,24.229979466119097
/nfl/rankings/ppr-cheatsheets.php,redraft-overall,ro,Marcus Mariota,13890,QB,WAS,351.89,30.87,290,407,,marcus-mariota.php,,,0.8,,,,,,7.0,Marcus Mariota,2026-09-04,WAS,marcus mariota,13890,13890.0,00-0032268,2307.0,1993-10-30,2015.0,QB,32.851471594798085
/nfl/rankings/ppr-cheatsheets.php,redraft-overall,ro,Nick Folk,9491,K,ATL,266.63,61.17,187,365,,nick-folk.php,,,3.2,,,,,,11.0,Nick Folk,2026-09-04,ATL,nick folk,9491,9491.0,00-0025565,650.0,1984-11-05,2007.0,PK,41.83436002737851
/nfl/rankings/ppr-cheatsheets.php,redraft-overall,ro,Ashton Dulin,18656,WR,IND,337.47,30.32,295,391,,ashton-dulin.php,,,0.7,,,,,,13.0,Ashton Dulin,2026-09-04,IND,ashton dulin,18656,18656.0,00-0035021,6427.0,1997-05-15,2019.0,WR,29.311430527036276
/nfl/rankings/ppr-cheatsheets.php,redraft-overall,ro,Barion Brown,25416,WR,NO,316.0,47.84,262,396,,barion-brown.php,,,1.4,,,,,,8.0,Barion Brown,2026-09-04,NOS,barion brown,25416,25416.0,00-0041099,13533.0,2003-12-12,2026.0,WR,22.73511293634497
/nfl/rankings/ppr-cheatsheets.php,redraft-overall,ro,Blake Grupe,25533,K,NYJ,279.5,52.84,205,363,,blake-grupe.php,,,0.9,,,,,,13.0,Blake Grupe,2026-09-04,NYJ,blake grupe,25533,25533.0,00-0038905,11058.0,1998-11-05,2023.0,PK,27.835728952772072
/nfl/rankings/ppr-cheatsheets.php,redraft-overall,ro,Cade Klubnik,24361,QB,NYJ,352.76,23.29,297,388,,cade-klubnik.php,,,1.2,,,,,,13.0,Cade Klubnik,2026-09-04,NYJ,cade klubnik,24361,24361.0,00-0041056,13303.0,2003-10-10,2026.0,QB,22.90759753593429
/nfl/rankings/ppr-cheatsheets.php,redraft-overall,ro,Daniel Bellinger,24238,TE,TEN,367.05,17.47,338,405,,daniel-bellinger.php,,,1.5,,,,,,9.0,Daniel Bellinger,2026-09-04,TEN,daniel bellinger,24238,24238.0,00-0038115,8225.0,2000-09-22,2022.0,TE,25.95482546201232
/nfl/rankings/ppr-cheatsheets.php,redraft-overall,ro,Mitchell Evans,27138,TE,CAR,365.15,24.35,298,404,,mitchell-evans.php,,,1.0,,,,,,5.0,Mitchell Evans,2026-09-04,CAR,mitchell evans,27138,27138.0,00-0040187,12473.0,2003-03-18,2025.0,TE,23.471594798083505
/nfl/rankings/ppr-cheatsheets.php,redraft-overall,ro,Luke Musgrave,25282,TE,GB,359.94,17.76,328,390,,luke-musgrave.php,,,0.8,,,,,,11.0,Luke Musgrave,2026-09-04,GBP,luke musgrave,25282,25282.0,00-0039144,9481.0,2000-09-02,2023.0,TE,26.00958247775496
/nfl/rankings/ppr-cheatsheets.php,redraft-overall,ro,Ryan Fitzgerald,27261,K,CAR,282.57,78.42,203,406,,ryan-fitzgerald.php,,,0.9,,,,,,5.0,Ryan Fitzgerald,2026-09-04,CAR,ryan fitzgerald,27261,,00-0040279,12961.0,2000-08-13,2025.0,,26.064339493497606
/nfl/rankings/ppr-cheatsheets.php,redraft-overall,ro,Devontez Walker,26011,WR,BAL,345.92,45.91,286,448,,devontez-walker.php,,,0.6,,,,,,13.0,Devontez Walker,2026-09-04,BAL,devontez walker,26011,26011.0,00-0039792,11629.0,2001-06-19,2024.0,WR,25.215605749486652
/nfl/rankings/ppr-cheatsheets.php,redraft-overall,ro,Nick Westbrook-Ikhine,19747,WR,FA,357.93,30.64,312,411,,nick-westbrook.php,,,0.6,,,,,,,Nick Westbrook-Ikhine,2026-09-04,FA,nick westbrook-ikhine,19747,19747.0,00-0036182,7496.0,1997-03-21,2020.0,WR,29.462012320328544
/nfl/rankings/ppr-cheatsheets.php,redraft-overall,ro,Joey Slye,19028,K,TEN,295.14,72.38,203,401,,joey-slye.php,,,1.0,,,,,,9.0,Joey Slye,2026-09-04,TEN,joey slye,19028,19028.0,00-0035192,6528.0,1996-04-10,2019.0,PK,30.406570841889117
/nfl/rankings/ppr-cheatsheets.php,redraft-overall,ro,Jordan Whittington,23135,WR,LAR,361.13,34.95,319,439,,jordan-whittington.php,,,0.6,,,,,,11.0,Jordan Whittington,2026-09-04,LAR,jordan whittington,23135,23135.0,00-0039751,11623.0,2000-10-01,2024.0,WR,25.930184804928132
/nfl/rankings/ppr-cheatsheets.php,redraft-overall,ro,Washington Commanders,8310,DST,WAS,276.5,88.48,190,400,,washington-defense.php,,,5.7,,,,,,7.0,Washington Commanders,2026-09-04,WAS,washington commanders,8310,,,,,,,
/nfl/rankings/ppr-cheatsheets.php,redraft-overall,ro,Las Vegas Raiders,8220,DST,LV,281.5,55.31,188,359,,las-vegas-defense.php,,,8.5,,,,,,13.0,Las Vegas Raiders,2026-09-04,LVR,las vegas raiders,8220,,,,,,,
/nfl/rankings/ppr-cheatsheets.php,redraft-overall,ro,Isaiah Williams,26379,WR,NYJ,307.29,25.84,272,345,,isaiah-williams-wr.php,,,0.6,,,,,,13.0,Isaiah Williams,2026-09-04,NYJ,isaiah williams,26379,26379.0,00-0039451,11608.0,2001-01-29,2024.0,WR,25.60164271047228
/nfl/rankings/ppr-cheatsheets.php,redraft-overall,ro,Corey Kiner,22997,RB,NE,334.0,33.51,288,389,,corey-kiner.php,,,1.0,,,,,,11.0,Corey Kiner,2026-09-04,NEP,corey kiner,22997,22997.0,00-0040556,12491.0,2002-01-21,2025.0,RB,24.62422997946612
/nfl/rankings/ppr-cheatsheets.php,redraft-overall,ro,Jeremy McNichols,16445,RB,WAS,334.0,22.52,304,370,,jeremy-mcnichols.php,,,1.1,,,,,,7.0,Jeremy McNichols,2026-09-04,WAS,jeremy mcnichols,16445,16445.0,00-0033955,4219.0,1995-12-26,2017.0,RB,30.69678302532512
/nfl/rankings/ppr-cheatsheets.php,redraft-overall,ro,Elijah Higgins,23119,TE,ARI,367.33,23.31,336,425,,elijah-higgins.php,,,0.6,,,,,,14.0,Elijah Higgins,2026-09-04,ARI,elijah higgins,23119,23119.0,00-0039041,10231.0,2000-10-27,2023.0,TE,25.859000684462696
/nfl/rankings/ppr-cheatsheets.php,redraft-overall,ro,Chad Ryland,25354,K,ARI,296.33,75.99,197,391,,chad-ryland.php,,,1.3,,,,,,14.0,Chad Ryland,2026-09-04,ARI,chad ryland,25354,25354.0,00-0038567,10955.0,1999-10-15,2023.0,PK,26.89390828199863
/nfl/rankings/ppr-cheatsheets.php,redraft-overall,ro,Jam Miller,27326,RB,FA,350.27,25.77,304,383,,jam-miller.php,,,1.3,,,,,,,Jam Miller,2026-09-04,FA,jam miller,27326,27326.0,00-0041129,13403.0,2004-04-29,2026.0,RB,22.354551676933607
/nfl/rankings/ppr-cheatsheets.php,redraft-overall,ro,Khalil Herbert,22763,RB,FA,279.2,58.65,219,380,,khalil-herbert.php,,,1.2,,,,,,,Khalil Herbert,2026-09-04,FA,khalil herbert,22763,22763.0,00-0036906,7608.0,1998-04-21,2021.0,RB,28.37782340862423
/nfl/rankings/ppr-cheatsheets.php,redraft-overall,ro,Dylan Laube,26194,RB,LV,339.78,34.9,284,394,,dylan-laube.php,,,0.8,,,,,,13.0,Dylan Laube,2026-09-04,LVR,dylan laube,26194,26194.0,00-0039407,11574.0,1999-12-14,2024.0,RB,26.729637234770706
/nfl/rankings/ppr-cheatsheets.php,redraft-overall,ro,Ben Sauls,27798,K,FA,290.4,93.59,192,450,,ben-sauls.php,,,0.7,,,,,,,Ben Sauls,2026-09-04,FA,ben sauls,27798,,00-0040530,,2001-07-31,2025.0,,25.100616016427104
/nfl/rankings/ppr-cheatsheets.php,redraft-overall,ro,Phil Mafah,22928,RB,FA,350.3,28.82,297,396,,phil-mafah.php,,,0.6,,,,,,,Phil Mafah,2026-09-04,FA,phil mafah,22928,22928.0,00-0040021,12738.0,2002-10-24,2025.0,RB,23.86858316221766
/nfl/rankings/ppr-cheatsheets.php,redraft-overall,ro,Jonnu Smith,16460,TE,GB,358.18,39.24,285,426,,jonnu-smith.php,,,0.9,,,,,11.0,11.0,Jonnu Smith,2026-09-04,GBP,jonnu smith,16460,16460.0,00-0033858,4144.0,1995-08-22,2017.0,TE,31.041752224503764
/nfl/rankings/ppr-cheatsheets.php,redraft-overall,ro,Austin Hooper,15581,TE,ATL,362.83,26.85,309,395,,austin-hooper.php,,,0.9,,,,,,11.0,Austin Hooper,2026-09-04,ATL,austin hooper,15581,15581.0,00-0032392,3202.0,1994-10-29,2016.0,TE,31.854893908281998
/nfl/rankings/ppr-cheatsheets.php,redraft-overall,ro,Brandon McManus,13274,K,FA,290.2,74.79,198,392,,brandon-mcmanus.php,,,0.6,,,,,,,Brandon McManus,2026-09-04,FA,brandon mcmanus,13274,13274.0,00-0029822,1433.0,1991-07-25,2014.0,PK,35.11841204654346
/nfl/rankings/ppr-cheatsheets.php,redraft-overall,ro,Antonio Williams,19843,RB,FA,292.8,42.93,252,366,,antonio-williams.php,,,1.0,,,,,,,Antonio Williams,2026-09-04,FA,antonio williams,19843,19843.0,00-0036188,7203.0,1997-10-22,2020.0,RB,28.87337440109514
/nfl/rankings/ppr-cheatsheets.php,redraft-overall,ro,Austin Ekeler,16483,RB,FA,354.9,26.85,309,394,,austin-ekeler.php,,,0.6,,,,,,,Austin Ekeler,2026-09-04,FA,austin ekeler,16483,16483.0,00-0033699,4663.0,1995-05-17,2017.0,RB,31.307323750855577
/nfl/rankings/ppr-cheatsheets.php,redraft-overall,ro,Miami Dolphins,8160,DST,MIA,329.71,53.8,206,390,,miami-defense.php,,,5.6,,,,,,6.0,Miami Dolphins,2026-09-04,MIA,miami dolphins,8160,,,,,1970.0,,
/nfl/rankings/ppr-cheatsheets.php,redraft-overall,ro,Tyler Goodson,22976,RB,ATL,330.14,36.55,258,370,,tyler-goodson.php,,,1.2,,,,,,11.0,Tyler Goodson,2026-09-04,ATL,tyler goodson,22976,22976.0,00-0037120,8207.0,2000-11-10,2022.0,RB,25.82067077344285
/nfl/rankings/ppr-cheatsheets.php,redraft-overall,ro,Ronnie Rivers,23986,RB,LAR,331.14,40.57,257,364,,ronnie-rivers.php,,,0.6,,,,,,11.0,Ronnie Rivers,2026-09-04,LAR,ronnie rivers,23986,23986.0,00-0037557,8195.0,1999-01-31,2022.0,RB,27.59753593429158
/nfl/rankings/ppr-cheatsheets.php,redraft-overall,ro,Dohnte Meyers,28178,WR,CIN,298.2,53.19,239,376,,dohnte-meyers.php,,,1.4,,,,,,6.0,Dohnte Meyers,2026-09-04,CIN,dohnte meyers,28178,28178.0,00-0040785,13264.0,2000-07-06,2025.0,WR,26.168377823408623
/nfl/rankings/ppr-cheatsheets.php,redraft-overall,ro,Matt Hibner,28168,TE,BAL,350.89,26.58,306,392,,matthew-hibner.php,,,1.2,,,,,,13.0,Matt Hibner,2026-09-04,BAL,matt hibner,28168,,,,,,,
/nfl/rankings/ppr-cheatsheets.php,redraft-overall,ro,Hunter Luepke,25941,RB,DAL,345.63,42.43,259,393,,hunter-luepke.php,,,0.6,,,,,,14.0,Hunter Luepke,2026-09-04,DAL,hunter luepke,25941,25941.0,00-0038738,11510.0,2000-02-28,2023.0,RB,26.521560574948666
/nfl/rankings/ppr-cheatsheets.php,redraft-overall,ro,John Bates,22833,TE,WAS,340.0,39.0,300,429,,john-bates.php,,,1.2,,,,,,7.0,John Bates,2026-09-04,WAS,john bates,22833,22833.0,00-0036628,7716.0,1997-11-06,2021.0,TE,28.83230663928816
/nfl/rankings/ppr-cheatsheets.php,redraft-overall,ro,Dameon Pierce,22947,RB,PHI,361.9,24.82,326,394,,dameon-pierce.php,,,1.5,,,,,,10.0,Dameon Pierce,2026-09-04,PHI,dameon pierce,22947,22947.0,00-0037258,8129.0,2000-02-19,2022.0,RB,26.546201232032853
/nfl/rankings/ppr-cheatsheets.php,redraft-overall,ro,Marlin Klein,28157,TE,HOU,369.18,25.64,321,402,,marlin-klein.php,,,0.6,,,,,,8.0,Marlin Klein,2026-09-04,HOU,marlin klein,28157,28157.0,00-0041472,13307.0,2002-09-17,2026.0,TE,23.969883641341546
/nfl/rankings/ppr-cheatsheets.php,redraft-overall,ro,Tai Felton,27182,WR,MIN,357.88,45.26,298,453,,tai-felton.php,,,0.6,,,,,,6.0,Tai Felton,2026-09-04,MIN,tai felton,27182,27182.0,00-0040154,12496.0,2003-03-15,2025.0,WR,23.479808350444902
/nfl/rankings/ppr-cheatsheets.php,redraft-overall,ro,New York Jets,8210,DST,NYJ,319.2,79.74,191,428,,new-york-jets-defense.php,,,3.7,,,,,,13.0,New York Jets,2026-09-04,NYJ,new york jets,8210,,,,,1992.0,,
/nfl/rankings/ppr-cheatsheets.php,redraft-overall,ro,Joe Milton III,25967,QB,DAL,360.44,18.49,330,386,,joe-milton.php,,,0.6,,,,,,14.0,Joe Milton,2026-09-04,DAL,joe milton,25967,25967.0,00-0039398,11557.0,2000-03-06,2024.0,QB,26.50239561943874
/nfl/rankings/ppr-cheatsheets.php,redraft-overall,ro,Dyami Brown,20113,WR,WAS,374.09,31.98,341,452,,dyami-brown.php,,,0.6,,,,,,7.0,Dyami Brown,2026-09-04,WAS,dyami brown,20113,20113.0,00-0036626,7587.0,1999-11-01,2021.0,WR,26.847364818617386
/nfl/rankings/ppr-cheatsheets.php,redraft-overall,ro,Deion Burks,27093,WR,IND,367.56,41.09,316,451,,deion-burks.php,,,2.0,,,,,,13.0,Deion Burks,2026-09-04,IND,deion burks,27093,27093.0,00-0041132,13333.0,2003-01-08,2026.0,WR,23.66050650239562
/nfl/rankings/ppr-cheatsheets.php,redraft-overall,ro,Greg Dortch,18585,WR,BUF,357.88,21.04,326,391,,greg-dortch.php,,,0.6,,,,,,7.0,Greg Dortch,2026-09-04,BUF,greg dortch,18585,18585.0,00-0035500,5970.0,1998-05-29,2019.0,WR,28.27378507871321
/nfl/rankings/ppr-cheatsheets.php,redraft-overall,ro,Drew Stevens,28175,K,WAS,304.0,46.91,253,362,,drew-stevens.php,,,0.5,,,,,,7.0,Drew Stevens,2026-09-04,WAS,drew stevens,28175,,00-0041182,,2003-12-09,2026.0,,22.743326488706366
/nfl/rankings/ppr-cheatsheets.php,redraft-overall,ro,Zavier Scott,25748,RB,CHI,305.25,29.25,264,338,,zavier-scott.php,,,1.1,,,,,,10.0,Zavier Scott,2026-09-04,CHI,zavier scott,25748,25748.0,00-0038440,11299.0,1999-07-17,2023.0,RB,27.140314852840522
/nfl/rankings/ppr-cheatsheets.php,redraft-overall,ro,Terrell Jennings,26964,RB,FA,344.17,40.19,285,398,,terrell-jennings.php,,,1.0,,,,,,,Terrell Jennings,2026-09-04,FA,terrell jennings,26964,26964.0,00-0039757,12412.0,2001-03-01,2024.0,RB,25.516769336071185
/nfl/rankings/ppr-cheatsheets.php,redraft-overall,ro,AJ Dillon,19358,RB,CAR,332.2,44.64,263,393,,aj-dillon.php,,,0.6,,,,,36.0,5.0,AJ Dillon,2026-09-04,CAR,aj dillon,19358,19358.0,00-0036265,6828.0,1998-05-02,2020.0,RB,28.347707049965777
/nfl/rankings/ppr-cheatsheets.php,redraft-overall,ro,Marquez Valdes-Scantling,17528,WR,FA,339.6,78.54,197,427,,marquez-valdesscantling.php,,,0.7,,,,,,,Marquez Valdes-Scantling,2026-09-04,FA,marquez valdes-scantling,17528,17528.0,00-0034272,5086.0,1994-10-10,2018.0,WR,31.906913073237508
/nfl/rankings/ppr-cheatsheets.php,redraft-overall,ro,Josh Williams,27444,RB,TB,321.25,29.34,278,360,,josh-williams-rb.php,,,0.1,,,,,,10.0,Josh Williams,2026-09-04,TBB,josh williams,27444,27444.0,00-0040429,12787.0,2001-06-09,2025.0,RB,25.242984257357975
/nfl/rankings/ppr-cheatsheets.php,redraft-overall,ro,Jacob Cowing,25289,WR,SF,349.0,64.93,251,446,,jacob-cowing.php,,,1.0,,,,,,8.0,Jacob Cowing,2026-09-04,SFO,jacob cowing,25289,25289.0,00-0039365,11616.0,2001-02-04,2024.0,WR,25.585215605749486
/nfl/rankings/ppr-cheatsheets.php,redraft-overall,ro,Ameer Abdullah,13924,RB,JAC,343.4,31.8,304,389,,ameer-abdullah.php,,,0.6,,,,,21.0,7.0,Ameer Abdullah,2026-09-04,JAC,ameer abdullah,13924,13924.0,00-0032104,2359.0,1993-06-13,2015.0,RB,33.23203285420944
/nfl/rankings/ppr-cheatsheets.php,redraft-overall,ro,Arizona Cardinals,8000,DST,ARI,304.0,65.67,212,361,,arizona-defense.php,,,4.6,,,,,,14.0,Arizona Cardinals,2026-09-04,ARI,arizona cardinals,8000,,,,,1991.0,,
/nfl/rankings/ppr-cheatsheets.php,redraft-overall,ro,Jahdae Walker,27810,WR,CHI,332.25,30.78,301,365,,jahdae-walker.php,,,0.8,,,,,,10.0,Jahdae Walker,2026-09-04,CHI,jahdae walker,27810,27810.0,00-0040277,13079.0,2002-07-05,2025.0,WR,24.17248459958932
/nfl/rankings/ppr-cheatsheets.php,redraft-overall,ro,Jalen Reagor,19219,WR,FA,334.5,49.12,260,387,,jalen-reagor.php,,,0.0,,,,,,,Jalen Reagor,2026-09-04,FA,jalen reagor,19219,19219.0,00-0036387,6798.0,1999-01-02,2020.0,WR,27.67693360711841
/nfl/rankings/ppr-cheatsheets.php,redraft-overall,ro,Elijah Moore,20114,WR,PHI,338.25,31.4,300,374,,elijah-moore.php,,,0.6,,,,,,10.0,Elijah Moore,2026-09-04,PHI,elijah moore,20114,20114.0,00-0036980,7596.0,2000-03-27,2021.0,WR,26.444900752908968
/nfl/rankings/ppr-cheatsheets.php,redraft-overall,ro,Tommy Myers,25167,TE,FA,355.2,42.69,304,423,,tommy-myers.php,,,0.0,,,,,,,Tommy Myers,2026-09-04,FA,tommy myers,25167,,,,,,,
/nfl/rankings/ppr-cheatsheets.php,redraft-overall,ro,Chris Blair,22684,WR,ATL,314.33,38.42,261,350,,chris-blair.php,,,0.0,,,,,,11.0,Chris Blair,2026-09-04,ATL,chris blair,22684,22684.0,00-0036463,7521.0,1997-10-06,2021.0,WR,28.917180013689254
/nfl/rankings/ppr-cheatsheets.php,redraft-overall,ro,Antonio Gibson,19624,RB,FA,368.33,40.47,313,431,,antonio-gibson.php,,,1.3,,,,,,,Antonio Gibson,2026-09-04,FA,antonio gibson,19624,19624.0,00-0036328,6945.0,1998-06-23,2020.0,RB,28.205338809034906
/nfl/rankings/ppr-cheatsheets.php,redraft-overall,ro,Reggie Virgil,28141,WR,ARI,341.25,36.85,287,391,,reggie-virgil.php,,,0.7,,,,,,14.0,Reggie Virgil,2026-09-04,ARI,reggie virgil,28141,28141.0,00-0041070,13297.0,2004-05-14,2026.0,WR,22.313483915126625
/nfl/rankings/ppr-cheatsheets.php,redraft-overall,ro,Dominic Zvada,28176,K,NYG,342.0,17.68,324,371,,dominic-zvada.php,,,1.5,,,,,,8.0,Dominic Zvada,2026-09-04,NYG,dominic zvada,28176,,00-0041145,,2003-10-25,2026.0,,22.86652977412731
/nfl/rankings/ppr-cheatsheets.php,redraft-overall,ro,Max Bredeson,28434,RB,MIN,319.33,35.31,279,365,,max-bredeson.php,,,0.1,,,,,,6.0,Max Bredeson,2026-09-04,MIN,max bredeson,28434,,00-0041081,,2002-10-04,2026.0,,23.923340177960302
/nfl/rankings/ppr-cheatsheets.php,redraft-overall,ro,Reggie Gilliam,19844,RB,NE,360.2,32.76,301,394,,reggie-gilliam.php,,,0.1,,,,,,11.0,Reggie Gilliam,2026-09-04,NEP,reggie gilliam,19844,19844.0,00-0036187,7204.0,1997-08-20,2020.0,RB,29.045859000684462
/nfl/rankings/ppr-cheatsheets.php,redraft-overall,ro,Tanner Koziol,27499,TE,JAC,370.17,9.97,351,382,,tanner-koziol.php,,,1.4,,,,,,7.0,Tanner Koziol,2026-09-04,JAC,tanner koziol,27499,27499.0,00-0041084,13408.0,2003-01-28,2026.0,TE,23.60574948665298
/nfl/rankings/ppr-cheatsheets.php,redraft-overall,ro,Josh Cameron,28137,WR,JAC,349.0,22.15,328,385,,josh-cameron.php,,,1.3,,,,,,7.0,Josh Cameron,2026-09-04,JAC,josh cameron,28137,28137.0,00-0041100,13394.0,2003-03-18,2026.0,WR,23.471594798083505
/nfl/rankings/ppr-cheatsheets.php,redraft-overall,ro,Jordan Watkins,27486,WR,SF,327.33,12.66,316,345,,jordan-watkins.php,,,1.0,,,,,,8.0,Jordan Watkins,2026-09-04,SFO,jordan watkins,27486,27486.0,00-0040172,12634.0,2002-02-15,2025.0,WR,24.555783709787818
/nfl/rankings/ppr-cheatsheets.php,redraft-overall,ro,Jackson Hawes,27469,TE,BUF,371.33,12.96,353,395,,jackson-hawes.php,,,0.6,,,,,,7.0,Jackson Hawes,2026-09-04,BUF,jackson hawes,27469,27469.0,00-0040194,12658.0,2000-12-06,2025.0,TE,25.749486652977414
/nfl/rankings/ppr-cheatsheets.php,redraft-overall,ro,Kene Nwangwu,23249,RB,NYJ,349.75,37.14,287,383,,kene-nwangwu.php,,,0.2,,,,,15.0,13.0,Kene Nwangwu,2026-09-04,NYJ,kene nwangwu,23249,23249.0,00-0036842,7720.0,1998-02-09,2021.0,RB,28.57221081451061
/nfl/rankings/ppr-cheatsheets.php,redraft-overall,ro,Josh Oliver,18487,TE,MIN,363.4,16.49,350,392,,josh-oliver.php,,,0.6,,,,,,6.0,Josh Oliver,2026-09-04,MIN,josh oliver,18487,18487.0,00-0035249,5973.0,1997-03-21,2019.0,TE,29.462012320328544
/nfl/rankings/ppr-cheatsheets.php,redraft-overall,ro,Xavier Smith,25627,WR,LAR,330.67,71.95,229,385,,xavier-smith.php,,,0.6,,,,,,11.0,Xavier Smith,2026-09-04,LAR,xavier smith,25627,25627.0,00-0038359,11168.0,1997-09-21,2023.0,WR,28.958247775496236
/nfl/rankings/ppr-cheatsheets.php,redraft-overall,ro,Jaydn Ott,25394,RB,KC,331.0,30.51,291,365,,jaydn-ott.php,,,1.0,,,,,,5.0,Jaydn Ott,2026-09-04,KCC,jaydn ott,25394,25394.0,00-0040959,13419.0,2002-12-16,2026.0,RB,23.72347707049966
/nfl/rankings/ppr-cheatsheets.php,redraft-overall,ro,Xavier Restrepo,27066,WR,TEN,332.0,14.76,313,349,,xavier-restrepo.php,,,1.1,,,,,,9.0,Xavier Restrepo,2026-09-04,TEN,xavier restrepo,27066,27066.0,00-0040522,12520.0,2002-04-12,2025.0,WR,24.40246406570842
/nfl/rankings/ppr-cheatsheets.php,redraft-overall,ro,Riley Leonard,25373,QB,IND,353.25,21.05,320,375,,riley-leonard.php,,,0.6,,,,,,13.0,Riley Leonard,2026-09-04,IND,riley leonard,25373,25373.0,00-0040206,12470.0,2002-09-13,2025.0,QB,23.980835044490075
/nfl/rankings/ppr-cheatsheets.php,redraft-overall,ro,Damien Martinez,25976,RB,FA,374.17,16.56,358,404,,damien-martinez.php,,,1.3,,,,,-13.0,,Damien Martinez,2026-09-04,FA,damien martinez,25976,25976.0,00-0040651,12462.0,2004-01-31,2025.0,RB,22.598220396988363
/nfl/rankings/ppr-cheatsheets.php,redraft-overall,ro,Kalel Mullings,27045,RB,TEN,333.67,37.51,294,384,,kalel-mullings.php,,,1.0,,,,,28.0,9.0,Kalel Mullings,2026-09-04,TEN,kalel mullings,27045,27045.0,00-0040205,12516.0,2002-10-04,2025.0,RB,23.923340177960302
/nfl/rankings/ppr-cheatsheets.php,redraft-overall,ro,Miles Sanders,18283,RB,FA,345.67,68.12,297,442,,miles-sanders.php,,,1.0,,,,,18.0,,Miles Sanders,2026-09-04,FA,miles sanders,18283,18283.0,00-0035243,6151.0,1997-05-01,2019.0,RB,29.349760438056126
/nfl/rankings/ppr-cheatsheets.php,redraft-overall,ro,Gardner Minshew II,18562,QB,ARI,356.25,19.29,328,381,,gardner-minshew.php,,,0.6,,,,,,14.0,Gardner Minshew,2026-09-04,ARI,gardner minshew,18562,18562.0,00-0035289,6011.0,1996-05-16,2019.0,QB,30.308008213552363
/nfl/rankings/ppr-cheatsheets.php,redraft-overall,ro,Nate Boerkircher,28427,TE,JAC,356.5,12.38,336,369,,nate-boerkircher.php,,,0.9,,,,,,7.0,Nate Boerkircher,2026-09-04,JAC,nate boerkircher,28427,28427.0,00-0041503,13299.0,2001-09-04,2026.0,TE,25.00479123887748
/nfl/rankings/ppr-cheatsheets.php,redraft-overall,ro,Isaiah Williams,10977,WR,FA,338.33,42.28,299,397,,isaiah-williams.php,,,0.0,,,,,,,Isaiah Williams,2026-09-04,FA,isaiah williams,10977,10977.0,00-0026864,,1987-01-30,2010.0,WR,39.60027378507871
/nfl/rankings/ppr-cheatsheets.php,redraft-overall,ro,Taylen Green,28094,QB,CLE,338.33,11.84,324,353,,taylen-green.php,,,1.7,,,,,,11.0,Taylen Green,2026-09-04,CLE,taylen green,28094,28094.0,00-0041092,13306.0,2002-10-18,2026.0,QB,23.88501026694045
/nfl/rankings/ppr-cheatsheets.php,redraft-overall,ro,Julius Chestnut,24689,RB,TEN,339.33,42.9,288,393,,julius-chestnut.php,,,1.2,,,,,49.0,9.0,Julius Chestnut,2026-09-04,TEN,julius chestnut,24689,24689.0,00-0037594,8254.0,2000-10-26,2022.0,RB,25.861738535249827
/nfl/rankings/ppr-cheatsheets.php,redraft-overall,ro,Adam Trautman,19423,TE,DEN,369.6,22.06,352,412,,adam-trautman.php,,,0.6,,,,,,10.0,Adam Trautman,2026-09-04,DEN,adam trautman,19423,19423.0,00-0036422,6869.0,1997-02-05,2020.0,TE,29.582477754962355
/nfl/rankings/ppr-cheatsheets.php,redraft-overall,ro,Theo Wease Jr.,27222,WR,LAC,341.33,70.92,246,416,,theo-wease-jr.php,,,1.0,,,,,,7.0,Theo Wease,2026-09-04,LAC,theo wease,27222,27222.0,00-0040311,12860.0,2001-06-25,2025.0,WR,25.19917864476386
/nfl/rankings/ppr-cheatsheets.php,redraft-overall,ro,Zach Ertz,11689,TE,FA,372.6,28.22,344,422,,zach-ertz.php,,,0.6,,,,,,,Zach Ertz,2026-09-04,FA,zach ertz,11689,11689.0,00-0030061,1339.0,1990-11-10,2013.0,TE,35.82203969883641
/nfl/rankings/ppr-cheatsheets.php,redraft-overall,ro,Jason Sanders,17533,K,FA,362.25,27.67,333,403,,jason-sanders.php,,,0.8,,,,,,,Jason Sanders,2026-09-04,FA,jason sanders,17533,17533.0,00-0034794,5119.0,1995-11-16,2018.0,PK,30.806297056810404
/nfl/rankings/ppr-cheatsheets.php,redraft-overall,ro,Tyler Badie,23812,RB,DEN,374.6,9.33,357,381,,tyler-badie.php,,,1.0,,,,,,10.0,Tyler Badie,2026-09-04,DEN,tyler badie,23812,23812.0,00-0037085,8208.0,2000-02-07,2022.0,RB,26.579055441478438
/nfl/rankings/ppr-cheatsheets.php,redraft-overall,ro,Jake Browning,18557,QB,FA,316.5,8.5,308,325,,jake-browning.php,,,0.6,,,,,,,Jake Browning,2026-09-04,FA,jake browning,18557,18557.0,00-0035100,6111.0,1996-04-11,2019.0,QB,30.403832991101986
/nfl/rankings/ppr-cheatsheets.php,redraft-overall,ro,Tyson Bagent,25321,QB,CHI,350.33,16.21,333,372,,tyson-bagent.php,,,0.6,,,,,,10.0,Tyson Bagent,2026-09-04,CHI,tyson bagent,25321,25321.0,00-0038416,11256.0,2000-06-08,2023.0,QB,26.245037645448324
/nfl/rankings/ppr-cheatsheets.php,redraft-overall,ro,Tim Patrick,16556,WR,NYJ,351.0,33.18,317,396,,tim-patrick.php,,,1.8,,,,,,13.0,Tim Patrick,2026-09-04,NYJ,tim patrick,16556,16556.0,00-0033375,4351.0,1993-11-23,2017.0,WR,32.785763175906915
/nfl/rankings/ppr-cheatsheets.php,redraft-overall,ro,Lew Nichols III,25443,RB,PIT,321.5,10.5,311,332,,lew-nichols.php,,,2.0,,,,,,9.0,Lew Nichols,2026-09-04,PIT,lew nichols,25443,25443.0,00-0038409,9510.0,2001-08-16,2023.0,RB,25.05681040383299
/nfl/rankings/ppr-cheatsheets.php,redraft-overall,ro,Brandin Cooks,12122,WR,FA,322.5,40.5,282,363,,brandin-cooks.php,,,1.1,,,,,,,Brandin Cooks,2026-09-04,FA,brandin cooks,12122,12122.0,00-0031236,2197.0,1993-09-25,2014.0,WR,32.94729637234771
/nfl/rankings/ppr-cheatsheets.php,redraft-overall,ro,Scotty Miller,18714,WR,CHI,325.0,54.0,271,379,,scott-miller.php,,,0.0,,,,,,10.0,Scott Miller,2026-09-04,CHI,scotty miller,18714,18714.0,00-0035298,6290.0,1997-07-31,2019.0,WR,29.100616016427104
/nfl/rankings/ppr-cheatsheets.php,redraft-overall,ro,Kaden Wetjen,28435,WR,PIT,327.5,22.5,305,350,,kaden-wetjen.php,,,0.8,,,,,,9.0,Kaden Wetjen,2026-09-04,PIT,kaden wetjen,28435,28435.0,00-0041397,13491.0,2002-03-09,2026.0,WR,24.49555099247091
/nfl/rankings/ppr-cheatsheets.php,redraft-overall,ro,Will Kacmarek,28403,TE,MIA,357.33,20.76,335,385,,will-kacmarek.php,,,0.7,,,,,,6.0,Will Kacmarek,2026-09-04,MIA,will kacmarek,28403,28403.0,00-0041524,13434.0,2003-02-12,2026.0,TE,23.564681724845997
/nfl/rankings/ppr-cheatsheets.php,redraft-overall,ro,Patrick Ricard,17145,RB,NYG,330.0,40.0,290,370,,patrick-ricard.php,,,0.8,,,,,,8.0,Patrick Ricard,2026-09-04,NYG,patrick ricard,17145,17145.0,00-0033376,4353.0,1994-05-27,2017.0,RB,32.27926078028747
/nfl/rankings/ppr-cheatsheets.php,redraft-overall,ro,Drew Allar,24345,QB,PIT,332.0,12.0,320,344,,drew-allar.php,,,0.8,,,,,,9.0,Drew Allar,2026-09-04,PIT,drew allar,24345,24345.0,00-0041565,13289.0,2004-03-08,2026.0,QB,22.496919917864478
/nfl/rankings/ppr-cheatsheets.php,redraft-overall,ro,Tyrod Taylor,10007,QB,GB,376.5,34.57,323,419,,tyrod-taylor.php,,,0.6,,,,,,11.0,Tyrod Taylor,2026-09-04,GBP,tyrod taylor,10007,10007.0,00-0028118,827.0,1989-08-03,2011.0,QB,37.09240246406571
/nfl/rankings/ppr-cheatsheets.php,redraft-overall,ro,Davis Mills,22799,QB,HOU,363.0,24.54,332,392,,davis-mills.php,,,0.6,,,,,,8.0,Davis Mills,2026-09-04,HOU,davis mills,22799,22799.0,00-0036898,7585.0,1998-10-21,2021.0,QB,27.876796714579054
/nfl/rankings/ppr-cheatsheets.php,redraft-overall,ro,Juice Wells Jr.,27218,WR,FA,360.5,94.5,266,455,,antwane-wells-jr.php,,,1.1,,,,,,,Juice Wells,2026-09-04,FA,juice wells,27218,27218.0,00-0040438,12460.0,2001-04-02,2025.0,WR,25.429158110882955
/nfl/rankings/ppr-cheatsheets.php,redraft-overall,ro,Jalen Milroe,22884,QB,SEA,341.0,15.0,326,356,,jalen-milroe.php,,,0.6,,,,,,11.0,Jalen Milroe,2026-09-04,SEA,jalen milroe,22884,22884.0,00-0040673,12510.0,2002-12-13,2025.0,QB,23.731690622861056
/nfl/rankings/ppr-cheatsheets.php,redraft-overall,ro,Tyler Lockett,13971,WR,LV,366.33,33.21,328,409,,tyler-lockett.php,,,1.0,,,,,,13.0,Tyler Lockett,2026-09-04,LVR,tyler lockett,13971,13971.0,00-0032211,2374.0,1992-09-28,2015.0,WR,33.93839835728953
/nfl/rankings/ppr-cheatsheets.php,redraft-overall,ro,Michael Woods II,23893,WR,DEN,344.0,51.0,293,395,,michael-woods.php,,,1.0,,,,,29.0,10.0,Mike Woods,2026-09-04,DEN,michael woods,23893,23893.0,00-0037300,8202.0,2000-03-19,2022.0,WR,26.466803559206024
/nfl/rankings/ppr-cheatsheets.php,redraft-overall,ro,Alec Ingold,18571,RB,LAC,344.0,43.0,301,387,,alec-ingold.php,,,0.6,,,,,,7.0,Alec Ingold,2026-09-04,LAC,alec ingold,18571,18571.0,00-0035125,6109.0,1996-07-09,2019.0,RB,30.16016427104723
/nfl/rankings/ppr-cheatsheets.php,redraft-overall,ro,Quinn Ewers,23680,QB,JAC,346.5,0.5,346,347,,quinn-ewers.php,,,0.6,,,,,,7.0,Quinn Ewers,2026-09-04,JAC,quinn ewers,23680,23680.0,00-0040234,12500.0,2003-05-13,2025.0,QB,23.318275154004105
/nfl/rankings/ppr-cheatsheets.php,redraft-overall,ro,Luke Schoonmaker,25267,TE,DAL,381.0,10.02,371,395,,luke-schoonmaker.php,,,0.9,,,,,,14.0,Luke Schoonmaker,2026-09-04,DAL,luke schoonmaker,25267,25267.0,00-0038547,10871.0,1998-09-28,2023.0,TE,27.939767282683093
/nfl/rankings/ppr-cheatsheets.php,redraft-overall,ro,Jimmy Horn Jr.,27294,WR,CAR,372.67,5.19,369,380,,jimmy-horn-jr.php,,,0.7,,,,,,5.0,Jimmy Horn,2026-09-04,CAR,jimmy horn,27294,27294.0,00-0040218,12523.0,2002-09-12,2025.0,WR,23.983572895277206
/nfl/rankings/ppr-cheatsheets.php,redraft-overall,ro,Kevin Austin Jr.,23049,WR,NO,355.0,36.0,319,391,,kevin-austin.php,,,1.0,,,,,-29.0,8.0,Kevin Austin,2026-09-04,NOS,kevin austin,23049,23049.0,00-0037231,8200.0,2000-03-30,2022.0,WR,26.43668720054757
/nfl/rankings/ppr-cheatsheets.php,redraft-overall,ro,Jack Strand,28428,QB,ATL,356.5,9.5,347,366,,jack-strand.php,,,0.1,,,,,,11.0,Jack Strand,2026-09-04,ATL,jack strand,28428,28428.0,00-0041194,,2004-06-23,2026.0,QB,22.203969883641342
/nfl/rankings/ppr-cheatsheets.php,redraft-overall,ro,Lan Larison,27498,RB,NE,358.0,0.0,358,358,,lan-larison.php,,,1.0,,,,,,11.0,Lan Larison,2026-09-04,NEP,lan larison,27498,27498.0,00-0040568,12969.0,2001-10-11,2025.0,RB,24.903490759753595
/nfl/rankings/ppr-cheatsheets.php,redraft-overall,ro,DeAndre Hopkins,11606,WR,BAL,389.0,45.11,337,447,,deandre-hopkins.php,,,0.6,,,,,,13.0,DeAndre Hopkins,2026-09-04,BAL,deandre hopkins,11606,11606.0,00-0030564,1426.0,1992-06-06,2013.0,WR,34.25051334702259
/nfl/rankings/ppr-cheatsheets.php,redraft-overall,ro,Drew Sample,18561,TE,CIN,361.0,6.0,355,367,,drew-sample.php,,,0.6,,,,,,6.0,Drew Sample,2026-09-04,CIN,drew sample,18561,18561.0,00-0035631,6001.0,1996-04-16,2019.0,TE,30.390143737166323
/nfl/rankings/ppr-cheatsheets.php,redraft-overall,ro,Cade Stover,25269,TE,HOU,361.5,14.5,347,376,,cade-stover.php,,,0.6,,,,,,8.0,Cade Stover,2026-09-04,HOU,cade stover,25269,25269.0,00-0039359,11599.0,2000-06-12,2024.0,TE,26.234086242299796
/nfl/rankings/ppr-cheatsheets.php,redraft-overall,ro,Trey Lance,20082,QB,LAC,364.0,8.0,356,372,,trey-lance.php,,,0.6,,,,,,7.0,Trey Lance,2026-09-04,LAC,trey lance,20082,20082.0,00-0037012,7610.0,2000-05-09,2021.0,QB,26.327173169062284
/nfl/rankings/ppr-cheatsheets.php,redraft-overall,ro,Brittain Brown,24572,RB,CHI,364.0,6.0,358,370,,brittain-brown.php,,,2.6,,,,,37.0,10.0,Brittain Brown,2026-09-04,CHI,brittain brown,24572,24572.0,00-0037329,8423.0,1997-10-10,2022.0,RB,28.906228610540726
/nfl/rankings/ppr-cheatsheets.php,redraft-overall,ro,Kendrick Law,26044,WR,DET,365.0,13.0,352,378,,kendrick-law.php,,,1.5,,,,,,6.0,Kendrick Law,2026-09-04,DET,kendrick law,26044,26044.0,00-0041446,13412.0,2003-06-13,2026.0,WR,23.23340177960301
/nfl/rankings/ppr-cheatsheets.php,redraft-overall,ro,Jelani Woods,23829,TE,NYJ,371.5,0.5,371,372,,jelani-woods.php,,,3.9,,,,,13.0,13.0,Jelani Woods,2026-09-04,NYJ,jelani woods,23829,23829.0,00-0037755,8219.0,1998-10-09,2022.0,TE,27.90965092402464
/nfl/rankings/ppr-cheatsheets.php,redraft-overall,ro,Tyler Conklin,17598,TE,DET,372.5,5.5,367,378,,tyler-conklin.php,,,0.6,,,,,-9.0,6.0,Tyler Conklin,2026-09-04,DET,tyler conklin,17598,17598.0,00-0034270,5133.0,1995-07-30,2018.0,TE,31.104722792607802
/nfl/rankings/ppr-cheatsheets.php,redraft-overall,ro,Sam Roush,28161,TE,CHI,378.0,4.0,374,382,,sam-roush.php,,,0.7,,,,,,10.0,Sam Roush,2026-09-04,CHI,sam roush,28161,28161.0,00-0041558,13322.0,2003-09-06,2026.0,TE,23.000684462696782
/nfl/rankings/ppr-cheatsheets.php,redraft-overall,ro,Tanner Hudson,17826,TE,CIN,379.5,4.5,375,384,,tanner-hudson.php,,,2.3,,,,,,6.0,Tanner Hudson,2026-09-04,CIN,tanner hudson,17826,17826.0,00-0034613,5409.0,1994-11-12,2018.0,TE,31.81656399726215
/nfl/rankings/ppr-cheatsheets.php,redraft-overall,ro,Lil'Jordan Humphrey,18590,WR,DEN,394.5,10.5,384,405,,liljordan-humphrey.php,,,1.1,,,,,,10.0,LilJordan Humphrey,2026-09-04,DEN,liljordan humphrey,18590,18590.0,00-0035406,5938.0,1998-04-19,2019.0,WR,28.383299110198493
/nfl/rankings/ppr-cheatsheets.php,redraft-overall,ro,Taysom Hill,17115,TE,FA,412.5,24.5,388,437,,taysom-hill.php,,,0.7,,,,,,,Taysom Hill,2026-09-04,FA,taysom hill,17115,17115.0,00-0033357,4381.0,1990-08-23,2017.0,TE,36.03832991101985
/nfl/rankings/ppr-cheatsheets.php,redraft-overall,ro,Michael Trigg,23167,TE,DAL,413.0,23.0,390,436,,michael-trigg.php,,,1.2,,,,,,14.0,Michael Trigg,2026-09-04,DAL,michael trigg,23167,,00-0040939,13401.0,2002-06-27,2026.0,,24.194387405886378
