player_id,season,week,pass_td_40,pass_td_50,rec_td_40,rec_td_50,rush_td_40,rush_td_50,pick_six_thrown
00-0019596,2021,1,1.0,0.0,0.0,0.0,0.0,0.0,0.0
00-0019596,2021,2,0.0,0.0,0.0,0.0,0.0,0.0,0.0
00-0019596,2021,3,0.0,0.0,0.0,0.0,0.0,0.0,0.0
00-0019596,2021,5,1.0,1.0,0.0,0.0,0.0,0.0,0.0
00-0019596,2021,6,0.0,0.0,0.0,0.0,0.0,0.0,0.0
00-0019596,2021,7,0.0,0.0,0.0,0.0,0.0,0.0,0.0
00-0019596,2021,8,2.0,1.0,0.0,0.0,0.0,0.0,1.0
00-0019596,2021,10,1.0,0.0,0.0,0.0,0.0,0.0,0.0
00-0019596,2021,11,0.0,0.0,0.0,0.0,0.0,0.0,0.0
00-0019596,2021,12,0.0,0.0,0.0,0.0,0.0,0.0,0.0
00-0019596,2021,13,0.0,0.0,0.0,0.0,0.0,0.0,1.0
00-0019596,2021,14,1.0,1.0,0.0,0.0,0.0,0.0,0.0
00-0019596,2021,16,0.0,0.0,0.0,0.0,0.0,0.0,0.0
00-0019596,2021,17,0.0,0.0,0.0,0.0,0.0,0.0,0.0
00-0019596,2021,18,0.0,0.0,0.0,0.0,0.0,0.0,0.0
00-0022924,2021,1,0.0,0.0,0.0,0.0,0.0,0.0,0.0
00-0022924,2021,2,0.0,0.0,0.0,0.0,0.0,0.0,0.0
00-0022924,2021,3,0.0,0.0,0.0,0.0,0.0,0.0,0.0
00-0022924,2021,4,1.0,0.0,0.0,0.0,0.0,0.0,0.0
00-0022924,2021,5,1.0,1.0,0.0,0.0,0.0,0.0,0.0
00-0022924,2021,6,0.0,0.0,0.0,0.0,0.0,0.0,0.0
00-0022924,2021,8,0.0,0.0,0.0,0.0,0.0,0.0,0.0
00-0022924,2021,9,0.0,0.0,0.0,0.0,0.0,0.0,0.0
00-0022924,2021,11,0.0,0.0,0.0,0.0,0.0,0.0,0.0
00-0022924,2021,12,0.0,0.0,0.0,0.0,0.0,0.0,1.0
00-0022924,2021,13,0.0,0.0,0.0,0.0,0.0,0.0,0.0
00-0022924,2021,14,0.0,0.0,0.0,0.0,0.0,0.0,0.0
00-0022924,2021,15,0.0,0.0,0.0,0.0,0.0,0.0,0.0
00-0022924,2021,16,0.0,0.0,0.0,0.0,0.0,0.0,0.0
00-0022924,2021,17,0.0,0.0,0.0,0.0,0.0,0.0,0.0
00-0022924,2021,18,0.0,0.0,0.0,0.0,0.0,0.0,0.0
00-0023459,2021,2,0.0,0.0,0.0,0.0,0.0,0.0,0.0
00-0023459,2021,3,0.0,0.0,0.0,0.0,0.0,0.0,0.0
00-0023459,2021,4,0.0,0.0,0.0,0.0,0.0,0.0,0.0
00-0023459,2021,5,0.0,0.0,0.0,0.0,0.0,0.0,0.0
00-0023459,2021,6,0.0,0.0,0.0,0.0,0.0,0.0,0.0
00-0023459,2021,7,0.0,0.0,0.0,0.0,0.0,0.0,0.0
00-0023459,2021,8,0.0,0.0,0.0,0.0,0.0,0.0,0.0
00-0023459,2021,11,1.0,1.0,0.0,0.0,0.0,0.0,0.0
00-0023459,2021,12,0.0,0.0,0.0,0.0,0.0,0.0,0.0
00-0023459,2021,14,0.0,0.0,0.0,0.0,0.0,0.0,0.0
00-0023459,2021,15,0.0,0.0,0.0,0.0,0.0,0.0,0.0
00-0023459,2021,16,0.0,0.0,0.0,0.0,0.0,0.0,0.0
00-0023459,2021,17,0.0,0.0,0.0,0.0,0.0,0.0,0.0
00-0023459,2021,18,0.0,0.0,0.0,0.0,0.0,0.0,0.0
00-0025394,2021,9,0.0,0.0,0.0,0.0,0.0,0.0,0.0
00-0025394,2021,13,0.0,0.0,0.0,0.0,0.0,0.0,0.0
00-0026035,2021,1,0.0,0.0,0.0,0.0,0.0,0.0,0.0
00-0026035,2021,18,0.0,0.0,0.0,0.0,0.0,0.0,0.0
00-0026143,2021,2,0.0,0.0,0.0,0.0,0.0,0.0,2.0
00-0026143,2021,3,0.0,0.0,0.0,0.0,0.0,0.0,0.0
00-0026143,2021,4,1.0,0.0,0.0,0.0,0.0,0.0,0.0
00-0026143,2021,5,0.0,0.0,0.0,0.0,0.0,0.0,0.0
00-0026143,2021,7,1.0,0.0,0.0,0.0,0.0,0.0,0.0
00-0026143,2021,8,0.0,0.0,0.0,0.0,0.0,0.0,0.0
00-0026143,2021,9,0.0,0.0,0.0,0.0,0.0,0.0,0.0
00-0026143,2021,12,0.0,0.0,0.0,0.0,0.0,0.0,0.0
00-0026143,2021,14,0.0,0.0,0.0,0.0,0.0,0.0,0.0
00-0026143,2021,15,0.0,0.0,0.0,0.0,0.0,0.0,0.0
00-0026143,2021,16,0.0,0.0,0.0,0.0,0.0,0.0,0.0
00-0026143,2021,18,0.0,0.0,0.0,0.0,0.0,0.0,0.0
00-0026158,2021,10,0.0,0.0,0.0,0.0,0.0,0.0,0.0
00-0026158,2021,11,1.0,1.0,0.0,0.0,0.0,0.0,0.0
00-0026189,2021,3,0.0,0.0,1.0,1.0,0.0,0.0,0.0
00-0026189,2021,12,0.0,0.0,1.0,1.0,0.0,0.0,0.0
00-0026300,2021,9,0.0,0.0,0.0,0.0,0.0,0.0,0.0
00-0026300,2021,16,0.0,0.0,0.0,0.0,0.0,0.0,0.0
00-0026498,2021,1,2.0,2.0,0.0,0.0,0.0,0.0,0.0
00-0026498,2021,2,0.0,0.0,0.0,0.0,0.0,0.0,0.0
00-0026498,2021,3,1.0,1.0,0.0,0.0,0.0,0.0,0.0
00-0026498,2021,4,0.0,0.0,0.0,0.0,0.0,0.0,0.0
00-0026498,2021,5,0.0,0.0,0.0,0.0,0.0,0.0,0.0
00-0026498,2021,6,0.0,0.0,0.0,0.0,0.0,0.0,0.0
00-0026498,2021,7,0.0,0.0,0.0,0.0,0.0,0.0,0.0
00-0026498,2021,8,0.0,0.0,0.0,0.0,0.0,0.0,0.0
00-0026498,2021,9,0.0,0.0,0.0,0.0,0.0,0.0,1.0
00-0026498,2021,10,0.0,0.0,0.0,0.0,0.0,0.0,1.0
00-0026498,2021,12,2.0,2.0,0.0,0.0,0.0,0.0,1.0
00-0026498,2021,13,0.0,0.0,0.0,0.0,0.0,0.0,0.0
00-0026498,2021,14,1.0,1.0,0.0,0.0,0.0,0.0,0.0
00-0026498,2021,15,0.0,0.0,0.0,0.0,0.0,0.0,0.0
00-0026498,2021,16,0.0,0.0,0.0,0.0,0.0,0.0,0.0
00-0026498,2021,17,0.0,0.0,0.0,0.0,0.0,0.0,1.0
00-0026498,2021,18,0.0,0.0,0.0,0.0,0.0,0.0,0.0
00-0026625,2021,10,0.0,0.0,0.0,0.0,0.0,0.0,0.0
00-0027061,2021,4,0.0,0.0,0.0,0.0,0.0,0.0,0.0
00-0027061,2021,6,0.0,0.0,0.0,0.0,0.0,0.0,0.0
00-0027061,2021,12,0.0,0.0,0.0,0.0,0.0,0.0,0.0
00-0027061,2021,14,0.0,0.0,0.0,0.0,0.0,0.0,0.0
00-0027656,2021,1,0.0,0.0,0.0,0.0,0.0,0.0,0.0
00-0027656,2021,2,0.0,0.0,0.0,0.0,0.0,0.0,0.0
00-0027656,2021,13,0.0,0.0,0.0,0.0,0.0,0.0,0.0
00-0027685,2021,3,0.0,0.0,0.0,0.0,0.0,0.0,0.0
00-0027685,2021,5,0.0,0.0,0.0,0.0,0.0,0.0,0.0
00-0027688,2021,9,1.0,0.0,0.0,0.0,0.0,0.0,0.0
00-0027688,2021,11,0.0,0.0,0.0,0.0,0.0,0.0,0.0
00-0027696,2021,12,0.0,0.0,0.0,0.0,0.0,0.0,0.0
00-0027696,2021,13,0.0,0.0,0.0,0.0,0.0,0.0,0.0
00-0027696,2021,16,0.0,0.0,0.0,0.0,0.0,0.0,0.0
00-0027793,2021,1,0.0,0.0,1.0,0.0,0.0,0.0,0.0
00-0027793,2021,5,0.0,0.0,1.0,1.0,0.0,0.0,0.0
00-0027793,2021,6,0.0,0.0,0.0,0.0,0.0,0.0,0.0
00-0027939,2021,10,0.0,0.0,0.0,0.0,0.0,0.0,0.0
00-0027939,2021,11,0.0,0.0,0.0,0.0,0.0,0.0,0.0
00-0027939,2021,12,0.0,0.0,0.0,0.0,0.0,0.0,0.0
00-0027939,2021,14,0.0,0.0,0.0,0.0,0.0,0.0,1.0
00-0027939,2021,15,0.0,0.0,0.0,0.0,0.0,0.0,0.0
00-0027942,2021,2,0.0,0.0,0.0,0.0,0.0,0.0,0.0
00-0027942,2021,4,0.0,0.0,1.0,0.0,0.0,0.0,0.0
00-0027942,2021,6,0.0,0.0,0.0,0.0,0.0,0.0,0.0
00-0027944,2021,18,0.0,0.0,0.0,0.0,0.0,0.0,0.0
00-0027966,2021,1,0.0,0.0,0.0,0.0,0.0,0.0,0.0
00-0027966,2021,10,0.0,0.0,0.0,0.0,0.0,0.0,0.0
00-0027973,2021,2,0.0,0.0,0.0,0.0,0.0,0.0,0.0
00-0027973,2021,11,2.0,1.0,0.0,0.0,0.0,0.0,0.0
00-0027973,2021,12,0.0,0.0,0.0,0.0,0.0,0.0,0.0
00-0027973,2021,13,0.0,0.0,0.0,0.0,0.0,0.0,0.0
00-0027973,2021,17,0.0,0.0,0.0,0.0,0.0,0.0,0.0
00-0027973,2021,18,0.0,0.0,0.0,0.0,0.0,0.0,1.0
00-0027981,2021,8,0.0,0.0,0.0,0.0,0.0,0.0,0.0
00-0028002,2021,4,0.0,0.0,0.0,0.0,0.0,0.0,0.0
00-0028002,2021,8,0.0,0.0,0.0,0.0,0.0,0.0,0.0
00-0028002,2021,12,0.0,0.0,0.0,0.0,0.0,0.0,0.0
00-0028097,2021,3,0.0,0.0,0.0,0.0,0.0,0.0,0.0
00-0028118,2021,1,0.0,0.0,0.0,0.0,0.0,0.0,0.0
00-0028118,2021,2,0.0,0.0,0.0,0.0,0.0,0.0,0.0
00-0028118,2021,11,0.0,0.0,0.0,0.0,0.0,0.0,0.0
00-0028118,2021,12,1.0,0.0,0.0,0.0,0.0,0.0,0.0
00-0028237,2021,1,0.0,0.0,0.0,0.0,0.0,0.0,0.0
00-0028986,2021,7,0.0,0.0,0.0,0.0,0.0,0.0,0.0
00-0028986,2021,18,0.0,0.0,0.0,0.0,0.0,0.0,0.0
00-0029000,2021,6,0.0,0.0,0.0,0.0,0.0,0.0,0.0
00-0029239,2021,7,0.0,0.0,0.0,0.0,0.0,0.0,0.0
00-0029239,2021,18,0.0,0.0,0.0,0.0,0.0,0.0,0.0
00-0029263,2021,1,1.0,1.0,0.0,0.0,0.0,0.0,0.0
00-0029263,2021,2,2.0,2.0,0.0,0.0,0.0,0.0,0.0
00-0029263,2021,3,0.0,0.0,0.0,0.0,0.0,0.0,0.0
00-0029263,2021,4,0.0,0.0,0.0,0.0,0.0,0.0,0.0
00-0029263,2021,5,0.0,0.0,0.0,0.0,0.0,0.0,0.0
00-0029263,2021,12,0.0,0.0,0.0,0.0,0.0,0.0,0.0
00-0029263,2021,13,0.0,0.0,0.0,0.0,0.0,0.0,0.0
00-0029263,2021,14,1.0,1.0,0.0,0.0,0.0,0.0,0.0
00-0029263,2021,16,1.0,0.0,0.0,0.0,0.0,0.0,0.0
00-0029263,2021,17,0.0,0.0,0.0,0.0,0.0,0.0,0.0
00-0029263,2021,18,1.0,0.0,0.0,0.0,0.0,0.0,0.0
00-0029293,2021,1,0.0,0.0,0.0,0.0,0.0,0.0,0.0
00-0029293,2021,2,0.0,0.0,0.0,0.0,0.0,0.0,0.0
00-0029293,2021,6,0.0,0.0,0.0,0.0,0.0,0.0,0.0
00-0029293,2021,18,0.0,0.0,0.0,0.0,0.0,0.0,0.0
00-0029567,2021,16,0.0,0.0,0.0,0.0,0.0,0.0,0.0
00-0029604,2021,1,0.0,0.0,0.0,0.0,0.0,0.0,0.0
00-0029604,2021,2,1.0,1.0,0.0,0.0,0.0,0.0,0.0
00-0029604,2021,3,0.0,0.0,0.0,0.0,0.0,0.0,0.0
00-0029604,2021,4,0.0,0.0,0.0,0.0,0.0,0.0,0.0
00-0029604,2021,5,0.0,0.0,0.0,0.0,0.0,0.0,0.0
00-0029604,2021,6,0.0,0.0,0.0,0.0,0.0,0.0,0.0
00-0029604,2021,8,0.0,0.0,0.0,0.0,0.0,0.0,0.0
00-0029604,2021,9,1.0,1.0,0.0,0.0,0.0,0.0,0.0
00-0029604,2021,10,0.0,0.0,0.0,0.0,0.0,0.0,0.0
00-0029604,2021,11,0.0,0.0,0.0,0.0,0.0,0.0,0.0
00-0029604,2021,12,0.0,0.0,0.0,0.0,0.0,0.0,0.0
00-0029604,2021,13,0.0,0.0,0.0,0.0,0.0,0.0,0.0
00-0029604,2021,14,1.0,1.0,0.0,0.0,0.0,0.0,0.0
00-0029604,2021,15,0.0,0.0,0.0,0.0,0.0,0.0,0.0
00-0029604,2021,16,0.0,0.0,0.0,0.0,0.0,0.0,0.0
00-0029604,2021,18,2.0,0.0,0.0,0.0,0.0,0.0,0.0
00-0029608,2021,12,0.0,0.0,0.0,0.0,0.0,0.0,0.0
00-0029608,2021,16,0.0,0.0,0.0,0.0,0.0,0.0,0.0
00-0029608,2021,17,0.0,0.0,1.0,0.0,0.0,0.0,0.0
00-0029664,2021,14,0.0,0.0,0.0,0.0,0.0,0.0,0.0
00-0029701,2021,1,0.0,0.0,0.0,0.0,0.0,0.0,0.0
00-0029701,2021,3,0.0,0.0,0.0,0.0,0.0,0.0,0.0
00-0029701,2021,4,0.0,0.0,0.0,0.0,0.0,0.0,0.0
00-0029701,2021,5,0.0,0.0,0.0,0.0,0.0,0.0,0.0
00-0029701,2021,6,0.0,0.0,0.0,0.0,0.0,0.0,0.0
00-0029701,2021,7,0.0,0.0,0.0,0.0,0.0,0.0,0.0
00-0029701,2021,8,1.0,1.0,0.0,0.0,0.0,0.0,0.0
00-0029701,2021,9,0.0,0.0,0.0,0.0,0.0,0.0,0.0
00-0029701,2021,10,0.0,0.0,0.0,0.0,0.0,0.0,0.0
00-0029701,2021,11,0.0,0.0,0.0,0.0,0.0,0.0,0.0
00-0029701,2021,12,0.0,0.0,0.0,0.0,0.0,0.0,0.0
00-0029701,2021,14,0.0,0.0,0.0,0.0,0.0,0.0,0.0
00-0029701,2021,15,0.0,0.0,0.0,0.0,0.0,0.0,0.0
00-0029701,2021,16,0.0,0.0,0.0,0.0,0.0,0.0,0.0
00-0029701,2021,17,0.0,0.0,0.0,0.0,0.0,0.0,0.0
00-0029701,2021,18,0.0,0.0,0.0,0.0,0.0,0.0,0.0
00-0029892,2021,3,0.0,0.0,0.0,0.0,0.0,0.0,0.0
00-0029892,2021,15,0.0,0.0,0.0,0.0,0.0,0.0,0.0
00-0030035,2021,1,0.0,0.0,0.0,0.0,0.0,0.0,0.0
00-0030035,2021,2,0.0,0.0,0.0,0.0,0.0,0.0,0.0
00-0030035,2021,3,0.0,0.0,0.0,0.0,0.0,0.0,0.0
00-0030035,2021,6,0.0,0.0,0.0,0.0,0.0,0.0,0.0
00-0030035,2021,8,0.0,0.0,0.0,0.0,0.0,0.0,0.0
00-0030035,2021,9,0.0,0.0,0.0,0.0,0.0,0.0,0.0
00-0030035,2021,11,0.0,0.0,0.0,0.0,0.0,0.0,0.0
00-0030035,2021,12,0.0,0.0,0.0,0.0,0.0,0.0,0.0
00-0030061,2021,3,0.0,0.0,0.0,0.0,0.0,0.0,0.0
00-0030061,2021,6,0.0,0.0,0.0,0.0,0.0,0.0,0.0
00-0030061,2021,7,0.0,0.0,1.0,0.0,0.0,0.0,0.0
00-0030061,2021,11,0.0,0.0,0.0,0.0,0.0,0.0,0.0
00-0030068,2021,11,0.0,0.0,1.0,0.0,0.0,0.0,0.0
00-0030085,2021,9,0.0,0.0,0.0,0.0,0.0,0.0,0.0
00-0030108,2021,9,0.0,0.0,0.0,0.0,0.0,0.0,0.0
00-0030108,2021,13,0.0,0.0,0.0,0.0,0.0,0.0,0.0
00-0030181,2021,8,0.0,0.0,0.0,0.0,0.0,0.0,0.0
00-0030181,2021,9,0.0,0.0,0.0,0.0,0.0,0.0,0.0
00-0030181,2021,12,0.0,0.0,0.0,0.0,0.0,0.0,0.0
00-0030279,2021,3,0.0,0.0,0.0,0.0,0.0,0.0,0.0
00-0030279,2021,8,0.0,0.0,0.0,0.0,0.0,0.0,0.0
00-0030279,2021,13,0.0,0.0,0.0,0.0,0.0,0.0,0.0
00-0030279,2021,15,0.0,0.0,0.0,0.0,0.0,0.0,0.0
00-0030279,2021,17,0.0,0.0,0.0,0.0,0.0,0.0,0.0
00-0030288,2021,8,0.0,0.0,0.0,0.0,0.0,0.0,0.0
00-0030288,2021,16,0.0,0.0,0.0,0.0,0.0,0.0,0.0
00-0030431,2021,1,0.0,0.0,0.0,0.0,0.0,0.0,0.0
00-0030431,2021,4,0.0,0.0,0.0,0.0,0.0,0.0,0.0
00-0030431,2021,6,0.0,0.0,0.0,0.0,0.0,0.0,0.0
00-0030431,2021,8,0.0,0.0,0.0,0.0,0.0,0.0,0.0
00-0030456,2021,3,0.0,0.0,0.0,0.0,0.0,0.0,0.0
00-0030456,2021,5,0.0,0.0,0.0,0.0,0.0,0.0,0.0
00-0030456,2021,8,0.0,0.0,0.0,0.0,0.0,0.0,0.0
00-0030496,2021,6,0.0,0.0,0.0,0.0,0.0,0.0,0.0
00-0030496,2021,9,0.0,0.0,0.0,0.0,0.0,0.0,0.0
00-0030496,2021,18,0.0,0.0,0.0,0.0,0.0,0.0,0.0
00-0030506,2021,1,0.0,0.0,0.0,0.0,0.0,0.0,0.0
00-0030506,2021,2,0.0,0.0,1.0,0.0,0.0,0.0,0.0
00-0030506,2021,5,0.0,0.0,0.0,0.0,0.0,0.0,0.0
00-0030506,2021,9,0.0,0.0,0.0,0.0,0.0,0.0,0.0
00-0030506,2021,11,0.0,0.0,0.0,0.0,0.0,0.0,0.0
00-0030506,2021,15,0.0,0.0,0.0,0.0,0.0,0.0,0.0
00-0030506,2021,17,0.0,0.0,0.0,0.0,0.0,0.0,0.0
00-0030506,2021,18,0.0,0.0,0.0,0.0,0.0,0.0,0.0
00-0030513,2021,1,0.0,0.0,0.0,0.0,0.0,0.0,0.0
00-0030513,2021,2,0.0,0.0,0.0,0.0,0.0,0.0,0.0
00-0030513,2021,4,0.0,0.0,0.0,0.0,0.0,0.0,0.0
00-0030513,2021,6,0.0,0.0,0.0,0.0,0.0,0.0,0.0
00-0030513,2021,14,0.0,0.0,0.0,0.0,0.0,0.0,0.0
00-0030513,2021,18,0.0,0.0,0.0,0.0,1.0,0.0,0.0
00-0030520,2021,5,0.0,0.0,0.0,0.0,0.0,0.0,1.0
00-0030520,2021,14,0.0,0.0,0.0,0.0,0.0,0.0,0.0
00-0030520,2021,16,0.0,0.0,0.0,0.0,0.0,0.0,1.0
00-0030525,2021,12,0.0,0.0,0.0,0.0,0.0,0.0,0.0
00-0030561,2021,16,0.0,0.0,0.0,0.0,0.0,0.0,0.0
00-0030564,2021,1,0.0,0.0,0.0,0.0,0.0,0.0,0.0
00-0030564,2021,2,0.0,0.0,0.0,0.0,0.0,0.0,0.0
00-0030564,2021,5,0.0,0.0,0.0,0.0,0.0,0.0,0.0
00-0030564,2021,6,0.0,0.0,0.0,0.0,0.0,0.0,0.0
00-0030564,2021,7,0.0,0.0,0.0,0.0,0.0,0.0,0.0
00-0030564,2021,13,0.0,0.0,0.0,0.0,0.0,0.0,0.0
00-0030565,2021,5,0.0,0.0,0.0,0.0,0.0,0.0,0.0
00-0030565,2021,6,0.0,0.0,0.0,0.0,0.0,0.0,0.0
00-0030565,2021,7,1.0,1.0,0.0,0.0,0.0,0.0,0.0
00-0030565,2021,8,0.0,0.0,0.0,0.0,0.0,0.0,0.0
00-0030578,2021,2,0.0,0.0,0.0,0.0,0.0,0.0,0.0
00-0030578,2021,4,0.0,0.0,1.0,0.0,0.0,0.0,0.0
00-0030578,2021,7,0.0,0.0,0.0,0.0,0.0,0.0,0.0
00-0030578,2021,8,0.0,0.0,0.0,0.0,0.0,0.0,0.0
00-0030578,2021,12,0.0,0.0,0.0,0.0,0.0,0.0,0.0
00-0030578,2021,14,0.0,0.0,0.0,0.0,0.0,0.0,0.0
00-0030578,2021,16,0.0,0.0,0.0,0.0,0.0,0.0,0.0
00-0030874,2021,4,0.0,0.0,0.0,0.0,0.0,0.0,0.0
00-0030874,2021,5,0.0,0.0,0.0,0.0,0.0,0.0,0.0
00-0030874,2021,18,0.0,0.0,0.0,0.0,0.0,0.0,0.0
00-0031045,2021,13,0.0,0.0,0.0,0.0,0.0,0.0,0.0
00-0031062,2021,2,0.0,0.0,0.0,0.0,0.0,0.0,0.0
00-0031235,2021,12,0.0,0.0,1.0,1.0,0.0,0.0,0.0
00-0031235,2021,13,0.0,0.0,0.0,0.0,0.0,0.0,0.0
00-0031235,2021,14,0.0,0.0,0.0,0.0,0.0,0.0,0.0
00-0031235,2021,16,0.0,0.0,0.0,0.0,0.0,0.0,0.0
00-0031235,2021,17,0.0,0.0,0.0,0.0,0.0,0.0,0.0
00-0031236,2021,2,0.0,0.0,0.0,0.0,0.0,0.0,0.0
00-0031236,2021,8,0.0,0.0,1.0,0.0,0.0,0.0,0.0
00-0031236,2021,12,0.0,0.0,1.0,0.0,0.0,0.0,0.0
00-0031236,2021,15,0.0,0.0,1.0,0.0,0.0,0.0,0.0
00-0031236,2021,17,0.0,0.0,0.0,0.0,0.0,0.0,0.0
00-0031237,2021,1,0.0,0.0,0.0,0.0,0.0,0.0,0.0
00-0031237,2021,2,0.0,0.0,0.0,0.0,0.0,0.0,0.0
00-0031237,2021,4,0.0,0.0,0.0,0.0,0.0,0.0,0.0
00-0031237,2021,5,0.0,0.0,0.0,0.0,0.0,0.0,0.0
00-0031237,2021,6,0.0,0.0,0.0,0.0,0.0,0.0,0.0
00-0031237,2021,7,0.0,0.0,0.0,0.0,0.0,0.0,0.0
00-0031237,2021,8,0.0,0.0,0.0,0.0,0.0,0.0,0.0
00-0031237,2021,9,1.0,0.0,0.0,0.0,0.0,0.0,0.0
00-0031237,2021,12,0.0,0.0,0.0,0.0,0.0,0.0,0.0
00-0031237,2021,13,0.0,0.0,0.0,0.0,0.0,0.0,1.0
00-0031237,2021,14,0.0,0.0,0.0,0.0,0.0,0.0,0.0
00-0031260,2021,1,0.0,0.0,0.0,0.0,0.0,0.0,0.0
00-0031260,2021,3,0.0,0.0,0.0,0.0,0.0,0.0,0.0
00-0031260,2021,13,0.0,0.0,0.0,0.0,0.0,0.0,0.0
00-0031273,2021,10,0.0,0.0,0.0,0.0,0.0,0.0,0.0
00-0031273,2021,13,0.0,0.0,0.0,0.0,0.0,0.0,0.0
00-0031273,2021,16,0.0,0.0,0.0,0.0,0.0,0.0,0.0
00-0031273,2021,17,0.0,0.0,0.0,0.0,0.0,0.0,0.0
00-0031280,2021,1,0.0,0.0,0.0,0.0,0.0,0.0,0.0
00-0031280,2021,2,1.0,1.0,0.0,0.0,0.0,0.0,0.0
00-0031280,2021,3,0.0,0.0,0.0,0.0,0.0,0.0,1.0
00-0031280,2021,4,0.0,0.0,0.0,0.0,0.0,0.0,0.0
00-0031280,2021,6,1.0,0.0,0.0,0.0,0.0,0.0,0.0
00-0031280,2021,7,0.0,0.0,0.0,0.0,0.0,0.0,0.0
00-0031280,2021,9,0.0,0.0,0.0,0.0,0.0,0.0,1.0
00-0031280,2021,10,0.0,0.0,0.0,0.0,0.0,0.0,0.0
00-0031280,2021,11,0.0,0.0,0.0,0.0,0.0,0.0,0.0
00-0031280,2021,12,1.0,1.0,0.0,0.0,0.0,0.0,0.0
00-0031280,2021,14,0.0,0.0,0.0,0.0,0.0,0.0,0.0
00-0031280,2021,15,0.0,0.0,0.0,0.0,0.0,0.0,0.0
00-0031280,2021,16,0.0,0.0,0.0,0.0,0.0,0.0,0.0
00-0031280,2021,17,0.0,0.0,0.0,0.0,0.0,0.0,0.0
00-0031280,2021,18,0.0,0.0,0.0,0.0,0.0,0.0,0.0
00-0031285,2021,6,0.0,0.0,0.0,0.0,0.0,0.0,0.0
00-0031285,2021,7,0.0,0.0,0.0,0.0,0.0,0.0,0.0
00-0031285,2021,9,0.0,0.0,0.0,0.0,0.0,0.0,0.0
00-0031285,2021,11,0.0,0.0,0.0,0.0,0.0,0.0,0.0
00-0031285,2021,13,0.0,0.0,0.0,0.0,0.0,0.0,0.0
00-0031285,2021,16,0.0,0.0,0.0,0.0,0.0,0.0,0.0
00-0031325,2021,13,0.0,0.0,0.0,0.0,0.0,0.0,0.0
00-0031345,2021,1,1.0,1.0,0.0,0.0,0.0,0.0,0.0
00-0031345,2021,2,0.0,0.0,0.0,0.0,0.0,0.0,0.0
00-0031345,2021,3,0.0,0.0,0.0,0.0,0.0,0.0,0.0
00-0031345,2021,4,0.0,0.0,0.0,0.0,0.0,0.0,0.0
00-0031345,2021,7,0.0,0.0,0.0,0.0,0.0,0.0,0.0
00-0031345,2021,8,0.0,0.0,0.0,0.0,0.0,0.0,0.0
00-0031345,2021,9,0.0,0.0,0.0,0.0,0.0,0.0,0.0
00-0031345,2021,10,1.0,0.0,0.0,0.0,0.0,0.0,0.0
00-0031345,2021,11,0.0,0.0,0.0,0.0,0.0,0.0,0.0
00-0031345,2021,12,0.0,0.0,0.0,0.0,0.0,0.0,0.0
00-0031345,2021,13,1.0,0.0,0.0,0.0,0.0,0.0,0.0
00-0031345,2021,14,0.0,0.0,0.0,0.0,0.0,0.0,0.0
00-0031345,2021,15,0.0,0.0,0.0,0.0,0.0,0.0,0.0
00-0031345,2021,16,0.0,0.0,0.0,0.0,0.0,0.0,0.0
00-0031345,2021,18,0.0,0.0,0.0,0.0,0.0,0.0,0.0
00-0031376,2021,18,0.0,0.0,0.0,0.0,0.0,0.0,0.0
00-0031381,2021,3,0.0,0.0,0.0,0.0,0.0,0.0,0.0
00-0031381,2021,5,0.0,0.0,0.0,0.0,0.0,0.0,0.0
00-0031381,2021,7,0.0,0.0,0.0,0.0,0.0,0.0,0.0
00-0031381,2021,11,0.0,0.0,0.0,0.0,0.0,0.0,0.0
00-0031381,2021,14,0.0,0.0,0.0,0.0,0.0,0.0,0.0
00-0031381,2021,15,0.0,0.0,0.0,0.0,0.0,0.0,0.0
00-0031381,2021,16,0.0,0.0,0.0,0.0,0.0,0.0,0.0
00-0031381,2021,17,0.0,0.0,0.0,0.0,0.0,0.0,0.0
00-0031382,2021,1,0.0,0.0,0.0,0.0,0.0,0.0,0.0
00-0031382,2021,11,0.0,0.0,0.0,0.0,0.0,0.0,0.0
00-0031382,2021,14,0.0,0.0,0.0,0.0,0.0,0.0,0.0
00-0031382,2021,18,0.0,0.0,0.0,0.0,0.0,0.0,0.0
00-0031387,2021,6,0.0,0.0,0.0,0.0,0.0,0.0,0.0
00-0031387,2021,11,0.0,0.0,0.0,0.0,0.0,0.0,0.0
00-0031408,2021,2,0.0,0.0,0.0,0.0,0.0,0.0,0.0
00-0031408,2021,5,0.0,0.0,0.0,0.0,0.0,0.0,0.0
00-0031408,2021,7,0.0,0.0,0.0,0.0,0.0,0.0,0.0
00-0031408,2021,8,0.0,0.0,1.0,0.0,0.0,0.0,0.0
00-0031408,2021,10,0.0,0.0,1.0,0.0,0.0,0.0,0.0
00-0031408,2021,11,0.0,0.0,0.0,0.0,0.0,0.0,0.0
00-0031408,2021,14,0.0,0.0,0.0,0.0,0.0,0.0,0.0
00-0031408,2021,17,0.0,0.0,0.0,0.0,0.0,0.0,0.0
00-0031408,2021,18,0.0,0.0,0.0,0.0,0.0,0.0,0.0
00-0031428,2021,2,0.0,0.0,0.0,0.0,0.0,0.0,0.0
00-0031484,2021,1,0.0,0.0,0.0,0.0,0.0,0.0,0.0
00-0031503,2021,1,1.0,1.0,0.0,0.0,0.0,0.0,0.0
00-0031503,2021,2,0.0,0.0,0.0,0.0,0.0,0.0,0.0
00-0031503,2021,3,0.0,0.0,0.0,0.0,0.0,0.0,0.0
00-0031503,2021,4,0.0,0.0,0.0,0.0,0.0,0.0,0.0
00-0031503,2021,5,2.0,1.0,0.0,0.0,0.0,0.0,0.0
00-0031503,2021,7,0.0,0.0,0.0,0.0,0.0,0.0,0.0
00-0031503,2021,8,0.0,0.0,0.0,0.0,0.0,0.0,0.0
00-0031544,2021,1,0.0,0.0,0.0,0.0,0.0,0.0,0.0
00-0031544,2021,4,0.0,0.0,0.0,0.0,0.0,0.0,0.0
00-0031544,2021,5,0.0,0.0,0.0,0.0,0.0,0.0,0.0
00-0031544,2021,8,0.0,0.0,0.0,0.0,0.0,0.0,0.0
00-0031544,2021,14,0.0,0.0,0.0,0.0,0.0,0.0,0.0
00-0031544,2021,16,0.0,0.0,0.0,0.0,0.0,0.0,0.0
00-0031544,2021,17,0.0,0.0,0.0,0.0,0.0,0.0,0.0
00-0031547,2021,4,0.0,0.0,0.0,0.0,0.0,0.0,0.0
00-0031547,2021,15,0.0,0.0,0.0,0.0,0.0,0.0,0.0
00-0031549,2021,1,0.0,0.0,0.0,0.0,0.0,0.0,0.0
00-0031549,2021,7,0.0,0.0,0.0,0.0,0.0,0.0,0.0
00-0031549,2021,11,0.0,0.0,0.0,0.0,0.0,0.0,0.0
00-0031558,2021,4,0.0,0.0,0.0,0.0,0.0,0.0,0.0
00-0031585,2021,5,0.0,0.0,0.0,0.0,0.0,0.0,0.0
00-0031585,2021,7,0.0,0.0,0.0,0.0,0.0,0.0,0.0
00-0031585,2021,10,0.0,0.0,0.0,0.0,0.0,0.0,0.0
00-0031588,2021,2,0.0,0.0,0.0,0.0,0.0,0.0,0.0
00-0031588,2021,6,0.0,0.0,0.0,0.0,0.0,0.0,0.0
00-0031588,2021,8,0.0,0.0,0.0,0.0,0.0,0.0,0.0
00-0031588,2021,10,0.0,0.0,0.0,0.0,0.0,0.0,0.0
00-0031588,2021,11,0.0,0.0,0.0,0.0,0.0,0.0,0.0
00-0031588,2021,12,0.0,0.0,0.0,0.0,0.0,0.0,0.0
00-0031588,2021,15,0.0,0.0,0.0,0.0,0.0,0.0,0.0
00-0031588,2021,16,0.0,0.0,0.0,0.0,0.0,0.0,0.0
00-0031588,2021,18,0.0,0.0,0.0,0.0,0.0,0.0,0.0
00-0031595,2021,15,0.0,0.0,0.0,0.0,0.0,0.0,0.0
00-0031610,2021,1,0.0,0.0,0.0,0.0,0.0,0.0,0.0
00-0031610,2021,4,0.0,0.0,0.0,0.0,0.0,0.0,0.0
00-0031763,2021,8,0.0,0.0,0.0,0.0,0.0,0.0,0.0
00-0031763,2021,10,0.0,0.0,0.0,0.0,0.0,0.0,0.0
00-0031763,2021,11,0.0,0.0,0.0,0.0,0.0,0.0,0.0
00-0031800,2021,1,0.0,0.0,0.0,0.0,0.0,0.0,0.0
00-0031800,2021,2,0.0,0.0,0.0,0.0,0.0,0.0,0.0
00-0031800,2021,3,1.0,1.0,0.0,0.0,0.0,0.0,0.0
00-0031800,2021,4,0.0,0.0,0.0,0.0,0.0,0.0,0.0
00-0031800,2021,6,0.0,0.0,0.0,0.0,0.0,0.0,0.0
00-0031800,2021,7,1.0,0.0,0.0,0.0,0.0,0.0,0.0
00-0031800,2021,8,0.0,0.0,0.0,0.0,0.0,0.0,0.0
00-0031800,2021,10,0.0,0.0,0.0,0.0,0.0,0.0,0.0
00-0031800,2021,11,0.0,0.0,0.0,0.0,0.0,0.0,0.0
00-0031800,2021,12,0.0,0.0,0.0,0.0,0.0,0.0,0.0
00-0031800,2021,13,0.0,0.0,0.0,0.0,0.0,0.0,0.0
00-0031800,2021,14,1.0,0.0,0.0,0.0,0.0,0.0,0.0
00-0031800,2021,16,0.0,0.0,0.0,0.0,0.0,0.0,1.0
00-0031806,2021,3,0.0,0.0,0.0,0.0,0.0,0.0,0.0
00-0031868,2021,14,0.0,0.0,1.0,1.0,0.0,0.0,0.0
00-0031941,2021,4,0.0,0.0,0.0,0.0,0.0,0.0,0.0
00-0031941,2021,11,0.0,0.0,0.0,0.0,0.0,0.0,0.0
00-0032054,2021,14,0.0,0.0,1.0,1.0,0.0,0.0,0.0
00-0032063,2021,4,0.0,0.0,0.0,0.0,0.0,0.0,0.0
00-0032063,2021,5,0.0,0.0,0.0,0.0,0.0,0.0,0.0
00-0032063,2021,13,0.0,0.0,0.0,0.0,0.0,0.0,0.0
00-0032063,2021,17,0.0,0.0,0.0,0.0,0.0,0.0,0.0
00-0032104,2021,15,0.0,0.0,0.0,0.0,0.0,0.0,0.0
00-0032128,2021,5,0.0,0.0,0.0,0.0,0.0,0.0,0.0
00-0032128,2021,16,0.0,0.0,1.0,0.0,0.0,0.0,0.0
00-0032134,2021,4,0.0,0.0,0.0,0.0,0.0,0.0,0.0
00-0032134,2021,6,0.0,0.0,0.0,0.0,0.0,0.0,0.0
00-0032134,2021,7,0.0,0.0,1.0,1.0,0.0,0.0,0.0
00-0032135,2021,8,0.0,0.0,0.0,0.0,0.0,0.0,0.0
00-0032141,2021,8,0.0,0.0,0.0,0.0,0.0,0.0,0.0
00-0032141,2021,9,0.0,0.0,0.0,0.0,0.0,0.0,0.0
00-0032141,2021,17,0.0,0.0,0.0,0.0,0.0,0.0,0.0
00-0032144,2021,1,0.0,0.0,0.0,0.0,1.0,1.0,0.0
00-0032144,2021,3,0.0,0.0,0.0,0.0,0.0,0.0,0.0
00-0032144,2021,7,0.0,0.0,0.0,0.0,0.0,0.0,0.0
00-0032144,2021,8,0.0,0.0,0.0,0.0,0.0,0.0,0.0
00-0032144,2021,9,0.0,0.0,0.0,0.0,0.0,0.0,0.0
00-0032144,2021,10,0.0,0.0,0.0,0.0,0.0,0.0,0.0
00-0032144,2021,14,0.0,0.0,0.0,0.0,0.0,0.0,0.0
00-0032144,2021,18,0.0,0.0,0.0,0.0,1.0,0.0,0.0
00-0032156,2021,8,0.0,0.0,0.0,0.0,0.0,0.0,0.0
00-0032156,2021,9,0.0,0.0,0.0,0.0,0.0,0.0,0.0
00-0032156,2021,10,0.0,0.0,0.0,0.0,0.0,0.0,0.0
00-0032156,2021,11,0.0,0.0,0.0,0.0,0.0,0.0,1.0
00-0032156,2021,12,0.0,0.0,0.0,0.0,0.0,0.0,0.0
00-0032156,2021,18,0.0,0.0,0.0,0.0,0.0,0.0,0.0
00-0032187,2021,1,0.0,0.0,0.0,0.0,0.0,0.0,0.0
00-0032211,2021,1,0.0,0.0,1.0,1.0,0.0,0.0,0.0
00-0032211,2021,2,0.0,0.0,1.0,1.0,0.0,0.0,0.0
00-0032211,2021,13,0.0,0.0,0.0,0.0,0.0,0.0,0.0
00-0032211,2021,14,0.0,0.0,1.0,1.0,0.0,0.0,0.0
00-0032211,2021,17,0.0,0.0,0.0,0.0,0.0,0.0,0.0
00-0032211,2021,18,0.0,0.0,1.0,0.0,0.0,0.0,0.0
00-0032214,2021,8,0.0,0.0,0.0,0.0,0.0,0.0,0.0
00-0032245,2021,17,0.0,0.0,0.0,0.0,0.0,0.0,0.0
00-0032257,2021,15,0.0,0.0,0.0,0.0,0.0,0.0,0.0
00-0032257,2021,18,0.0,0.0,0.0,0.0,0.0,0.0,0.0
00-0032268,2021,12,0.0,0.0,0.0,0.0,0.0,0.0,0.0
00-0032355,2021,3,0.0,0.0,0.0,0.0,0.0,0.0,0.0
00-0032381,2021,17,0.0,0.0,0.0,0.0,0.0,0.0,0.0
00-0032385,2021,1,0.0,0.0,0.0,0.0,0.0,0.0,0.0
00-0032392,2021,3,0.0,0.0,0.0,0.0,0.0,0.0,0.0
00-0032392,2021,10,0.0,0.0,0.0,0.0,0.0,0.0,0.0
00-0032392,2021,14,0.0,0.0,0.0,0.0,0.0,0.0,0.0
00-0032394,2021,12,0.0,0.0,0.0,0.0,0.0,0.0,0.0
00-0032398,2021,5,0.0,0.0,1.0,1.0,0.0,0.0,0.0
00-0032398,2021,18,0.0,0.0,0.0,0.0,0.0,0.0,0.0
00-0032426,2021,4,0.0,0.0,0.0,0.0,0.0,0.0,0.0
00-0032426,2021,6,0.0,0.0,0.0,0.0,0.0,0.0,0.0
00-0032434,2021,6,0.0,0.0,0.0,0.0,0.0,0.0,0.0
00-0032434,2021,18,0.0,0.0,0.0,0.0,0.0,0.0,0.0
00-0032464,2021,4,0.0,0.0,0.0,0.0,0.0,0.0,0.0
00-0032464,2021,14,0.0,0.0,0.0,0.0,0.0,0.0,0.0
00-0032464,2021,18,0.0,0.0,1.0,1.0,0.0,0.0,0.0
00-0032602,2021,2,0.0,0.0,0.0,0.0,0.0,0.0,0.0
00-0032602,2021,4,0.0,0.0,0.0,0.0,0.0,0.0,0.0
00-0032602,2021,12,0.0,0.0,0.0,0.0,0.0,0.0,0.0
00-0032688,2021,1,0.0,0.0,1.0,1.0,0.0,0.0,0.0
00-0032688,2021,6,0.0,0.0,0.0,0.0,0.0,0.0,0.0
00-0032688,2021,10,0.0,0.0,0.0,0.0,0.0,0.0,0.0
00-0032688,2021,14,0.0,0.0,0.0,0.0,0.0,0.0,0.0
00-0032688,2021,18,0.0,0.0,0.0,0.0,0.0,0.0,0.0
00-0032725,2021,9,0.0,0.0,0.0,0.0,0.0,0.0,0.0
00-0032741,2021,3,0.0,0.0,0.0,0.0,0.0,0.0,0.0
00-0032741,2021,16,0.0,0.0,0.0,0.0,0.0,0.0,0.0
00-0032764,2021,2,0.0,0.0,0.0,0.0,1.0,1.0,0.0
00-0032764,2021,4,0.0,0.0,0.0,0.0,0.0,0.0,0.0
00-0032764,2021,5,0.0,0.0,0.0,0.0,0.0,0.0,0.0
00-0032764,2021,6,0.0,0.0,0.0,0.0,1.0,1.0,0.0
00-0032764,2021,7,0.0,0.0,0.0,0.0,0.0,0.0,0.0
00-0032775,2021,2,0.0,0.0,0.0,0.0,0.0,0.0,0.0
00-0032775,2021,6,0.0,0.0,0.0,0.0,0.0,0.0,0.0
00-0032775,2021,17,0.0,0.0,0.0,0.0,0.0,0.0,0.0
00-0032780,2021,8,0.0,0.0,0.0,0.0,0.0,0.0,0.0
00-0032780,2021,9,0.0,0.0,0.0,0.0,0.0,0.0,0.0
00-0032791,2021,13,0.0,0.0,0.0,0.0,0.0,0.0,0.0
00-0032791,2021,14,0.0,0.0,1.0,0.0,0.0,0.0,0.0
00-0032813,2021,6,0.0,0.0,0.0,0.0,0.0,0.0,0.0
00-0032813,2021,14,0.0,0.0,0.0,0.0,0.0,0.0,0.0
00-0032950,2021,1,0.0,0.0,0.0,0.0,0.0,0.0,0.0
00-0032950,2021,2,0.0,0.0,0.0,0.0,0.0,0.0,0.0
00-0032950,2021,4,0.0,0.0,0.0,0.0,0.0,0.0,0.0
00-0032950,2021,5,2.0,1.0,0.0,0.0,0.0,0.0,0.0
00-0032950,2021,6,1.0,1.0,0.0,0.0,0.0,0.0,0.0
00-0032950,2021,7,0.0,0.0,0.0,0.0,0.0,0.0,0.0
00-0032950,2021,8,0.0,0.0,0.0,0.0,0.0,0.0,1.0
00-0032950,2021,9,0.0,0.0,0.0,0.0,0.0,0.0,0.0
00-0032950,2021,11,0.0,0.0,0.0,0.0,0.0,0.0,0.0
00-0032950,2021,12,1.0,1.0,0.0,0.0,0.0,0.0,0.0
00-0032950,2021,13,0.0,0.0,0.0,0.0,0.0,0.0,0.0
00-0032950,2021,15,0.0,0.0,0.0,0.0,0.0,0.0,0.0
00-0032950,2021,16,0.0,0.0,0.0,0.0,0.0,0.0,0.0
00-0032950,2021,17,1.0,0.0,0.0,0.0,0.0,0.0,0.0
00-0032950,2021,18,0.0,0.0,0.0,0.0,0.0,0.0,0.0
00-0032951,2021,18,0.0,0.0,0.0,0.0,0.0,0.0,0.0
00-0032956,2021,2,0.0,0.0,0.0,0.0,0.0,0.0,0.0
00-0032972,2021,5,0.0,0.0,0.0,0.0,0.0,0.0,0.0
00-0032972,2021,7,0.0,0.0,0.0,0.0,0.0,0.0,0.0
00-0032975,2021,14,0.0,0.0,0.0,0.0,0.0,0.0,0.0
00-0032977,2021,5,0.0,0.0,0.0,0.0,0.0,0.0,0.0
00-0033009,2021,3,0.0,0.0,0.0,0.0,0.0,0.0,0.0
00-0033009,2021,8,0.0,0.0,0.0,0.0,0.0,0.0,0.0
00-0033009,2021,15,0.0,0.0,1.0,1.0,0.0,0.0,0.0
00-0033009,2021,16,0.0,0.0,1.0,1.0,0.0,0.0,0.0
00-0033009,2021,17,0.0,0.0,0.0,0.0,0.0,0.0,0.0
00-0033040,2021,1,0.0,0.0,1.0,1.0,0.0,0.0,0.0
00-0033040,2021,4,0.0,0.0,1.0,0.0,0.0,0.0,0.0
00-0033040,2021,6,0.0,0.0,0.0,0.0,0.0,0.0,0.0
00-0033040,2021,8,0.0,0.0,0.0,0.0,0.0,0.0,0.0
00-0033040,2021,10,0.0,0.0,0.0,0.0,0.0,0.0,0.0
00-0033040,2021,15,0.0,0.0,0.0,0.0,0.0,0.0,0.0
00-0033045,2021,2,0.0,0.0,0.0,0.0,0.0,0.0,0.0
00-0033045,2021,3,0.0,0.0,0.0,0.0,0.0,0.0,0.0
00-0033045,2021,4,0.0,0.0,0.0,0.0,0.0,0.0,0.0
00-0033045,2021,5,0.0,0.0,0.0,0.0,0.0,0.0,0.0
00-0033045,2021,10,0.0,0.0,0.0,0.0,0.0,0.0,0.0
00-0033045,2021,12,0.0,0.0,0.0,0.0,0.0,0.0,0.0
00-0033045,2021,15,0.0,0.0,0.0,0.0,0.0,0.0,0.0
00-0033045,2021,16,0.0,0.0,0.0,0.0,0.0,0.0,0.0
00-0033077,2021,1,0.0,0.0,0.0,0.0,0.0,0.0,0.0
00-0033077,2021,3,0.0,0.0,0.0,0.0,0.0,0.0,0.0
00-0033077,2021,4,0.0,0.0,0.0,0.0,0.0,0.0,0.0
00-0033077,2021,5,1.0,0.0,0.0,0.0,0.0,0.0,0.0
00-0033077,2021,6,0.0,0.0,0.0,0.0,0.0,0.0,0.0
00-0033077,2021,9,0.0,0.0,0.0,0.0,0.0,0.0,0.0
00-0033077,2021,10,0.0,0.0,0.0,0.0,0.0,0.0,0.0
00-0033077,2021,12,0.0,0.0,0.0,0.0,0.0,0.0,0.0
00-0033077,2021,13,0.0,0.0,0.0,0.0,0.0,0.0,0.0
00-0033077,2021,14,0.0,0.0,0.0,0.0,0.0,0.0,1.0
00-0033077,2021,15,0.0,0.0,0.0,0.0,0.0,0.0,0.0
00-0033077,2021,16,0.0,0.0,0.0,0.0,0.0,0.0,0.0
00-0033077,2021,17,0.0,0.0,0.0,0.0,0.0,0.0,0.0
00-0033077,2021,18,0.0,0.0,0.0,0.0,0.0,0.0,0.0
00-0033090,2021,4,0.0,0.0,0.0,0.0,0.0,0.0,0.0
00-0033090,2021,5,0.0,0.0,0.0,0.0,0.0,0.0,0.0
00-0033090,2021,6,0.0,0.0,0.0,0.0,0.0,0.0,0.0
00-0033090,2021,7,0.0,0.0,0.0,0.0,0.0,0.0,0.0
00-0033090,2021,9,0.0,0.0,0.0,0.0,0.0,0.0,0.0
00-0033090,2021,10,0.0,0.0,0.0,0.0,0.0,0.0,0.0
00-0033090,2021,15,0.0,0.0,0.0,0.0,0.0,0.0,0.0
00-0033106,2021,1,1.0,0.0,0.0,0.0,0.0,0.0,1.0
00-0033106,2021,2,0.0,0.0,0.0,0.0,0.0,0.0,0.0
00-0033106,2021,4,0.0,0.0,0.0,0.0,0.0,0.0,0.0
00-0033106,2021,7,1.0,1.0,0.0,0.0,0.0,0.0,0.0
00-0033106,2021,12,0.0,0.0,0.0,0.0,0.0,0.0,0.0
00-0033106,2021,13,0.0,0.0,0.0,0.0,0.0,0.0,0.0
00-0033106,2021,14,0.0,0.0,0.0,0.0,0.0,0.0,0.0
00-0033106,2021,15,0.0,0.0,0.0,0.0,0.0,0.0,0.0
00-0033106,2021,18,0.0,0.0,0.0,0.0,0.0,0.0,0.0
00-0033110,2021,3,0.0,0.0,0.0,0.0,0.0,0.0,0.0
00-0033110,2021,5,0.0,0.0,0.0,0.0,0.0,0.0,0.0
00-0033110,2021,10,0.0,0.0,0.0,0.0,0.0,0.0,0.0
00-0033110,2021,18,0.0,0.0,0.0,0.0,0.0,0.0,0.0
00-0033118,2021,6,0.0,0.0,0.0,0.0,0.0,0.0,0.0
00-0033118,2021,7,0.0,0.0,0.0,0.0,0.0,0.0,0.0
00-0033119,2021,3,0.0,0.0,0.0,0.0,0.0,0.0,0.0
00-0033119,2021,4,0.0,0.0,0.0,0.0,0.0,0.0,0.0
00-0033119,2021,5,0.0,0.0,0.0,0.0,0.0,0.0,0.0
00-0033119,2021,9,0.0,0.0,0.0,0.0,0.0,0.0,0.0
00-0033215,2021,8,0.0,0.0,1.0,1.0,0.0,0.0,0.0
00-0033215,2021,17,0.0,0.0,0.0,0.0,0.0,0.0,0.0
00-0033217,2021,4,0.0,0.0,0.0,0.0,0.0,0.0,0.0
00-0033217,2021,6,0.0,0.0,0.0,0.0,0.0,0.0,0.0
00-0033217,2021,7,0.0,0.0,0.0,0.0,0.0,0.0,0.0
00-0033251,2021,1,0.0,0.0,0.0,0.0,0.0,0.0,0.0
00-0033251,2021,2,0.0,0.0,0.0,0.0,0.0,0.0,0.0
00-0033275,2021,14,0.0,0.0,0.0,0.0,0.0,0.0,0.0
00-0033280,2021,2,0.0,0.0,0.0,0.0,0.0,0.0,0.0
00-0033280,2021,11,0.0,0.0,0.0,0.0,0.0,0.0,0.0
00-0033288,2021,9,0.0,0.0,0.0,0.0,0.0,0.0,0.0
00-0033288,2021,10,0.0,0.0,0.0,0.0,0.0,0.0,0.0
00-0033288,2021,11,0.0,0.0,0.0,0.0,0.0,0.0,0.0
00-0033288,2021,13,0.0,0.0,1.0,0.0,0.0,0.0,0.0
00-0033288,2021,14,0.0,0.0,0.0,0.0,0.0,0.0,0.0
00-0033293,2021,2,0.0,0.0,0.0,0.0,0.0,0.0,0.0
00-0033293,2021,3,0.0,0.0,0.0,0.0,0.0,0.0,0.0
00-0033293,2021,6,0.0,0.0,0.0,0.0,0.0,0.0,0.0
00-0033293,2021,8,0.0,0.0,0.0,0.0,0.0,0.0,0.0
00-0033293,2021,14,0.0,0.0,0.0,0.0,0.0,0.0,0.0
00-0033293,2021,15,0.0,0.0,0.0,0.0,0.0,0.0,0.0
00-0033296,2021,8,0.0,0.0,0.0,0.0,0.0,0.0,0.0
00-0033300,2021,16,0.0,0.0,0.0,0.0,0.0,0.0,0.0
00-0033307,2021,3,0.0,0.0,0.0,0.0,0.0,0.0,0.0
00-0033307,2021,6,0.0,0.0,1.0,1.0,0.0,0.0,0.0
00-0033307,2021,7,0.0,0.0,0.0,0.0,0.0,0.0,0.0
00-0033307,2021,10,0.0,0.0,0.0,0.0,0.0,0.0,0.0
00-0033307,2021,12,0.0,0.0,1.0,0.0,0.0,0.0,0.0
00-0033308,2021,10,0.0,0.0,0.0,0.0,0.0,0.0,0.0
00-0033308,2021,12,0.0,0.0,0.0,0.0,0.0,0.0,0.0
00-0033319,2021,15,0.0,0.0,0.0,0.0,0.0,0.0,0.0
00-0033357,2021,3,0.0,0.0,0.0,0.0,0.0,0.0,0.0
00-0033357,2021,4,0.0,0.0,0.0,0.0,0.0,0.0,0.0
00-0033357,2021,13,1.0,1.0,0.0,0.0,0.0,0.0,1.0
00-0033357,2021,14,0.0,0.0,0.0,0.0,1.0,0.0,0.0
00-0033357,2021,17,0.0,0.0,0.0,0.0,0.0,0.0,0.0
00-0033357,2021,18,0.0,0.0,0.0,0.0,0.0,0.0,0.0
00-0033375,2021,1,0.0,0.0,0.0,0.0,0.0,0.0,0.0
00-0033375,2021,2,0.0,0.0,0.0,0.0,0.0,0.0,0.0
00-0033375,2021,6,0.0,0.0,0.0,0.0,0.0,0.0,0.0
00-0033375,2021,9,0.0,0.0,1.0,0.0,0.0,0.0,0.0
00-0033375,2021,15,0.0,0.0,0.0,0.0,0.0,0.0,0.0
00-0033376,2021,9,0.0,0.0,0.0,0.0,0.0,0.0,0.0
00-0033387,2021,5,0.0,0.0,0.0,0.0,0.0,0.0,0.0
00-0033421,2021,5,0.0,0.0,0.0,0.0,0.0,0.0,0.0
00-0033455,2021,17,0.0,0.0,0.0,0.0,0.0,0.0,0.0
00-0033455,2021,18,0.0,0.0,0.0,0.0,0.0,0.0,0.0
00-0033460,2021,4,0.0,0.0,1.0,1.0,0.0,0.0,0.0
00-0033466,2021,10,0.0,0.0,0.0,0.0,0.0,0.0,0.0
00-0033466,2021,16,0.0,0.0,0.0,0.0,0.0,0.0,0.0
00-0033471,2021,7,0.0,0.0,0.0,0.0,0.0,0.0,0.0
00-0033471,2021,13,0.0,0.0,0.0,0.0,0.0,0.0,0.0
00-0033526,2021,5,0.0,0.0,0.0,0.0,0.0,0.0,0.0
00-0033526,2021,7,0.0,0.0,0.0,0.0,1.0,0.0,0.0
00-0033536,2021,1,0.0,0.0,0.0,0.0,0.0,0.0,0.0
00-0033536,2021,2,0.0,0.0,0.0,0.0,0.0,0.0,0.0
00-0033536,2021,3,0.0,0.0,0.0,0.0,0.0,0.0,0.0
00-0033536,2021,5,0.0,0.0,2.0,1.0,0.0,0.0,0.0
00-0033536,2021,11,0.0,0.0,1.0,1.0,0.0,0.0,0.0
00-0033536,2021,17,0.0,0.0,1.0,0.0,0.0,0.0,0.0
00-0033536,2021,18,0.0,0.0,0.0,0.0,0.0,0.0,0.0
00-0033553,2021,3,0.0,0.0,0.0,0.0,0.0,0.0,0.0
00-0033553,2021,4,0.0,0.0,0.0,0.0,0.0,0.0,0.0
00-0033553,2021,5,0.0,0.0,0.0,0.0,0.0,0.0,0.0
00-0033553,2021,7,0.0,0.0,0.0,0.0,0.0,0.0,0.0
00-0033553,2021,8,0.0,0.0,0.0,0.0,0.0,0.0,0.0
00-0033553,2021,9,0.0,0.0,1.0,0.0,0.0,0.0,0.0
00-0033553,2021,10,0.0,0.0,0.0,0.0,0.0,0.0,0.0
00-0033553,2021,11,0.0,0.0,0.0,0.0,0.0,0.0,0.0
00-0033553,2021,13,0.0,0.0,0.0,0.0,0.0,0.0,0.0
00-0033553,2021,14,0.0,0.0,0.0,0.0,0.0,0.0,0.0
00-0033553,2021,18,0.0,0.0,0.0,0.0,0.0,0.0,0.0
00-0033555,2021,7,0.0,0.0,0.0,0.0,0.0,0.0,0.0
00-0033555,2021,9,0.0,0.0,0.0,0.0,0.0,0.0,0.0
00-0033555,2021,11,0.0,0.0,1.0,1.0,0.0,0.0,0.0
00-0033555,2021,13,0.0,0.0,0.0,0.0,0.0,0.0,0.0
00-0033572,2021,8,0.0,0.0,0.0,0.0,0.0,0.0,0.0
00-0033572,2021,10,0.0,0.0,0.0,0.0,1.0,1.0,0.0
00-0033576,2021,12,0.0,0.0,0.0,0.0,0.0,0.0,0.0
00-0033594,2021,2,0.0,0.0,0.0,0.0,0.0,0.0,0.0
00-0033594,2021,3,0.0,0.0,0.0,0.0,0.0,0.0,0.0
00-0033611,2021,2,0.0,0.0,0.0,0.0,0.0,0.0,0.0
00-0033611,2021,6,0.0,0.0,0.0,0.0,0.0,0.0,0.0
00-0033658,2021,4,0.0,0.0,0.0,0.0,0.0,0.0,0.0
00-0033658,2021,6,0.0,0.0,0.0,0.0,0.0,0.0,0.0
00-0033662,2021,8,1.0,1.0,0.0,0.0,0.0,0.0,0.0
00-0033662,2021,16,0.0,0.0,0.0,0.0,0.0,0.0,0.0
00-0033681,2021,18,0.0,0.0,1.0,0.0,0.0,0.0,0.0
00-0033699,2021,1,0.0,0.0,0.0,0.0,0.0,0.0,0.0
00-0033699,2021,3,0.0,0.0,0.0,0.0,0.0,0.0,0.0
00-0033699,2021,4,0.0,0.0,0.0,0.0,0.0,0.0,0.0
00-0033699,2021,5,0.0,0.0,0.0,0.0,0.0,0.0,0.0
00-0033699,2021,8,0.0,0.0,0.0,0.0,0.0,0.0,0.0
00-0033699,2021,10,0.0,0.0,0.0,0.0,0.0,0.0,0.0
00-0033699,2021,11,0.0,0.0,0.0,0.0,0.0,0.0,0.0
00-0033699,2021,12,0.0,0.0,0.0,0.0,0.0,0.0,0.0
00-0033699,2021,13,0.0,0.0,0.0,0.0,0.0,0.0,0.0
00-0033699,2021,14,0.0,0.0,0.0,0.0,0.0,0.0,0.0
00-0033699,2021,15,0.0,0.0,0.0,0.0,0.0,0.0,0.0
00-0033699,2021,17,0.0,0.0,0.0,0.0,0.0,0.0,0.0
00-0033699,2021,18,0.0,0.0,0.0,0.0,0.0,0.0,0.0
00-0033725,2021,18,0.0,0.0,0.0,0.0,0.0,0.0,0.0
00-0033733,2021,3,0.0,0.0,0.0,0.0,0.0,0.0,0.0
00-0033733,2021,4,0.0,0.0,0.0,0.0,0.0,0.0,0.0
00-0033733,2021,15,0.0,0.0,0.0,0.0,0.0,0.0,0.0
00-0033757,2021,2,0.0,0.0,0.0,0.0,0.0,0.0,0.0
00-0033757,2021,7,0.0,0.0,0.0,0.0,0.0,0.0,0.0
00-0033854,2021,16,0.0,0.0,0.0,0.0,0.0,0.0,0.0
00-0033854,2021,17,0.0,0.0,0.0,0.0,0.0,0.0,0.0
00-0033856,2021,5,0.0,0.0,0.0,0.0,0.0,0.0,0.0
00-0033856,2021,6,0.0,0.0,0.0,0.0,0.0,0.0,0.0
00-0033856,2021,7,0.0,0.0,0.0,0.0,0.0,0.0,0.0
00-0033856,2021,12,0.0,0.0,0.0,0.0,0.0,0.0,0.0
00-0033856,2021,13,0.0,0.0,0.0,0.0,0.0,0.0,0.0
00-0033856,2021,14,0.0,0.0,0.0,0.0,1.0,0.0,0.0
00-0033857,2021,2,0.0,0.0,0.0,0.0,0.0,0.0,0.0
00-0033858,2021,4,0.0,0.0,0.0,0.0,0.0,0.0,0.0
00-0033869,2021,4,0.0,0.0,0.0,0.0,0.0,0.0,0.0
00-0033871,2021,1,0.0,0.0,0.0,0.0,0.0,0.0,0.0
00-0033871,2021,4,0.0,0.0,1.0,1.0,0.0,0.0,0.0
00-0033871,2021,7,0.0,0.0,0.0,0.0,0.0,0.0,0.0
00-0033873,2021,1,1.0,1.0,0.0,0.0,0.0,0.0,0.0
00-0033873,2021,2,2.0,0.0,0.0,0.0,0.0,0.0,0.0
00-0033873,2021,3,0.0,0.0,0.0,0.0,0.0,0.0,0.0
00-0033873,2021,4,1.0,0.0,0.0,0.0,0.0,0.0,0.0
00-0033873,2021,5,0.0,0.0,0.0,0.0,0.0,0.0,1.0
00-0033873,2021,6,0.0,0.0,0.0,0.0,0.0,0.0,0.0
00-0033873,2021,8,0.0,0.0,0.0,0.0,0.0,0.0,0.0
00-0033873,2021,9,0.0,0.0,0.0,0.0,0.0,0.0,0.0
00-0033873,2021,10,0.0,0.0,0.0,0.0,0.0,0.0,0.0
00-0033873,2021,13,0.0,0.0,0.0,0.0,0.0,0.0,0.0
00-0033873,2021,14,0.0,0.0,0.0,0.0,0.0,0.0,0.0
00-0033873,2021,15,0.0,0.0,0.0,0.0,0.0,0.0,0.0
00-0033873,2021,16,0.0,0.0,0.0,0.0,0.0,0.0,0.0
00-0033873,2021,17,0.0,0.0,0.0,0.0,0.0,0.0,0.0
00-0033873,2021,18,0.0,0.0,0.0,0.0,0.0,0.0,0.0
00-0033879,2021,6,0.0,0.0,0.0,0.0,0.0,0.0,0.0
00-0033881,2021,8,0.0,0.0,0.0,0.0,0.0,0.0,0.0
00-0033881,2021,9,0.0,0.0,0.0,0.0,0.0,0.0,0.0
00-0033881,2021,16,0.0,0.0,0.0,0.0,0.0,0.0,0.0
00-0033885,2021,5,0.0,0.0,1.0,1.0,0.0,0.0,0.0
00-0033885,2021,9,0.0,0.0,0.0,0.0,0.0,0.0,0.0
00-0033885,2021,12,0.0,0.0,0.0,0.0,0.0,0.0,0.0
00-0033885,2021,17,0.0,0.0,0.0,0.0,0.0,0.0,0.0
00-0033891,2021,1,0.0,0.0,0.0,0.0,0.0,0.0,0.0
00-0033893,2021,1,0.0,0.0,0.0,0.0,0.0,0.0,0.0
00-0033893,2021,6,0.0,0.0,0.0,0.0,0.0,0.0,0.0
00-0033893,2021,10,0.0,0.0,0.0,0.0,0.0,0.0,0.0
00-0033893,2021,11,0.0,0.0,0.0,0.0,0.0,0.0,0.0
00-0033893,2021,14,0.0,0.0,0.0,0.0,0.0,0.0,0.0
00-0033895,2021,1,0.0,0.0,0.0,0.0,0.0,0.0,0.0
00-0033895,2021,12,0.0,0.0,0.0,0.0,0.0,0.0,0.0
00-0033895,2021,14,0.0,0.0,0.0,0.0,0.0,0.0,0.0
00-0033895,2021,16,0.0,0.0,0.0,0.0,0.0,0.0,0.0
00-0033897,2021,1,0.0,0.0,0.0,0.0,0.0,0.0,0.0
00-0033897,2021,4,0.0,0.0,0.0,0.0,0.0,0.0,0.0
00-0033897,2021,5,0.0,0.0,0.0,0.0,0.0,0.0,0.0
00-0033897,2021,6,0.0,0.0,1.0,0.0,0.0,0.0,0.0
00-0033897,2021,7,0.0,0.0,0.0,0.0,0.0,0.0,0.0
00-0033897,2021,8,0.0,0.0,0.0,0.0,0.0,0.0,0.0
00-0033897,2021,9,0.0,0.0,0.0,0.0,0.0,0.0,0.0
00-0033897,2021,11,0.0,0.0,0.0,0.0,0.0,0.0,0.0
00-0033897,2021,12,0.0,0.0,0.0,0.0,0.0,0.0,0.0
00-0033897,2021,13,0.0,0.0,0.0,0.0,0.0,0.0,0.0
00-0033897,2021,16,0.0,0.0,0.0,0.0,0.0,0.0,0.0
00-0033906,2021,1,0.0,0.0,0.0,0.0,0.0,0.0,0.0
00-0033906,2021,3,0.0,0.0,0.0,0.0,0.0,0.0,0.0
00-0033906,2021,5,0.0,0.0,0.0,0.0,0.0,0.0,0.0
00-0033906,2021,7,0.0,0.0,0.0,0.0,0.0,0.0,0.0
00-0033906,2021,8,0.0,0.0,0.0,0.0,0.0,0.0,0.0
00-0033906,2021,9,0.0,0.0,0.0,0.0,0.0,0.0,0.0
00-0033906,2021,14,0.0,0.0,0.0,0.0,0.0,0.0,0.0
00-0033906,2021,17,0.0,0.0,0.0,0.0,0.0,0.0,0.0
00-0033908,2021,1,0.0,0.0,1.0,1.0,0.0,0.0,0.0
00-0033908,2021,2,0.0,0.0,0.0,0.0,0.0,0.0,0.0
00-0033908,2021,3,0.0,0.0,0.0,0.0,0.0,0.0,0.0
00-0033908,2021,6,0.0,0.0,0.0,0.0,0.0,0.0,0.0
00-0033908,2021,7,0.0,0.0,0.0,0.0,0.0,0.0,0.0
00-0033908,2021,8,0.0,0.0,0.0,0.0,0.0,0.0,0.0
00-0033908,2021,13,0.0,0.0,0.0,0.0,0.0,0.0,0.0
00-0033908,2021,14,0.0,0.0,0.0,0.0,0.0,0.0,0.0
00-0033908,2021,15,0.0,0.0,0.0,0.0,0.0,0.0,0.0
00-0033908,2021,17,0.0,0.0,0.0,0.0,0.0,0.0,0.0
00-0033908,2021,18,0.0,0.0,0.0,0.0,0.0,0.0,0.0
00-0033921,2021,1,0.0,0.0,0.0,0.0,0.0,0.0,0.0
00-0033921,2021,2,0.0,0.0,0.0,0.0,0.0,0.0,0.0
00-0033921,2021,3,0.0,0.0,0.0,0.0,0.0,0.0,0.0
00-0033921,2021,7,0.0,0.0,0.0,0.0,0.0,0.0,0.0
00-0033921,2021,8,0.0,0.0,0.0,0.0,0.0,0.0,0.0
00-0033921,2021,11,0.0,0.0,0.0,0.0,0.0,0.0,0.0
00-0033923,2021,1,0.0,0.0,0.0,0.0,0.0,0.0,0.0
00-0033923,2021,3,0.0,0.0,0.0,0.0,0.0,0.0,0.0
00-0033923,2021,4,0.0,0.0,0.0,0.0,0.0,0.0,0.0
00-0033923,2021,5,0.0,0.0,0.0,0.0,0.0,0.0,0.0
00-0033925,2021,14,0.0,0.0,0.0,0.0,0.0,0.0,0.0
00-0033925,2021,16,0.0,0.0,0.0,0.0,0.0,0.0,0.0
00-0033925,2021,17,0.0,0.0,0.0,0.0,0.0,0.0,0.0
00-0033943,2021,12,0.0,0.0,0.0,0.0,0.0,0.0,0.0
00-0033943,2021,15,0.0,0.0,0.0,0.0,0.0,0.0,0.0
00-0033948,2021,1,0.0,0.0,0.0,0.0,0.0,0.0,0.0
00-0033948,2021,3,0.0,0.0,0.0,0.0,0.0,0.0,0.0
00-0033948,2021,17,0.0,0.0,0.0,0.0,0.0,0.0,0.0
00-0033955,2021,3,0.0,0.0,0.0,0.0,0.0,0.0,0.0
00-0034052,2021,2,0.0,0.0,0.0,0.0,0.0,0.0,0.0
00-0034073,2021,4,0.0,0.0,0.0,0.0,0.0,0.0,0.0
00-0034104,2021,11,0.0,0.0,0.0,0.0,0.0,0.0,0.0
00-0034104,2021,14,0.0,0.0,1.0,0.0,0.0,0.0,0.0
00-0034109,2021,1,0.0,0.0,0.0,0.0,0.0,0.0,0.0
00-0034109,2021,2,0.0,0.0,0.0,0.0,0.0,0.0,0.0
00-0034115,2021,15,0.0,0.0,0.0,0.0,0.0,0.0,0.0
00-0034115,2021,16,0.0,0.0,0.0,0.0,0.0,0.0,0.0
00-0034159,2021,6,0.0,0.0,0.0,0.0,0.0,0.0,0.0
00-0034171,2021,15,0.0,0.0,0.0,0.0,0.0,0.0,0.0
00-0034177,2021,16,0.0,0.0,0.0,0.0,0.0,0.0,0.0
00-0034177,2021,17,0.0,0.0,0.0,0.0,0.0,0.0,0.0
00-0034253,2021,12,0.0,0.0,0.0,0.0,1.0,1.0,0.0
00-0034253,2021,17,0.0,0.0,0.0,0.0,0.0,0.0,0.0
00-0034270,2021,3,0.0,0.0,0.0,0.0,0.0,0.0,0.0
00-0034270,2021,10,0.0,0.0,0.0,0.0,0.0,0.0,0.0
00-0034272,2021,3,0.0,0.0,0.0,0.0,0.0,0.0,0.0
00-0034272,2021,11,0.0,0.0,1.0,1.0,0.0,0.0,0.0
00-0034272,2021,15,0.0,0.0,0.0,0.0,0.0,0.0,0.0
00-0034297,2021,2,0.0,0.0,1.0,0.0,0.0,0.0,0.0
00-0034297,2021,5,0.0,0.0,0.0,0.0,0.0,0.0,0.0
00-0034297,2021,10,0.0,0.0,0.0,0.0,0.0,0.0,0.0
00-0034297,2021,16,0.0,0.0,0.0,0.0,0.0,0.0,0.0
00-0034301,2021,2,0.0,0.0,0.0,0.0,0.0,0.0,0.0
00-0034301,2021,4,0.0,0.0,0.0,0.0,0.0,0.0,0.0
00-0034301,2021,6,0.0,0.0,0.0,0.0,0.0,0.0,0.0
00-0034301,2021,10,0.0,0.0,0.0,0.0,0.0,0.0,0.0
00-0034301,2021,14,0.0,0.0,0.0,0.0,0.0,0.0,0.0
00-0034301,2021,17,0.0,0.0,0.0,0.0,0.0,0.0,0.0
00-0034311,2021,7,0.0,0.0,0.0,0.0,0.0,0.0,0.0
00-0034343,2021,11,0.0,0.0,0.0,0.0,0.0,0.0,1.0
00-0034348,2021,5,0.0,0.0,0.0,0.0,0.0,0.0,0.0
00-0034348,2021,6,0.0,0.0,0.0,0.0,0.0,0.0,0.0
00-0034351,2021,1,0.0,0.0,0.0,0.0,0.0,0.0,0.0
00-0034351,2021,4,0.0,0.0,0.0,0.0,0.0,0.0,0.0
00-0034351,2021,13,0.0,0.0,0.0,0.0,0.0,0.0,0.0
00-0034353,2021,3,0.0,0.0,0.0,0.0,0.0,0.0,0.0
00-0034367,2021,3,0.0,0.0,0.0,0.0,0.0,0.0,0.0
00-0034367,2021,9,0.0,0.0,0.0,0.0,0.0,0.0,0.0
00-0034367,2021,15,0.0,0.0,0.0,0.0,0.0,0.0,0.0
00-0034378,2021,18,0.0,0.0,0.0,0.0,0.0,0.0,0.0
00-0034383,2021,3,0.0,0.0,0.0,0.0,0.0,0.0,0.0
00-0034383,2021,4,0.0,0.0,0.0,0.0,0.0,0.0,0.0
00-0034383,2021,12,0.0,0.0,0.0,0.0,0.0,0.0,0.0
00-0034383,2021,15,0.0,0.0,0.0,0.0,0.0,0.0,0.0
00-0034383,2021,16,0.0,0.0,0.0,0.0,0.0,0.0,0.0
00-0034383,2021,18,0.0,0.0,0.0,0.0,0.0,0.0,0.0
00-0034401,2021,7,0.0,0.0,0.0,0.0,0.0,0.0,0.0
00-0034401,2021,8,0.0,0.0,0.0,0.0,0.0,0.0,0.0
00-0034401,2021,9,0.0,0.0,0.0,0.0,0.0,0.0,0.0
00-0034411,2021,7,0.0,0.0,1.0,0.0,0.0,0.0,0.0
00-0034411,2021,12,0.0,0.0,0.0,0.0,0.0,0.0,0.0
00-0034411,2021,15,0.0,0.0,0.0,0.0,0.0,0.0,0.0
00-0034411,2021,18,0.0,0.0,0.0,0.0,0.0,0.0,0.0
00-0034414,2021,7,0.0,0.0,0.0,0.0,0.0,0.0,0.0
00-0034414,2021,8,0.0,0.0,0.0,0.0,0.0,0.0,0.0
00-0034414,2021,12,0.0,0.0,0.0,0.0,0.0,0.0,0.0
00-0034414,2021,16,0.0,0.0,0.0,0.0,0.0,0.0,0.0
00-0034414,2021,17,0.0,0.0,0.0,0.0,0.0,0.0,0.0
00-0034418,2021,3,0.0,0.0,0.0,0.0,0.0,0.0,0.0
00-0034418,2021,4,0.0,0.0,0.0,0.0,0.0,0.0,0.0
00-0034418,2021,8,0.0,0.0,1.0,1.0,0.0,0.0,0.0
00-0034418,2021,17,0.0,0.0,0.0,0.0,0.0,0.0,0.0
00-0034418,2021,18,0.0,0.0,0.0,0.0,0.0,0.0,0.0
00-0034419,2021,8,0.0,0.0,0.0,0.0,0.0,0.0,0.0
00-0034419,2021,15,0.0,0.0,0.0,0.0,0.0,0.0,0.0
00-0034419,2021,17,0.0,0.0,0.0,0.0,0.0,0.0,0.0
00-0034440,2021,16,0.0,0.0,0.0,0.0,0.0,0.0,0.0
00-0034487,2021,1,0.0,0.0,0.0,0.0,0.0,0.0,0.0
00-0034521,2021,6,0.0,0.0,0.0,0.0,0.0,0.0,0.0
00-0034521,2021,7,0.0,0.0,0.0,0.0,0.0,0.0,0.0
00-0034521,2021,9,0.0,0.0,0.0,0.0,0.0,0.0,0.0
00-0034521,2021,14,0.0,0.0,0.0,0.0,0.0,0.0,0.0
00-0034521,2021,16,0.0,0.0,0.0,0.0,0.0,0.0,0.0
00-0034521,2021,17,0.0,0.0,0.0,0.0,0.0,0.0,0.0
00-0034521,2021,18,0.0,0.0,0.0,0.0,0.0,0.0,0.0
00-0034577,2021,16,0.0,0.0,0.0,0.0,0.0,0.0,0.0
00-0034614,2021,10,0.0,0.0,0.0,0.0,1.0,0.0,0.0
00-0034652,2021,4,0.0,0.0,0.0,0.0,0.0,0.0,0.0
00-0034676,2021,10,0.0,0.0,0.0,0.0,0.0,0.0,0.0
00-0034676,2021,14,0.0,0.0,0.0,0.0,0.0,0.0,0.0
00-0034681,2021,8,0.0,0.0,0.0,0.0,0.0,0.0,0.0
00-0034681,2021,16,0.0,0.0,0.0,0.0,0.0,0.0,0.0
00-0034686,2021,6,0.0,0.0,0.0,0.0,0.0,0.0,0.0
00-0034750,2021,14,0.0,0.0,0.0,0.0,1.0,0.0,0.0
00-0034750,2021,16,0.0,0.0,0.0,0.0,0.0,0.0,0.0
00-0034750,2021,17,0.0,0.0,0.0,0.0,0.0,0.0,0.0
00-0034750,2021,18,0.0,0.0,0.0,0.0,1.0,1.0,0.0
00-0034753,2021,5,0.0,0.0,0.0,0.0,0.0,0.0,0.0
00-0034753,2021,6,0.0,0.0,0.0,0.0,0.0,0.0,0.0
00-0034753,2021,10,0.0,0.0,0.0,0.0,0.0,0.0,0.0
00-0034753,2021,12,0.0,0.0,0.0,0.0,0.0,0.0,0.0
00-0034753,2021,14,0.0,0.0,0.0,0.0,0.0,0.0,0.0
00-0034753,2021,15,0.0,0.0,0.0,0.0,0.0,0.0,0.0
00-0034753,2021,16,0.0,0.0,0.0,0.0,0.0,0.0,0.0
00-0034764,2021,13,0.0,0.0,0.0,0.0,0.0,0.0,0.0
00-0034764,2021,17,0.0,0.0,0.0,0.0,0.0,0.0,0.0
00-0034765,2021,8,0.0,0.0,0.0,0.0,0.0,0.0,0.0
00-0034765,2021,10,0.0,0.0,0.0,0.0,0.0,0.0,0.0
00-0034765,2021,18,0.0,0.0,0.0,0.0,0.0,0.0,0.0
00-0034766,2021,6,0.0,0.0,0.0,0.0,0.0,0.0,0.0
00-0034771,2021,10,0.0,0.0,0.0,0.0,0.0,0.0,0.0
00-0034775,2021,1,0.0,0.0,0.0,0.0,0.0,0.0,0.0
00-0034775,2021,6,0.0,0.0,0.0,0.0,0.0,0.0,0.0
00-0034775,2021,7,0.0,0.0,0.0,0.0,0.0,0.0,0.0
00-0034775,2021,15,0.0,0.0,0.0,0.0,0.0,0.0,0.0
00-0034777,2021,1,0.0,0.0,1.0,0.0,0.0,0.0,0.0
00-0034777,2021,3,0.0,0.0,0.0,0.0,0.0,0.0,0.0
00-0034791,2021,1,0.0,0.0,0.0,0.0,0.0,0.0,0.0
00-0034791,2021,2,0.0,0.0,0.0,0.0,0.0,0.0,0.0
00-0034791,2021,5,0.0,0.0,0.0,0.0,1.0,1.0,0.0
00-0034791,2021,9,0.0,0.0,0.0,0.0,1.0,1.0,0.0
00-0034791,2021,11,0.0,0.0,0.0,0.0,0.0,0.0,0.0
00-0034791,2021,15,0.0,0.0,0.0,0.0,0.0,0.0,0.0
00-0034791,2021,16,0.0,0.0,0.0,0.0,0.0,0.0,0.0
00-0034796,2021,1,0.0,0.0,0.0,0.0,0.0,0.0,0.0
00-0034796,2021,2,1.0,0.0,0.0,0.0,0.0,0.0,1.0
00-0034796,2021,3,0.0,0.0,0.0,0.0,0.0,0.0,0.0
00-0034796,2021,4,1.0,0.0,0.0,0.0,0.0,0.0,0.0
00-0034796,2021,5,1.0,0.0,0.0,0.0,0.0,0.0,0.0
00-0034796,2021,6,0.0,0.0,0.0,0.0,0.0,0.0,0.0
00-0034796,2021,7,0.0,0.0,0.0,0.0,0.0,0.0,0.0
00-0034796,2021,9,0.0,0.0,0.0,0.0,0.0,0.0,0.0
00-0034796,2021,10,0.0,0.0,0.0,0.0,0.0,0.0,0.0
00-0034796,2021,12,0.0,0.0,0.0,0.0,0.0,0.0,0.0
00-0034796,2021,13,0.0,0.0,0.0,0.0,0.0,0.0,0.0
00-0034816,2021,4,0.0,0.0,0.0,0.0,0.0,0.0,0.0
00-0034816,2021,11,0.0,0.0,0.0,0.0,0.0,0.0,0.0
00-0034816,2021,12,0.0,0.0,0.0,0.0,0.0,0.0,0.0
00-0034816,2021,16,0.0,0.0,0.0,0.0,0.0,0.0,0.0
00-0034827,2021,2,0.0,0.0,0.0,0.0,0.0,0.0,0.0
00-0034827,2021,4,0.0,0.0,0.0,0.0,0.0,0.0,0.0
00-0034827,2021,11,0.0,0.0,0.0,0.0,0.0,0.0,0.0
00-0034829,2021,4,0.0,0.0,0.0,0.0,0.0,0.0,0.0
00-0034829,2021,7,0.0,0.0,0.0,0.0,0.0,0.0,0.0
00-0034830,2021,5,0.0,0.0,0.0,0.0,0.0,0.0,0.0
00-0034830,2021,14,0.0,0.0,0.0,0.0,0.0,0.0,0.0
00-0034830,2021,16,0.0,0.0,0.0,0.0,0.0,0.0,0.0
00-0034837,2021,2,0.0,0.0,0.0,0.0,0.0,0.0,0.0
00-0034837,2021,7,0.0,0.0,0.0,0.0,0.0,0.0,0.0
00-0034844,2021,3,0.0,0.0,0.0,0.0,0.0,0.0,0.0
00-0034844,2021,4,0.0,0.0,1.0,1.0,0.0,0.0,0.0
00-0034844,2021,14,0.0,0.0,0.0,0.0,0.0,0.0,0.0
00-0034845,2021,5,0.0,0.0,0.0,0.0,0.0,0.0,0.0
00-0034845,2021,9,0.0,0.0,0.0,0.0,0.0,0.0,0.0
00-0034845,2021,13,0.0,0.0,0.0,0.0,0.0,0.0,0.0
00-0034845,2021,16,0.0,0.0,0.0,0.0,0.0,0.0,0.0
00-0034845,2021,17,0.0,0.0,0.0,0.0,0.0,0.0,0.0
00-0034855,2021,2,0.0,0.0,0.0,0.0,0.0,0.0,0.0
00-0034855,2021,3,0.0,0.0,0.0,0.0,0.0,0.0,0.0
00-0034855,2021,5,1.0,1.0,0.0,0.0,0.0,0.0,0.0
00-0034855,2021,6,1.0,1.0,0.0,0.0,0.0,0.0,0.0
00-0034855,2021,9,1.0,1.0,0.0,0.0,0.0,0.0,0.0
00-0034855,2021,10,0.0,0.0,0.0,0.0,0.0,0.0,0.0
00-0034855,2021,11,0.0,0.0,0.0,0.0,0.0,0.0,0.0
00-0034855,2021,12,0.0,0.0,0.0,0.0,0.0,0.0,0.0
00-0034855,2021,14,0.0,0.0,0.0,0.0,0.0,0.0,0.0
00-0034855,2021,16,0.0,0.0,0.0,0.0,0.0,0.0,0.0
00-0034855,2021,17,0.0,0.0,0.0,0.0,0.0,0.0,0.0
00-0034857,2021,1,0.0,0.0,0.0,0.0,0.0,0.0,0.0
00-0034857,2021,2,0.0,0.0,0.0,0.0,0.0,0.0,0.0
00-0034857,2021,3,0.0,0.0,0.0,0.0,0.0,0.0,0.0
00-0034857,2021,4,0.0,0.0,0.0,0.0,0.0,0.0,0.0
00-0034857,2021,5,1.0,1.0,0.0,0.0,0.0,0.0,0.0
00-0034857,2021,6,0.0,0.0,0.0,0.0,0.0,0.0,0.0
00-0034857,2021,8,0.0,0.0,0.0,0.0,0.0,0.0,0.0
00-0034857,2021,10,0.0,0.0,0.0,0.0,0.0,0.0,0.0
00-0034857,2021,11,0.0,0.0,0.0,0.0,0.0,0.0,0.0
00-0034857,2021,12,0.0,0.0,0.0,0.0,0.0,0.0,0.0
00-0034857,2021,13,0.0,0.0,0.0,0.0,0.0,0.0,0.0
00-0034857,2021,14,0.0,0.0,0.0,0.0,0.0,0.0,0.0
00-0034857,2021,15,0.0,0.0,0.0,0.0,0.0,0.0,0.0
00-0034857,2021,16,0.0,0.0,0.0,0.0,0.0,0.0,0.0
00-0034857,2021,17,0.0,0.0,0.0,0.0,0.0,0.0,0.0
00-0034857,2021,18,0.0,0.0,0.0,0.0,0.0,0.0,0.0
00-0034860,2021,7,0.0,0.0,0.0,0.0,0.0,0.0,0.0
00-0034867,2021,9,0.0,0.0,0.0,0.0,0.0,0.0,0.0
00-0034867,2021,16,0.0,0.0,0.0,0.0,0.0,0.0,0.0
00-0034869,2021,1,1.0,1.0,0.0,0.0,0.0,0.0,0.0
00-0034869,2021,2,0.0,0.0,0.0,0.0,0.0,0.0,0.0
00-0034869,2021,3,0.0,0.0,0.0,0.0,0.0,0.0,0.0
00-0034869,2021,4,0.0,0.0,0.0,0.0,0.0,0.0,0.0
00-0034869,2021,5,0.0,0.0,0.0,0.0,0.0,0.0,0.0
00-0034869,2021,6,0.0,0.0,0.0,0.0,0.0,0.0,0.0
00-0034869,2021,9,0.0,0.0,0.0,0.0,0.0,0.0,1.0
00-0034869,2021,18,0.0,0.0,0.0,0.0,0.0,0.0,0.0
00-0034960,2021,10,0.0,0.0,0.0,0.0,0.0,0.0,0.0
00-0034960,2021,17,0.0,0.0,0.0,0.0,0.0,0.0,0.0
00-0034972,2021,5,0.0,0.0,0.0,0.0,0.0,0.0,0.0
00-0034972,2021,12,0.0,0.0,0.0,0.0,0.0,0.0,0.0
00-0034972,2021,13,0.0,0.0,0.0,0.0,0.0,0.0,0.0
00-0034972,2021,16,0.0,0.0,0.0,0.0,0.0,0.0,0.0
00-0034981,2021,2,0.0,0.0,0.0,0.0,0.0,0.0,0.0
00-0034981,2021,7,0.0,0.0,0.0,0.0,0.0,0.0,0.0
00-0034981,2021,11,0.0,0.0,0.0,0.0,0.0,0.0,0.0
00-0034983,2021,3,0.0,0.0,0.0,0.0,0.0,0.0,0.0
00-0034983,2021,4,0.0,0.0,0.0,0.0,0.0,0.0,0.0
00-0034983,2021,9,0.0,0.0,0.0,0.0,0.0,0.0,0.0
00-0034983,2021,10,0.0,0.0,0.0,0.0,0.0,0.0,0.0
00-0034983,2021,14,0.0,0.0,0.0,0.0,0.0,0.0,0.0
00-0034983,2021,16,0.0,0.0,0.0,0.0,0.0,0.0,0.0
00-0034983,2021,17,0.0,0.0,0.0,0.0,0.0,0.0,0.0
00-0034983,2021,18,0.0,0.0,0.0,0.0,0.0,0.0,0.0
00-0035021,2021,12,0.0,0.0,1.0,1.0,0.0,0.0,0.0
00-0035021,2021,13,0.0,0.0,0.0,0.0,0.0,0.0,0.0
00-0035125,2021,3,0.0,0.0,0.0,0.0,0.0,0.0,0.0
00-0035126,2021,16,0.0,0.0,0.0,0.0,0.0,0.0,0.0
00-0035126,2021,17,0.0,0.0,0.0,0.0,0.0,0.0,0.0
00-0035140,2021,3,0.0,0.0,0.0,0.0,0.0,0.0,0.0
00-0035140,2021,16,0.0,0.0,0.0,0.0,0.0,0.0,0.0
00-0035187,2021,12,0.0,0.0,0.0,0.0,0.0,0.0,0.0
00-0035208,2021,3,0.0,0.0,0.0,0.0,0.0,0.0,0.0
00-0035208,2021,9,0.0,0.0,0.0,0.0,0.0,0.0,0.0
00-0035215,2021,1,0.0,0.0,1.0,1.0,0.0,0.0,0.0
00-0035215,2021,5,0.0,0.0,1.0,1.0,0.0,0.0,0.0
00-0035215,2021,13,0.0,0.0,1.0,1.0,0.0,0.0,0.0
00-0035216,2021,1,0.0,0.0,0.0,0.0,0.0,0.0,0.0
00-0035216,2021,4,0.0,0.0,1.0,0.0,0.0,0.0,0.0
00-0035216,2021,5,0.0,0.0,1.0,1.0,0.0,0.0,0.0
00-0035216,2021,11,0.0,0.0,0.0,0.0,0.0,0.0,0.0
00-0035216,2021,13,0.0,0.0,0.0,0.0,0.0,0.0,0.0
00-0035216,2021,16,0.0,0.0,0.0,0.0,0.0,0.0,0.0
00-0035216,2021,17,0.0,0.0,0.0,0.0,0.0,0.0,0.0
00-0035228,2021,1,0.0,0.0,0.0,0.0,0.0,0.0,0.0
00-0035228,2021,2,1.0,1.0,0.0,0.0,0.0,0.0,1.0
00-0035228,2021,3,0.0,0.0,0.0,0.0,0.0,0.0,0.0
00-0035228,2021,4,1.0,0.0,0.0,0.0,0.0,0.0,0.0
00-0035228,2021,5,0.0,0.0,0.0,0.0,0.0,0.0,0.0
00-0035228,2021,6,0.0,0.0,0.0,0.0,0.0,0.0,0.0
00-0035228,2021,7,1.0,0.0,0.0,0.0,0.0,0.0,0.0
00-0035228,2021,13,0.0,0.0,0.0,0.0,0.0,0.0,0.0
00-0035228,2021,15,0.0,0.0,0.0,0.0,0.0,0.0,0.0
00-0035228,2021,16,0.0,0.0,0.0,0.0,0.0,0.0,0.0
00-0035228,2021,17,0.0,0.0,0.0,0.0,0.0,0.0,0.0
00-0035228,2021,18,0.0,0.0,0.0,0.0,0.0,0.0,0.0
00-0035229,2021,1,0.0,0.0,0.0,0.0,0.0,0.0,0.0
00-0035229,2021,2,0.0,0.0,0.0,0.0,0.0,0.0,0.0
00-0035229,2021,12,0.0,0.0,0.0,0.0,0.0,0.0,0.0
00-0035229,2021,13,0.0,0.0,0.0,0.0,0.0,0.0,0.0
00-0035231,2021,15,0.0,0.0,0.0,0.0,0.0,0.0,0.0
00-0035250,2021,2,0.0,0.0,0.0,0.0,1.0,0.0,0.0
00-0035250,2021,10,0.0,0.0,0.0,0.0,0.0,0.0,0.0
00-0035250,2021,15,0.0,0.0,0.0,0.0,0.0,0.0,0.0
00-0035250,2021,16,0.0,0.0,0.0,0.0,0.0,0.0,0.0
00-0035250,2021,17,0.0,0.0,0.0,0.0,0.0,0.0,0.0
00-0035250,2021,18,0.0,0.0,0.0,0.0,0.0,0.0,0.0
00-0035261,2021,2,0.0,0.0,0.0,0.0,0.0,0.0,0.0
00-0035261,2021,13,0.0,0.0,0.0,0.0,1.0,1.0,0.0
00-0035273,2021,18,0.0,0.0,0.0,0.0,0.0,0.0,0.0
00-0035289,2021,13,0.0,0.0,0.0,0.0,0.0,0.0,0.0
00-0035289,2021,18,0.0,0.0,0.0,0.0,0.0,0.0,0.0
00-0035298,2021,18,0.0,0.0,0.0,0.0,0.0,0.0,0.0
00-0035308,2021,6,0.0,0.0,0.0,0.0,0.0,0.0,0.0
00-0035311,2021,5,0.0,0.0,0.0,0.0,0.0,0.0,0.0
00-0035311,2021,7,0.0,0.0,0.0,0.0,0.0,0.0,0.0
00-0035311,2021,9,0.0,0.0,0.0,0.0,0.0,0.0,0.0
00-0035311,2021,11,0.0,0.0,0.0,0.0,0.0,0.0,0.0
00-0035311,2021,12,0.0,0.0,0.0,0.0,0.0,0.0,0.0
00-0035329,2021,4,0.0,0.0,0.0,0.0,0.0,0.0,0.0
00-0035329,2021,5,0.0,0.0,0.0,0.0,0.0,0.0,0.0
00-0035329,2021,9,0.0,0.0,0.0,0.0,0.0,0.0,0.0
00-0035345,2021,12,0.0,0.0,0.0,0.0,0.0,0.0,0.0
00-0035356,2021,18,0.0,0.0,0.0,0.0,0.0,0.0,0.0
00-0035406,2021,11,0.0,0.0,0.0,0.0,0.0,0.0,0.0
00-0035406,2021,13,0.0,0.0,0.0,0.0,0.0,0.0,0.0
00-0035414,2021,13,0.0,0.0,1.0,0.0,0.0,0.0,0.0
00-0035414,2021,14,0.0,0.0,1.0,1.0,0.0,0.0,0.0
00-0035414,2021,15,0.0,0.0,0.0,0.0,0.0,0.0,0.0
00-0035535,2021,2,0.0,0.0,0.0,0.0,0.0,0.0,0.0
00-0035535,2021,18,0.0,0.0,0.0,0.0,0.0,0.0,0.0
00-0035537,2021,5,0.0,0.0,0.0,0.0,0.0,0.0,0.0
00-0035537,2021,8,0.0,0.0,0.0,0.0,0.0,0.0,0.0
00-0035537,2021,9,0.0,0.0,0.0,0.0,0.0,0.0,0.0
00-0035537,2021,17,0.0,0.0,0.0,0.0,0.0,0.0,0.0
00-0035544,2021,18,1.0,1.0,0.0,0.0,0.0,0.0,0.0
00-0035547,2021,3,0.0,0.0,0.0,0.0,0.0,0.0,0.0
00-0035547,2021,4,0.0,0.0,0.0,0.0,0.0,0.0,0.0
00-0035562,2021,5,0.0,0.0,0.0,0.0,0.0,0.0,0.0
00-0035562,2021,15,0.0,0.0,0.0,0.0,0.0,0.0,0.0
00-0035594,2021,13,0.0,0.0,0.0,0.0,1.0,1.0,0.0
00-0035628,2021,7,0.0,0.0,0.0,0.0,0.0,0.0,0.0
00-0035628,2021,8,0.0,0.0,0.0,0.0,0.0,0.0,0.0
00-0035628,2021,18,0.0,0.0,0.0,0.0,0.0,0.0,0.0
00-0035639,2021,6,0.0,0.0,1.0,1.0,0.0,0.0,0.0
00-0035640,2021,1,0.0,0.0,0.0,0.0,0.0,0.0,0.0
00-0035640,2021,3,0.0,0.0,0.0,0.0,0.0,0.0,0.0
00-0035640,2021,4,0.0,0.0,0.0,0.0,0.0,0.0,0.0
00-0035640,2021,5,0.0,0.0,0.0,0.0,0.0,0.0,0.0
00-0035640,2021,7,0.0,0.0,1.0,1.0,0.0,0.0,0.0
00-0035640,2021,8,0.0,0.0,0.0,0.0,0.0,0.0,0.0
00-0035640,2021,16,0.0,0.0,1.0,0.0,0.0,0.0,0.0
00-0035640,2021,17,0.0,0.0,0.0,0.0,0.0,0.0,0.0
00-0035644,2021,2,0.0,0.0,0.0,0.0,0.0,0.0,0.0
00-0035644,2021,4,0.0,0.0,0.0,0.0,0.0,0.0,0.0
00-0035644,2021,6,0.0,0.0,0.0,0.0,0.0,0.0,0.0
00-0035644,2021,17,0.0,0.0,0.0,0.0,0.0,0.0,0.0
00-0035657,2021,2,0.0,0.0,0.0,0.0,0.0,0.0,0.0
00-0035657,2021,5,0.0,0.0,0.0,0.0,0.0,0.0,0.0
00-0035657,2021,6,0.0,0.0,0.0,0.0,0.0,0.0,0.0
00-0035657,2021,7,0.0,0.0,0.0,0.0,0.0,0.0,0.0
00-0035657,2021,8,0.0,0.0,0.0,0.0,0.0,0.0,0.0
00-0035657,2021,9,0.0,0.0,0.0,0.0,0.0,0.0,0.0
00-0035657,2021,12,0.0,0.0,0.0,0.0,0.0,0.0,0.0
00-0035657,2021,13,0.0,0.0,0.0,0.0,1.0,1.0,0.0
00-0035657,2021,16,0.0,0.0,0.0,0.0,0.0,0.0,0.0
00-0035657,2021,17,0.0,0.0,0.0,0.0,0.0,0.0,0.0
00-0035657,2021,18,0.0,0.0,0.0,0.0,0.0,0.0,0.0
00-0035659,2021,2,0.0,0.0,0.0,0.0,0.0,0.0,0.0
00-0035659,2021,4,0.0,0.0,0.0,0.0,0.0,0.0,0.0
00-0035659,2021,7,0.0,0.0,1.0,0.0,0.0,0.0,0.0
00-0035659,2021,11,0.0,0.0,0.0,0.0,0.0,0.0,0.0
00-0035662,2021,1,0.0,0.0,0.0,0.0,0.0,0.0,0.0
00-0035662,2021,2,0.0,0.0,1.0,0.0,0.0,0.0,0.0
00-0035662,2021,4,0.0,0.0,1.0,0.0,0.0,0.0,0.0
00-0035662,2021,5,0.0,0.0,1.0,0.0,0.0,0.0,0.0
00-0035662,2021,7,0.0,0.0,0.0,0.0,0.0,0.0,0.0
00-0035664,2021,1,0.0,0.0,0.0,0.0,0.0,0.0,0.0
00-0035664,2021,2,0.0,0.0,0.0,0.0,0.0,0.0,0.0
00-0035664,2021,5,0.0,0.0,0.0,0.0,0.0,0.0,0.0
00-0035664,2021,6,0.0,0.0,0.0,0.0,0.0,0.0,0.0
00-0035664,2021,8,0.0,0.0,0.0,0.0,0.0,0.0,0.0
00-0035664,2021,12,0.0,0.0,0.0,0.0,0.0,0.0,0.0
00-0035676,2021,1,0.0,0.0,0.0,0.0,0.0,0.0,0.0
00-0035676,2021,7,0.0,0.0,0.0,0.0,0.0,0.0,0.0
00-0035676,2021,8,0.0,0.0,1.0,1.0,0.0,0.0,0.0
00-0035676,2021,16,0.0,0.0,0.0,0.0,0.0,0.0,0.0
00-0035676,2021,18,0.0,0.0,0.0,0.0,0.0,0.0,0.0
00-0035685,2021,1,0.0,0.0,0.0,0.0,0.0,0.0,0.0
00-0035685,2021,4,0.0,0.0,0.0,0.0,0.0,0.0,0.0
00-0035685,2021,13,0.0,0.0,0.0,0.0,0.0,0.0,0.0
00-0035685,2021,16,0.0,0.0,0.0,0.0,0.0,0.0,0.0
00-0035685,2021,17,0.0,0.0,0.0,0.0,0.0,0.0,0.0
00-0035689,2021,2,0.0,0.0,0.0,0.0,0.0,0.0,0.0
00-0035689,2021,3,0.0,0.0,0.0,0.0,0.0,0.0,0.0
00-0035689,2021,4,0.0,0.0,0.0,0.0,0.0,0.0,0.0
00-0035689,2021,5,0.0,0.0,1.0,1.0,0.0,0.0,0.0
00-0035689,2021,12,0.0,0.0,0.0,0.0,0.0,0.0,0.0
00-0035689,2021,14,0.0,0.0,0.0,0.0,0.0,0.0,0.0
00-0035689,2021,16,0.0,0.0,0.0,0.0,0.0,0.0,0.0
00-0035700,2021,1,0.0,0.0,0.0,0.0,0.0,0.0,0.0
00-0035700,2021,5,0.0,0.0,0.0,0.0,0.0,0.0,0.0
00-0035700,2021,6,0.0,0.0,0.0,0.0,0.0,0.0,0.0
00-0035700,2021,7,0.0,0.0,0.0,0.0,0.0,0.0,0.0
00-0035700,2021,12,0.0,0.0,0.0,0.0,0.0,0.0,0.0
00-0035700,2021,13,0.0,0.0,0.0,0.0,0.0,0.0,0.0
00-0035700,2021,17,0.0,0.0,0.0,0.0,0.0,0.0,0.0
00-0035700,2021,18,0.0,0.0,0.0,0.0,0.0,0.0,0.0
00-0035704,2021,15,0.0,0.0,0.0,0.0,0.0,0.0,0.0
00-0035704,2021,17,0.0,0.0,0.0,0.0,0.0,0.0,0.0
00-0035704,2021,18,0.0,0.0,0.0,0.0,0.0,0.0,0.0
00-0035710,2021,1,0.0,0.0,0.0,0.0,0.0,0.0,0.0
00-0035710,2021,2,0.0,0.0,0.0,0.0,0.0,0.0,0.0
00-0035710,2021,4,2.0,2.0,0.0,0.0,0.0,0.0,0.0
00-0035710,2021,7,0.0,0.0,0.0,0.0,0.0,0.0,0.0
00-0035710,2021,8,0.0,0.0,0.0,0.0,0.0,0.0,0.0
00-0035710,2021,9,0.0,0.0,0.0,0.0,0.0,0.0,0.0
00-0035710,2021,11,0.0,0.0,0.0,0.0,0.0,0.0,0.0
00-0035710,2021,12,0.0,0.0,0.0,0.0,0.0,0.0,0.0
00-0035715,2021,8,0.0,0.0,0.0,0.0,0.0,0.0,0.0
00-0035715,2021,14,0.0,0.0,0.0,0.0,1.0,1.0,0.0
00-0035719,2021,1,0.0,0.0,1.0,1.0,0.0,0.0,0.0
00-0035719,2021,4,0.0,0.0,1.0,1.0,0.0,0.0,0.0
00-0035719,2021,5,0.0,0.0,0.0,0.0,0.0,0.0,0.0
00-0035719,2021,7,0.0,0.0,0.0,0.0,0.0,0.0,0.0
00-0035719,2021,10,0.0,0.0,1.0,0.0,0.0,0.0,0.0
00-0035719,2021,11,0.0,0.0,0.0,0.0,0.0,0.0,0.0
00-0035719,2021,12,0.0,0.0,0.0,0.0,0.0,0.0,0.0
00-0035719,2021,14,0.0,0.0,0.0,0.0,0.0,0.0,0.0
00-0035719,2021,15,0.0,0.0,0.0,0.0,0.0,0.0,0.0
00-0035719,2021,17,0.0,0.0,1.0,0.0,0.0,0.0,0.0
00-0035719,2021,18,0.0,0.0,0.0,0.0,0.0,0.0,0.0
00-0035806,2021,1,0.0,0.0,0.0,0.0,0.0,0.0,0.0
00-0035831,2021,3,0.0,0.0,0.0,0.0,0.0,0.0,0.0
00-0035831,2021,4,0.0,0.0,0.0,0.0,0.0,0.0,0.0
00-0035831,2021,5,0.0,0.0,0.0,0.0,0.0,0.0,0.0
00-0035831,2021,6,0.0,0.0,0.0,0.0,0.0,0.0,0.0
00-0035831,2021,10,0.0,0.0,0.0,0.0,0.0,0.0,0.0
00-0035831,2021,11,0.0,0.0,0.0,0.0,0.0,0.0,0.0
00-0035831,2021,15,0.0,0.0,0.0,0.0,0.0,0.0,0.0
00-0035864,2021,5,0.0,0.0,0.0,0.0,0.0,0.0,0.0
00-0035973,2021,18,0.0,0.0,0.0,0.0,0.0,0.0,0.0
00-0035993,2021,14,0.0,0.0,0.0,0.0,0.0,0.0,0.0
00-0035993,2021,15,0.0,0.0,0.0,0.0,0.0,0.0,0.0
00-0036032,2021,12,0.0,0.0,0.0,0.0,0.0,0.0,0.0
00-0036036,2021,16,0.0,0.0,0.0,0.0,0.0,0.0,0.0
00-0036040,2021,1,0.0,0.0,0.0,0.0,0.0,0.0,0.0
00-0036040,2021,4,0.0,0.0,0.0,0.0,0.0,0.0,0.0
00-0036040,2021,18,0.0,0.0,0.0,0.0,0.0,0.0,0.0
00-0036096,2021,7,0.0,0.0,0.0,0.0,0.0,0.0,0.0
00-0036182,2021,3,0.0,0.0,0.0,0.0,0.0,0.0,0.0
00-0036182,2021,8,0.0,0.0,0.0,0.0,0.0,0.0,0.0
00-0036182,2021,12,0.0,0.0,0.0,0.0,0.0,0.0,0.0
00-0036182,2021,18,0.0,0.0,0.0,0.0,0.0,0.0,0.0
00-0036183,2021,17,0.0,0.0,0.0,0.0,0.0,0.0,0.0
00-0036196,2021,1,0.0,0.0,0.0,0.0,0.0,0.0,0.0
00-0036196,2021,8,0.0,0.0,0.0,0.0,0.0,0.0,0.0
00-0036196,2021,13,0.0,0.0,0.0,0.0,0.0,0.0,0.0
00-0036196,2021,14,0.0,0.0,0.0,0.0,0.0,0.0,0.0
00-0036196,2021,15,0.0,0.0,0.0,0.0,0.0,0.0,0.0
00-0036197,2021,18,0.0,0.0,0.0,0.0,0.0,0.0,1.0
00-0036212,2021,1,0.0,0.0,0.0,0.0,0.0,0.0,0.0
00-0036212,2021,6,0.0,0.0,0.0,0.0,0.0,0.0,0.0
00-0036212,2021,7,0.0,0.0,0.0,0.0,0.0,0.0,0.0
00-0036212,2021,8,0.0,0.0,0.0,0.0,0.0,0.0,0.0
00-0036212,2021,10,0.0,0.0,0.0,0.0,0.0,0.0,0.0
00-0036212,2021,11,1.0,1.0,0.0,0.0,0.0,0.0,0.0
00-0036212,2021,12,0.0,0.0,0.0,0.0,0.0,0.0,0.0
00-0036212,2021,13,0.0,0.0,0.0,0.0,0.0,0.0,0.0
00-0036212,2021,15,0.0,0.0,0.0,0.0,0.0,0.0,1.0
00-0036212,2021,16,0.0,0.0,0.0,0.0,0.0,0.0,0.0
00-0036212,2021,18,0.0,0.0,0.0,0.0,0.0,0.0,0.0
00-0036215,2021,9,0.0,0.0,0.0,0.0,0.0,0.0,0.0
00-0036219,2021,3,0.0,0.0,0.0,0.0,0.0,0.0,0.0
00-0036219,2021,5,0.0,0.0,1.0,0.0,0.0,0.0,0.0
00-0036219,2021,9,0.0,0.0,0.0,0.0,0.0,0.0,0.0
00-0036219,2021,10,0.0,0.0,0.0,0.0,0.0,0.0,0.0
00-0036219,2021,11,0.0,0.0,0.0,0.0,0.0,0.0,0.0
00-0036223,2021,4,0.0,0.0,0.0,0.0,0.0,0.0,0.0
00-0036223,2021,5,0.0,0.0,1.0,1.0,0.0,0.0,0.0
00-0036223,2021,6,0.0,0.0,0.0,0.0,0.0,0.0,0.0
00-0036223,2021,7,0.0,0.0,0.0,0.0,0.0,0.0,0.0
00-0036223,2021,8,0.0,0.0,0.0,0.0,0.0,0.0,0.0
00-0036223,2021,9,0.0,0.0,0.0,0.0,1.0,1.0,0.0
00-0036223,2021,10,0.0,0.0,0.0,0.0,0.0,0.0,0.0
00-0036223,2021,11,0.0,0.0,0.0,0.0,0.0,0.0,0.0
00-0036223,2021,12,0.0,0.0,0.0,0.0,0.0,0.0,0.0
00-0036223,2021,13,0.0,0.0,0.0,0.0,0.0,0.0,0.0
00-0036223,2021,15,0.0,0.0,0.0,0.0,1.0,1.0,0.0
00-0036223,2021,17,0.0,0.0,0.0,0.0,0.0,0.0,0.0
00-0036228,2021,16,0.0,0.0,0.0,0.0,0.0,0.0,0.0
00-0036232,2021,15,0.0,0.0,0.0,0.0,0.0,0.0,0.0
00-0036232,2021,16,0.0,0.0,0.0,0.0,0.0,0.0,0.0
00-0036232,2021,17,0.0,0.0,0.0,0.0,0.0,0.0,0.0
00-0036233,2021,6,0.0,0.0,1.0,1.0,0.0,0.0,0.0
00-0036233,2021,9,0.0,0.0,1.0,1.0,0.0,0.0,0.0
00-0036247,2021,2,0.0,0.0,1.0,1.0,0.0,0.0,0.0
00-0036247,2021,4,0.0,0.0,0.0,0.0,0.0,0.0,0.0
00-0036247,2021,12,0.0,0.0,0.0,0.0,0.0,0.0,0.0
00-0036247,2021,18,0.0,0.0,0.0,0.0,0.0,0.0,0.0
00-0036251,2021,2,0.0,0.0,0.0,0.0,0.0,0.0,0.0
00-0036251,2021,3,0.0,0.0,0.0,0.0,0.0,0.0,0.0
00-0036251,2021,4,0.0,0.0,0.0,0.0,0.0,0.0,0.0
00-0036251,2021,10,0.0,0.0,0.0,0.0,0.0,0.0,0.0
00-0036252,2021,5,0.0,0.0,1.0,0.0,0.0,0.0,0.0
00-0036252,2021,7,0.0,0.0,0.0,0.0,0.0,0.0,0.0
00-0036252,2021,8,0.0,0.0,0.0,0.0,0.0,0.0,0.0
00-0036252,2021,9,0.0,0.0,0.0,0.0,0.0,0.0,0.0
00-0036252,2021,18,0.0,0.0,0.0,0.0,0.0,0.0,0.0
00-0036259,2021,2,0.0,0.0,0.0,0.0,0.0,0.0,0.0
00-0036259,2021,12,0.0,0.0,0.0,0.0,0.0,0.0,0.0
00-0036259,2021,15,0.0,0.0,0.0,0.0,0.0,0.0,0.0
00-0036259,2021,18,0.0,0.0,0.0,0.0,0.0,0.0,0.0
00-0036261,2021,3,0.0,0.0,0.0,0.0,0.0,0.0,0.0
00-0036261,2021,9,0.0,0.0,0.0,0.0,0.0,0.0,0.0
00-0036261,2021,11,0.0,0.0,0.0,0.0,0.0,0.0,0.0
00-0036261,2021,14,0.0,0.0,0.0,0.0,0.0,0.0,0.0
00-0036261,2021,16,0.0,0.0,0.0,0.0,0.0,0.0,0.0
00-0036264,2021,9,0.0,0.0,0.0,0.0,0.0,0.0,0.0
00-0036264,2021,18,1.0,1.0,0.0,0.0,0.0,0.0,0.0
00-0036265,2021,5,0.0,0.0,0.0,0.0,0.0,0.0,0.0
00-0036265,2021,10,0.0,0.0,0.0,0.0,0.0,0.0,0.0
00-0036265,2021,12,0.0,0.0,0.0,0.0,0.0,0.0,0.0
00-0036265,2021,15,0.0,0.0,0.0,0.0,0.0,0.0,0.0
00-0036265,2021,17,0.0,0.0,0.0,0.0,0.0,0.0,0.0
00-0036271,2021,18,0.0,0.0,0.0,0.0,0.0,0.0,0.0
00-0036275,2021,1,0.0,0.0,1.0,0.0,0.0,0.0,0.0
00-0036275,2021,3,0.0,0.0,0.0,0.0,0.0,0.0,0.0
00-0036275,2021,5,0.0,0.0,0.0,0.0,0.0,0.0,0.0
00-0036275,2021,6,0.0,0.0,0.0,0.0,0.0,0.0,0.0
00-0036275,2021,7,0.0,0.0,1.0,1.0,0.0,0.0,0.0
00-0036275,2021,11,0.0,0.0,0.0,0.0,1.0,1.0,0.0
00-0036275,2021,18,0.0,0.0,0.0,0.0,0.0,0.0,0.0
00-0036277,2021,1,0.0,0.0,0.0,0.0,0.0,0.0,0.0
00-0036277,2021,2,0.0,0.0,0.0,0.0,0.0,0.0,0.0
00-0036309,2021,6,0.0,0.0,0.0,0.0,0.0,0.0,0.0
00-0036309,2021,9,0.0,0.0,0.0,0.0,0.0,0.0,0.0
00-0036309,2021,11,0.0,0.0,1.0,1.0,0.0,0.0,0.0
00-0036309,2021,17,0.0,0.0,0.0,0.0,0.0,0.0,0.0
00-0036322,2021,2,0.0,0.0,0.0,0.0,0.0,0.0,0.0
00-0036322,2021,3,0.0,0.0,0.0,0.0,0.0,0.0,0.0
00-0036322,2021,4,0.0,0.0,0.0,0.0,0.0,0.0,0.0
00-0036322,2021,9,0.0,0.0,1.0,1.0,0.0,0.0,0.0
00-0036322,2021,11,0.0,0.0,0.0,0.0,0.0,0.0,0.0
00-0036322,2021,13,0.0,0.0,0.0,0.0,0.0,0.0,0.0
00-0036322,2021,14,0.0,0.0,0.0,0.0,0.0,0.0,0.0
00-0036322,2021,15,0.0,0.0,0.0,0.0,0.0,0.0,0.0
00-0036322,2021,18,0.0,0.0,1.0,0.0,0.0,0.0,0.0
00-0036326,2021,5,0.0,0.0,0.0,0.0,0.0,0.0,0.0
00-0036326,2021,18,0.0,0.0,0.0,0.0,0.0,0.0,0.0
00-0036328,2021,3,0.0,0.0,1.0,1.0,0.0,0.0,0.0
00-0036328,2021,4,0.0,0.0,0.0,0.0,0.0,0.0,0.0
00-0036328,2021,5,0.0,0.0,0.0,0.0,0.0,0.0,0.0
00-0036328,2021,10,0.0,0.0,0.0,0.0,0.0,0.0,0.0
00-0036328,2021,13,0.0,0.0,0.0,0.0,0.0,0.0,0.0
00-0036328,2021,15,0.0,0.0,0.0,0.0,0.0,0.0,0.0
00-0036328,2021,16,0.0,0.0,0.0,0.0,0.0,0.0,0.0
00-0036328,2021,18,0.0,0.0,0.0,0.0,0.0,0.0,0.0
00-0036331,2021,3,0.0,0.0,0.0,0.0,0.0,0.0,0.0
00-0036331,2021,9,0.0,0.0,0.0,0.0,0.0,0.0,0.0
00-0036332,2021,11,0.0,0.0,0.0,0.0,0.0,0.0,0.0
00-0036332,2021,18,0.0,0.0,1.0,1.0,0.0,0.0,0.0
00-0036345,2021,2,0.0,0.0,1.0,1.0,0.0,0.0,0.0
00-0036345,2021,6,0.0,0.0,0.0,0.0,0.0,0.0,0.0
00-0036345,2021,13,0.0,0.0,0.0,0.0,0.0,0.0,0.0
00-0036345,2021,14,0.0,0.0,1.0,1.0,0.0,0.0,0.0
00-0036345,2021,16,0.0,0.0,0.0,0.0,0.0,0.0,0.0
00-0036345,2021,17,0.0,0.0,0.0,0.0,0.0,0.0,0.0
00-0036345,2021,18,0.0,0.0,0.0,0.0,0.0,0.0,0.0
00-0036355,2021,1,0.0,0.0,0.0,0.0,0.0,0.0,0.0
00-0036355,2021,2,0.0,0.0,0.0,0.0,0.0,0.0,0.0
00-0036355,2021,3,0.0,0.0,0.0,0.0,0.0,0.0,0.0
00-0036355,2021,4,0.0,0.0,0.0,0.0,0.0,0.0,0.0
00-0036355,2021,5,2.0,1.0,0.0,0.0,0.0,0.0,0.0
00-0036355,2021,6,0.0,0.0,0.0,0.0,0.0,0.0,0.0
00-0036355,2021,8,0.0,0.0,0.0,0.0,0.0,0.0,1.0
00-0036355,2021,9,0.0,0.0,0.0,0.0,0.0,0.0,0.0
00-0036355,2021,10,0.0,0.0,0.0,0.0,0.0,0.0,0.0
00-0036355,2021,11,1.0,1.0,0.0,0.0,0.0,0.0,0.0
00-0036355,2021,12,0.0,0.0,0.0,0.0,0.0,0.0,1.0
00-0036355,2021,13,1.0,0.0,0.0,0.0,0.0,0.0,0.0
00-0036355,2021,14,1.0,1.0,0.0,0.0,0.0,0.0,0.0
00-0036355,2021,15,0.0,0.0,0.0,0.0,0.0,0.0,0.0
00-0036355,2021,16,0.0,0.0,0.0,0.0,0.0,0.0,1.0
00-0036355,2021,17,1.0,0.0,0.0,0.0,0.0,0.0,0.0
00-0036355,2021,18,0.0,0.0,0.0,0.0,0.0,0.0,0.0
00-0036357,2021,2,0.0,0.0,1.0,1.0,0.0,0.0,0.0
00-0036357,2021,6,0.0,0.0,1.0,0.0,0.0,0.0,0.0
00-0036358,2021,1,0.0,0.0,0.0,0.0,0.0,0.0,0.0
00-0036358,2021,5,0.0,0.0,1.0,0.0,0.0,0.0,0.0
00-0036358,2021,6,0.0,0.0,0.0,0.0,0.0,0.0,0.0
00-0036358,2021,10,0.0,0.0,0.0,0.0,0.0,0.0,0.0
00-0036360,2021,3,0.0,0.0,0.0,0.0,0.0,0.0,0.0
00-0036360,2021,4,0.0,0.0,0.0,0.0,0.0,0.0,0.0
00-0036360,2021,11,0.0,0.0,0.0,0.0,0.0,0.0,0.0
00-0036360,2021,14,0.0,0.0,0.0,0.0,0.0,0.0,0.0
00-0036360,2021,16,0.0,0.0,0.0,0.0,0.0,0.0,0.0
00-0036365,2021,7,0.0,0.0,0.0,0.0,0.0,0.0,0.0
00-0036365,2021,10,0.0,0.0,0.0,0.0,0.0,0.0,0.0
00-0036365,2021,15,0.0,0.0,0.0,0.0,0.0,0.0,0.0
00-0036383,2021,9,0.0,0.0,0.0,0.0,0.0,0.0,0.0
00-0036386,2021,11,0.0,0.0,0.0,0.0,0.0,0.0,0.0
00-0036387,2021,1,0.0,0.0,0.0,0.0,0.0,0.0,0.0
00-0036387,2021,7,0.0,0.0,0.0,0.0,0.0,0.0,0.0
00-0036389,2021,1,0.0,0.0,0.0,0.0,0.0,0.0,0.0
00-0036389,2021,2,0.0,0.0,0.0,0.0,0.0,0.0,0.0
00-0036389,2021,3,0.0,0.0,0.0,0.0,0.0,0.0,1.0
00-0036389,2021,4,0.0,0.0,0.0,0.0,0.0,0.0,0.0
00-0036389,2021,5,0.0,0.0,0.0,0.0,0.0,0.0,0.0
00-0036389,2021,6,0.0,0.0,0.0,0.0,0.0,0.0,0.0
00-0036389,2021,7,0.0,0.0,0.0,0.0,0.0,0.0,0.0
00-0036389,2021,9,0.0,0.0,0.0,0.0,0.0,0.0,0.0
00-0036389,2021,10,0.0,0.0,0.0,0.0,0.0,0.0,0.0
00-0036389,2021,11,0.0,0.0,0.0,0.0,0.0,0.0,0.0
00-0036389,2021,15,0.0,0.0,0.0,0.0,0.0,0.0,0.0
00-0036389,2021,16,0.0,0.0,0.0,0.0,0.0,0.0,0.0
00-0036410,2021,1,0.0,0.0,0.0,0.0,0.0,0.0,0.0
00-0036410,2021,2,0.0,0.0,0.0,0.0,0.0,0.0,0.0
00-0036410,2021,12,0.0,0.0,0.0,0.0,0.0,0.0,0.0
00-0036410,2021,13,0.0,0.0,0.0,0.0,0.0,0.0,0.0
00-0036410,2021,16,0.0,0.0,0.0,0.0,0.0,0.0,0.0
00-0036415,2021,1,0.0,0.0,1.0,1.0,0.0,0.0,0.0
00-0036415,2021,4,0.0,0.0,0.0,0.0,0.0,0.0,0.0
00-0036415,2021,7,0.0,0.0,0.0,0.0,0.0,0.0,0.0
00-0036415,2021,12,0.0,0.0,1.0,1.0,0.0,0.0,0.0
00-0036415,2021,13,0.0,0.0,0.0,0.0,0.0,0.0,0.0
00-0036415,2021,14,0.0,0.0,1.0,1.0,0.0,0.0,0.0
00-0036422,2021,11,0.0,0.0,0.0,0.0,0.0,0.0,0.0
00-0036422,2021,18,0.0,0.0,0.0,0.0,0.0,0.0,0.0
00-0036423,2021,1,0.0,0.0,0.0,0.0,0.0,0.0,0.0
00-0036423,2021,14,0.0,0.0,0.0,0.0,0.0,0.0,0.0
00-0036425,2021,11,0.0,0.0,0.0,0.0,0.0,0.0,0.0
00-0036425,2021,15,0.0,0.0,0.0,0.0,0.0,0.0,0.0
00-0036442,2021,1,1.0,1.0,0.0,0.0,0.0,0.0,0.0
00-0036442,2021,2,1.0,0.0,0.0,0.0,0.0,0.0,1.0
00-0036442,2021,3,0.0,0.0,0.0,0.0,0.0,0.0,0.0
00-0036442,2021,4,0.0,0.0,0.0,0.0,0.0,0.0,0.0
00-0036442,2021,5,1.0,1.0,0.0,0.0,0.0,0.0,0.0
00-0036442,2021,6,1.0,0.0,0.0,0.0,0.0,0.0,0.0
00-0036442,2021,7,2.0,2.0,0.0,0.0,0.0,0.0,0.0
00-0036442,2021,8,0.0,0.0,0.0,0.0,0.0,0.0,0.0
00-0036442,2021,9,0.0,0.0,0.0,0.0,0.0,0.0,1.0
00-0036442,2021,11,0.0,0.0,0.0,0.0,0.0,0.0,0.0
00-0036442,2021,12,0.0,0.0,0.0,0.0,0.0,0.0,0.0
00-0036442,2021,13,0.0,0.0,0.0,0.0,0.0,0.0,0.0
00-0036442,2021,14,0.0,0.0,0.0,0.0,0.0,0.0,0.0
00-0036442,2021,15,1.0,1.0,0.0,0.0,0.0,0.0,0.0
00-0036442,2021,16,1.0,1.0,0.0,0.0,0.0,0.0,0.0
00-0036442,2021,17,2.0,2.0,0.0,0.0,0.0,0.0,0.0
00-0036450,2021,16,0.0,0.0,0.0,0.0,1.0,1.0,0.0
00-0036450,2021,18,0.0,0.0,0.0,0.0,0.0,0.0,0.0
00-0036457,2021,1,0.0,0.0,0.0,0.0,0.0,0.0,0.0
00-0036493,2021,13,0.0,0.0,0.0,0.0,0.0,0.0,0.0
00-0036550,2021,16,0.0,0.0,0.0,0.0,0.0,0.0,0.0
00-0036554,2021,16,0.0,0.0,0.0,0.0,0.0,0.0,0.0
00-0036555,2021,6,0.0,0.0,0.0,0.0,0.0,0.0,0.0
00-0036555,2021,8,0.0,0.0,0.0,0.0,0.0,0.0,0.0
00-0036555,2021,10,0.0,0.0,0.0,0.0,0.0,0.0,0.0
00-0036555,2021,14,0.0,0.0,0.0,0.0,0.0,0.0,0.0
00-0036555,2021,17,0.0,0.0,0.0,0.0,0.0,0.0,0.0
00-0036555,2021,18,0.0,0.0,0.0,0.0,0.0,0.0,0.0
00-0036556,2021,8,0.0,0.0,0.0,0.0,0.0,0.0,0.0
00-0036556,2021,12,0.0,0.0,0.0,0.0,0.0,0.0,0.0
00-0036556,2021,14,0.0,0.0,0.0,0.0,0.0,0.0,0.0
00-0036567,2021,1,0.0,0.0,0.0,0.0,0.0,0.0,0.0
00-0036567,2021,7,0.0,0.0,0.0,0.0,0.0,0.0,0.0
00-0036567,2021,8,0.0,0.0,0.0,0.0,0.0,0.0,0.0
00-0036567,2021,12,0.0,0.0,0.0,0.0,0.0,0.0,0.0
00-0036567,2021,13,0.0,0.0,0.0,0.0,0.0,0.0,0.0
00-0036567,2021,17,0.0,0.0,0.0,0.0,0.0,0.0,0.0
00-0036613,2021,1,0.0,0.0,0.0,0.0,0.0,0.0,0.0
00-0036613,2021,6,0.0,0.0,0.0,0.0,0.0,0.0,0.0
00-0036613,2021,11,0.0,0.0,0.0,0.0,0.0,0.0,0.0
00-0036613,2021,12,0.0,0.0,0.0,0.0,0.0,0.0,0.0
00-0036613,2021,16,0.0,0.0,0.0,0.0,0.0,0.0,0.0
00-0036613,2021,18,0.0,0.0,0.0,0.0,0.0,0.0,0.0
00-0036620,2021,13,0.0,0.0,0.0,0.0,0.0,0.0,0.0
00-0036627,2021,11,0.0,0.0,0.0,0.0,0.0,0.0,0.0
00-0036628,2021,16,0.0,0.0,0.0,0.0,0.0,0.0,0.0
00-0036635,2021,15,0.0,0.0,0.0,0.0,0.0,0.0,0.0
00-0036635,2021,18,0.0,0.0,1.0,0.0,0.0,0.0,0.0
00-0036637,2021,10,0.0,0.0,0.0,0.0,0.0,0.0,0.0
00-0036650,2021,10,0.0,0.0,0.0,0.0,0.0,0.0,0.0
00-0036654,2021,2,0.0,0.0,0.0,0.0,0.0,0.0,0.0
00-0036654,2021,18,0.0,0.0,0.0,0.0,0.0,0.0,0.0
00-0036670,2021,8,0.0,0.0,0.0,0.0,0.0,0.0,0.0
00-0036670,2021,10,0.0,0.0,0.0,0.0,0.0,0.0,0.0
00-0036754,2021,13,0.0,0.0,0.0,0.0,0.0,0.0,0.0
00-0036754,2021,18,0.0,0.0,0.0,0.0,0.0,0.0,0.0
00-0036755,2021,15,0.0,0.0,0.0,0.0,0.0,0.0,0.0
00-0036755,2021,17,0.0,0.0,0.0,0.0,0.0,0.0,0.0
00-0036768,2021,18,0.0,0.0,0.0,0.0,0.0,0.0,0.0
00-0036857,2021,6,0.0,0.0,0.0,0.0,0.0,0.0,0.0
00-0036857,2021,18,0.0,0.0,0.0,0.0,0.0,0.0,0.0
00-0036875,2021,6,0.0,0.0,0.0,0.0,0.0,0.0,0.0
00-0036875,2021,10,0.0,0.0,0.0,0.0,0.0,0.0,0.0
00-0036875,2021,17,0.0,0.0,0.0,0.0,0.0,0.0,0.0
00-0036893,2021,2,0.0,0.0,0.0,0.0,0.0,0.0,0.0
00-0036893,2021,4,0.0,0.0,0.0,0.0,0.0,0.0,0.0
00-0036893,2021,5,0.0,0.0,0.0,0.0,0.0,0.0,0.0
00-0036893,2021,6,0.0,0.0,0.0,0.0,0.0,0.0,0.0
00-0036893,2021,8,0.0,0.0,0.0,0.0,0.0,0.0,0.0
00-0036893,2021,9,0.0,0.0,0.0,0.0,0.0,0.0,0.0
00-0036893,2021,11,0.0,0.0,0.0,0.0,0.0,0.0,0.0
00-0036893,2021,14,0.0,0.0,0.0,0.0,0.0,0.0,0.0
00-0036893,2021,17,0.0,0.0,0.0,0.0,0.0,0.0,0.0
00-0036894,2021,3,0.0,0.0,0.0,0.0,0.0,0.0,0.0
00-0036894,2021,8,0.0,0.0,0.0,0.0,0.0,0.0,0.0
00-0036894,2021,9,0.0,0.0,0.0,0.0,0.0,0.0,0.0
00-0036894,2021,11,0.0,0.0,0.0,0.0,0.0,0.0,0.0
00-0036894,2021,12,0.0,0.0,0.0,0.0,0.0,0.0,0.0
00-0036894,2021,14,0.0,0.0,0.0,0.0,0.0,0.0,0.0
00-0036898,2021,2,0.0,0.0,0.0,0.0,0.0,0.0,0.0
00-0036898,2021,3,0.0,0.0,0.0,0.0,0.0,0.0,0.0
00-0036898,2021,5,1.0,1.0,0.0,0.0,0.0,0.0,0.0
00-0036898,2021,8,1.0,0.0,0.0,0.0,0.0,0.0,0.0
00-0036898,2021,14,0.0,0.0,0.0,0.0,0.0,0.0,0.0
00-0036898,2021,15,1.0,0.0,0.0,0.0,0.0,0.0,0.0
00-0036898,2021,16,1.0,0.0,0.0,0.0,0.0,0.0,0.0
00-0036898,2021,17,0.0,0.0,0.0,0.0,0.0,0.0,0.0
00-0036898,2021,18,0.0,0.0,0.0,0.0,0.0,0.0,0.0
00-0036900,2021,1,0.0,0.0,1.0,1.0,0.0,0.0,0.0
00-0036900,2021,2,0.0,0.0,1.0,0.0,0.0,0.0,0.0
00-0036900,2021,3,0.0,0.0,0.0,0.0,0.0,0.0,0.0
00-0036900,2021,5,0.0,0.0,1.0,1.0,0.0,0.0,0.0
00-0036900,2021,7,0.0,0.0,1.0,1.0,0.0,0.0,0.0
00-0036900,2021,8,0.0,0.0,0.0,0.0,0.0,0.0,0.0
00-0036900,2021,11,0.0,0.0,0.0,0.0,0.0,0.0,0.0
00-0036900,2021,14,0.0,0.0,0.0,0.0,0.0,0.0,0.0
00-0036900,2021,17,0.0,0.0,2.0,2.0,0.0,0.0,0.0
00-0036906,2021,6,0.0,0.0,0.0,0.0,0.0,0.0,0.0
00-0036906,2021,16,0.0,0.0,0.0,0.0,0.0,0.0,0.0
00-0036912,2021,1,0.0,0.0,0.0,0.0,0.0,0.0,0.0
00-0036912,2021,9,0.0,0.0,0.0,0.0,0.0,0.0,0.0
00-0036912,2021,10,0.0,0.0,0.0,0.0,0.0,0.0,0.0
00-0036912,2021,16,0.0,0.0,0.0,0.0,0.0,0.0,0.0
00-0036919,2021,1,0.0,0.0,0.0,0.0,0.0,0.0,0.0
00-0036919,2021,4,0.0,0.0,0.0,0.0,0.0,0.0,0.0
00-0036919,2021,7,0.0,0.0,0.0,0.0,0.0,0.0,0.0
00-0036919,2021,9,0.0,0.0,0.0,0.0,0.0,0.0,0.0
00-0036919,2021,13,0.0,0.0,0.0,0.0,0.0,0.0,0.0
00-0036919,2021,18,0.0,0.0,0.0,0.0,0.0,0.0,0.0
00-0036924,2021,4,0.0,0.0,0.0,0.0,0.0,0.0,0.0
00-0036924,2021,5,0.0,0.0,0.0,0.0,0.0,0.0,0.0
00-0036924,2021,8,0.0,0.0,0.0,0.0,0.0,0.0,0.0
00-0036924,2021,10,0.0,0.0,0.0,0.0,0.0,0.0,0.0
00-0036929,2021,16,0.0,0.0,0.0,0.0,0.0,0.0,1.0
00-0036936,2021,2,0.0,0.0,1.0,1.0,0.0,0.0,0.0
00-0036945,2021,1,0.0,0.0,0.0,0.0,0.0,0.0,0.0
00-0036945,2021,5,0.0,0.0,0.0,0.0,0.0,0.0,0.0
00-0036945,2021,6,0.0,0.0,0.0,0.0,0.0,0.0,0.0
00-0036945,2021,8,0.0,0.0,0.0,0.0,0.0,0.0,0.0
00-0036945,2021,9,0.0,0.0,0.0,0.0,0.0,0.0,0.0
00-0036945,2021,14,2.0,1.0,0.0,0.0,0.0,0.0,1.0
00-0036945,2021,15,0.0,0.0,0.0,0.0,0.0,0.0,0.0
00-0036963,2021,13,0.0,0.0,0.0,0.0,0.0,0.0,0.0
00-0036963,2021,15,0.0,0.0,0.0,0.0,0.0,0.0,0.0
00-0036963,2021,16,0.0,0.0,0.0,0.0,0.0,0.0,0.0
00-0036963,2021,17,0.0,0.0,0.0,0.0,0.0,0.0,0.0
00-0036963,2021,18,0.0,0.0,0.0,0.0,0.0,0.0,0.0
00-0036970,2021,5,0.0,0.0,0.0,0.0,0.0,0.0,0.0
00-0036971,2021,1,1.0,0.0,0.0,0.0,0.0,0.0,0.0
00-0036971,2021,2,0.0,0.0,0.0,0.0,0.0,0.0,0.0
00-0036971,2021,3,0.0,0.0,0.0,0.0,0.0,0.0,1.0
00-0036971,2021,4,0.0,0.0,0.0,0.0,0.0,0.0,0.0
00-0036971,2021,5,0.0,0.0,0.0,0.0,0.0,0.0,0.0
00-0036971,2021,6,0.0,0.0,0.0,0.0,0.0,0.0,0.0
00-0036971,2021,8,0.0,0.0,0.0,0.0,0.0,0.0,0.0
00-0036971,2021,12,0.0,0.0,0.0,0.0,0.0,0.0,0.0
00-0036971,2021,17,0.0,0.0,0.0,0.0,0.0,0.0,0.0
00-0036971,2021,18,0.0,0.0,0.0,0.0,0.0,0.0,0.0
00-0036972,2021,1,0.0,0.0,0.0,0.0,0.0,0.0,0.0
00-0036972,2021,3,0.0,0.0,0.0,0.0,0.0,0.0,1.0
00-0036972,2021,4,0.0,0.0,0.0,0.0,0.0,0.0,0.0
00-0036972,2021,5,0.0,0.0,0.0,0.0,0.0,0.0,0.0
00-0036972,2021,6,1.0,1.0,0.0,0.0,0.0,0.0,1.0
00-0036972,2021,7,0.0,0.0,0.0,0.0,0.0,0.0,0.0
00-0036972,2021,9,0.0,0.0,0.0,0.0,0.0,0.0,0.0
00-0036972,2021,10,0.0,0.0,0.0,0.0,0.0,0.0,0.0
00-0036972,2021,11,0.0,0.0,0.0,0.0,0.0,0.0,0.0
00-0036972,2021,12,1.0,0.0,0.0,0.0,0.0,0.0,0.0
00-0036972,2021,15,0.0,0.0,0.0,0.0,0.0,0.0,0.0
00-0036972,2021,17,0.0,0.0,0.0,0.0,0.0,0.0,0.0
00-0036972,2021,18,0.0,0.0,0.0,0.0,0.0,0.0,1.0
00-0036980,2021,7,0.0,0.0,0.0,0.0,0.0,0.0,0.0
00-0036980,2021,9,0.0,0.0,0.0,0.0,0.0,0.0,0.0
00-0036980,2021,10,0.0,0.0,0.0,0.0,0.0,0.0,0.0
00-0036980,2021,11,0.0,0.0,1.0,1.0,0.0,0.0,0.0
00-0036980,2021,13,0.0,0.0,0.0,0.0,0.0,0.0,0.0
00-0036984,2021,3,0.0,0.0,0.0,0.0,0.0,0.0,0.0
00-0036988,2021,8,0.0,0.0,0.0,0.0,0.0,0.0,0.0
00-0036988,2021,14,0.0,0.0,0.0,0.0,0.0,0.0,0.0
00-0036988,2021,16,0.0,0.0,0.0,0.0,0.0,0.0,0.0
00-0036988,2021,18,0.0,0.0,0.0,0.0,0.0,0.0,0.0
00-0036997,2021,3,0.0,0.0,0.0,0.0,0.0,0.0,0.0
00-0036997,2021,7,0.0,0.0,0.0,0.0,0.0,0.0,0.0
00-0036997,2021,12,0.0,0.0,0.0,0.0,0.0,0.0,0.0
00-0036997,2021,13,0.0,0.0,0.0,0.0,0.0,0.0,0.0
00-0036997,2021,14,0.0,0.0,0.0,0.0,0.0,0.0,0.0
00-0036997,2021,16,0.0,0.0,0.0,0.0,0.0,0.0,0.0
00-0036999,2021,16,0.0,0.0,0.0,0.0,0.0,0.0,0.0
00-0037005,2021,3,0.0,0.0,0.0,0.0,0.0,0.0,0.0
00-0037005,2021,5,0.0,0.0,0.0,0.0,0.0,0.0,0.0
00-0037012,2021,1,0.0,0.0,0.0,0.0,0.0,0.0,0.0
00-0037012,2021,3,0.0,0.0,0.0,0.0,0.0,0.0,0.0
00-0037012,2021,4,1.0,1.0,0.0,0.0,0.0,0.0,0.0
00-0037012,2021,17,1.0,0.0,0.0,0.0,0.0,0.0,0.0
00-0037013,2021,1,0.0,0.0,0.0,0.0,0.0,0.0,0.0
00-0037013,2021,4,1.0,1.0,0.0,0.0,0.0,0.0,0.0
00-0037013,2021,12,0.0,0.0,0.0,0.0,0.0,0.0,0.0
00-0037013,2021,13,0.0,0.0,0.0,0.0,0.0,0.0,0.0
00-0037013,2021,15,0.0,0.0,0.0,0.0,0.0,0.0,0.0
00-0037013,2021,16,0.0,0.0,0.0,0.0,1.0,1.0,0.0
00-0037013,2021,17,0.0,0.0,0.0,0.0,0.0,0.0,0.0
00-0037013,2021,18,1.0,0.0,0.0,0.0,0.0,0.0,0.0
00-0019596,2022,1,0.0,0.0,0.0,0.0,0.0,0.0,0.0
00-0019596,2022,2,0.0,0.0,0.0,0.0,0.0,0.0,0.0
00-0019596,2022,3,0.0,0.0,0.0,0.0,0.0,0.0,0.0
00-0019596,2022,4,0.0,0.0,0.0,0.0,0.0,0.0,0.0
00-0019596,2022,5,0.0,0.0,0.0,0.0,0.0,0.0,0.0
00-0019596,2022,6,0.0,0.0,0.0,0.0,0.0,0.0,0.0
00-0019596,2022,8,0.0,0.0,0.0,0.0,0.0,0.0,0.0
00-0019596,2022,9,0.0,0.0,0.0,0.0,0.0,0.0,0.0
00-0019596,2022,10,0.0,0.0,0.0,0.0,0.0,0.0,0.0
00-0019596,2022,12,0.0,0.0,0.0,0.0,0.0,0.0,0.0
00-0019596,2022,13,0.0,0.0,0.0,0.0,0.0,0.0,0.0
00-0019596,2022,14,0.0,0.0,0.0,0.0,0.0,0.0,0.0
00-0019596,2022,15,0.0,0.0,0.0,0.0,0.0,0.0,0.0
00-0019596,2022,16,0.0,0.0,0.0,0.0,0.0,0.0,0.0
00-0019596,2022,17,2.0,2.0,0.0,0.0,0.0,0.0,0.0
00-0019596,2022,18,0.0,0.0,0.0,0.0,0.0,0.0,0.0
00-0023459,2022,2,0.0,0.0,0.0,0.0,0.0,0.0,0.0
00-0023459,2022,3,0.0,0.0,0.0,0.0,0.0,0.0,0.0
00-0023459,2022,4,0.0,0.0,0.0,0.0,0.0,0.0,1.0
00-0023459,2022,5,0.0,0.0,0.0,0.0,0.0,0.0,0.0
00-0023459,2022,6,0.0,0.0,0.0,0.0,0.0,0.0,0.0
00-0023459,2022,7,0.0,0.0,0.0,0.0,0.0,0.0,0.0
00-0023459,2022,8,0.0,0.0,0.0,0.0,0.0,0.0,0.0
00-0023459,2022,9,0.0,0.0,0.0,0.0,0.0,0.0,0.0
00-0023459,2022,10,1.0,1.0,0.0,0.0,0.0,0.0,0.0
00-0023459,2022,11,0.0,0.0,0.0,0.0,0.0,0.0,0.0
00-0023459,2022,12,0.0,0.0,0.0,0.0,0.0,0.0,0.0
00-0023459,2022,13,0.0,0.0,0.0,0.0,0.0,0.0,0.0
00-0023459,2022,15,0.0,0.0,0.0,0.0,0.0,0.0,0.0
00-0023459,2022,16,0.0,0.0,0.0,0.0,0.0,0.0,0.0
00-0023459,2022,17,0.0,0.0,0.0,0.0,0.0,0.0,0.0
00-0023459,2022,18,0.0,0.0,0.0,0.0,0.0,0.0,0.0
00-0024243,2022,5,0.0,0.0,0.0,0.0,0.0,0.0,0.0
00-0024243,2022,16,0.0,0.0,0.0,0.0,0.0,0.0,0.0
00-0026143,2022,1,0.0,0.0,0.0,0.0,0.0,0.0,0.0
00-0026143,2022,3,0.0,0.0,0.0,0.0,0.0,0.0,0.0
00-0026143,2022,4,0.0,0.0,0.0,0.0,0.0,0.0,0.0
00-0026143,2022,6,0.0,0.0,0.0,0.0,0.0,0.0,0.0
00-0026143,2022,7,0.0,0.0,0.0,0.0,0.0,0.0,1.0
00-0026143,2022,10,0.0,0.0,0.0,0.0,0.0,0.0,0.0
00-0026143,2022,12,0.0,0.0,0.0,0.0,0.0,0.0,0.0
00-0026143,2022,13,0.0,0.0,0.0,0.0,0.0,0.0,0.0
00-0026143,2022,15,0.0,0.0,0.0,0.0,0.0,0.0,0.0
00-0026158,2022,1,0.0,0.0,0.0,0.0,0.0,0.0,0.0
00-0026158,2022,2,1.0,1.0,0.0,0.0,0.0,0.0,0.0
00-0026498,2022,1,0.0,0.0,0.0,0.0,0.0,0.0,0.0
00-0026498,2022,2,0.0,0.0,0.0,0.0,0.0,0.0,0.0
00-0026498,2022,4,0.0,0.0,0.0,0.0,0.0,0.0,1.0
00-0026498,2022,5,1.0,1.0,0.0,0.0,0.0,0.0,0.0
00-0026498,2022,6,0.0,0.0,0.0,0.0,0.0,0.0,1.0
00-0026498,2022,8,0.0,0.0,0.0,0.0,0.0,0.0,0.0
00-0026498,2022,9,1.0,1.0,0.0,0.0,0.0,0.0,0.0
00-0026498,2022,11,1.0,1.0,0.0,0.0,0.0,0.0,0.0
00-0026544,2022,18,0.0,0.0,0.0,0.0,0.0,0.0,0.0
00-0027688,2022,10,0.0,0.0,0.0,0.0,0.0,0.0,0.0
00-0027942,2022,10,0.0,0.0,0.0,0.0,0.0,0.0,0.0
00-0027942,2022,18,0.0,0.0,1.0,1.0,0.0,0.0,0.0
00-0027944,2022,8,0.0,0.0,0.0,0.0,0.0,0.0,0.0
00-0027944,2022,10,0.0,0.0,0.0,0.0,0.0,0.0,0.0
00-0027948,2022,18,0.0,0.0,0.0,0.0,0.0,0.0,0.0
00-0027966,2022,3,0.0,0.0,0.0,0.0,0.0,0.0,0.0
00-0027973,2022,4,0.0,0.0,0.0,0.0,0.0,0.0,0.0
00-0027973,2022,5,0.0,0.0,0.0,0.0,0.0,0.0,0.0
00-0027973,2022,6,0.0,0.0,0.0,0.0,0.0,0.0,0.0
00-0027973,2022,7,1.0,1.0,0.0,0.0,0.0,0.0,2.0
00-0027973,2022,8,0.0,0.0,0.0,0.0,0.0,0.0,0.0
00-0027973,2022,9,1.0,0.0,0.0,0.0,0.0,0.0,0.0
00-0027973,2022,10,0.0,0.0,0.0,0.0,0.0,0.0,0.0
00-0027973,2022,11,1.0,1.0,0.0,0.0,0.0,0.0,0.0
00-0027973,2022,13,0.0,0.0,0.0,0.0,0.0,0.0,0.0
00-0027973,2022,15,0.0,0.0,0.0,0.0,0.0,0.0,0.0
00-0027973,2022,18,0.0,0.0,0.0,0.0,0.0,0.0,0.0
00-0027981,2022,18,0.0,0.0,0.0,0.0,0.0,0.0,0.0
00-0028002,2022,12,0.0,0.0,0.0,0.0,0.0,0.0,0.0
00-0028118,2022,14,0.0,0.0,0.0,0.0,0.0,0.0,0.0
00-0029239,2022,1,0.0,0.0,0.0,0.0,0.0,0.0,0.0
00-0029263,2022,1,1.0,1.0,0.0,0.0,0.0,0.0,0.0
00-0029263,2022,2,0.0,0.0,0.0,0.0,0.0,0.0,0.0
00-0029263,2022,4,0.0,0.0,0.0,0.0,0.0,0.0,0.0
00-0029263,2022,6,0.0,0.0,0.0,0.0,0.0,0.0,0.0
00-0029263,2022,8,0.0,0.0,0.0,0.0,0.0,0.0,0.0
00-0029263,2022,10,1.0,1.0,0.0,0.0,0.0,0.0,0.0
00-0029263,2022,12,0.0,0.0,0.0,0.0,0.0,0.0,0.0
00-0029263,2022,14,1.0,1.0,0.0,0.0,0.0,0.0,1.0
00-0029263,2022,16,0.0,0.0,0.0,0.0,0.0,0.0,0.0
00-0029263,2022,17,0.0,0.0,0.0,0.0,0.0,0.0,0.0
00-0029263,2022,18,0.0,0.0,0.0,0.0,0.0,0.0,0.0
00-0029293,2022,3,0.0,0.0,0.0,0.0,0.0,0.0,0.0
00-0029293,2022,12,0.0,0.0,0.0,0.0,0.0,0.0,0.0
00-0029293,2022,15,0.0,0.0,0.0,0.0,0.0,0.0,0.0
00-0029567,2022,17,0.0,0.0,0.0,0.0,0.0,0.0,1.0
00-0029604,2022,1,0.0,0.0,0.0,0.0,0.0,0.0,0.0
00-0029604,2022,2,0.0,0.0,0.0,0.0,0.0,0.0,0.0
00-0029604,2022,3,0.0,0.0,0.0,0.0,0.0,0.0,0.0
00-0029604,2022,4,0.0,0.0,0.0,0.0,0.0,0.0,0.0
00-0029604,2022,5,0.0,0.0,0.0,0.0,0.0,0.0,0.0
00-0029604,2022,6,0.0,0.0,0.0,0.0,0.0,0.0,0.0
00-0029604,2022,8,0.0,0.0,0.0,0.0,0.0,0.0,0.0
00-0029604,2022,9,0.0,0.0,0.0,0.0,0.0,0.0,0.0
00-0029604,2022,10,0.0,0.0,0.0,0.0,0.0,0.0,0.0
00-0029604,2022,12,0.0,0.0,0.0,0.0,0.0,0.0,0.0
00-0029604,2022,13,0.0,0.0,0.0,0.0,0.0,0.0,0.0
00-0029604,2022,14,0.0,0.0,0.0,0.0,0.0,0.0,0.0
00-0029604,2022,15,1.0,1.0,0.0,0.0,0.0,0.0,1.0
00-0029604,2022,16,0.0,0.0,0.0,0.0,0.0,0.0,0.0
00-0029604,2022,17,1.0,0.0,0.0,0.0,0.0,0.0,1.0
00-0029604,2022,18,0.0,0.0,0.0,0.0,0.0,0.0,0.0
00-0029701,2022,1,0.0,0.0,0.0,0.0,0.0,0.0,0.0
00-0029701,2022,2,0.0,0.0,0.0,0.0,0.0,0.0,1.0
00-0029701,2022,3,0.0,0.0,0.0,0.0,0.0,0.0,0.0
00-0029701,2022,4,0.0,0.0,0.0,0.0,0.0,0.0,0.0
00-0029701,2022,5,0.0,0.0,0.0,0.0,0.0,0.0,0.0
00-0029701,2022,10,1.0,1.0,0.0,0.0,0.0,0.0,0.0
00-0029701,2022,11,0.0,0.0,0.0,0.0,0.0,0.0,0.0
00-0029701,2022,13,0.0,0.0,0.0,0.0,0.0,0.0,0.0
00-0029701,2022,14,0.0,0.0,0.0,0.0,0.0,0.0,0.0
00-0029701,2022,15,0.0,0.0,0.0,0.0,0.0,0.0,0.0
00-0029892,2022,2,0.0,0.0,0.0,0.0,0.0,0.0,0.0
00-0029892,2022,13,0.0,0.0,0.0,0.0,0.0,0.0,0.0
00-0030035,2022,3,0.0,0.0,0.0,0.0,0.0,0.0,0.0
00-0030035,2022,6,0.0,0.0,0.0,0.0,0.0,0.0,0.0
00-0030035,2022,12,0.0,0.0,0.0,0.0,0.0,0.0,0.0
00-0030035,2022,14,0.0,0.0,0.0,0.0,0.0,0.0,0.0
00-0030035,2022,15,0.0,0.0,0.0,0.0,0.0,0.0,0.0
00-0030035,2022,18,0.0,0.0,0.0,0.0,0.0,0.0,0.0
00-0030061,2022,1,0.0,0.0,0.0,0.0,0.0,0.0,0.0
00-0030061,2022,4,0.0,0.0,0.0,0.0,0.0,0.0,0.0
00-0030061,2022,8,0.0,0.0,0.0,0.0,0.0,0.0,0.0
00-0030061,2022,9,0.0,0.0,0.0,0.0,0.0,0.0,0.0
00-0030068,2022,7,0.0,0.0,0.0,0.0,0.0,0.0,0.0
00-0030068,2022,10,0.0,0.0,0.0,0.0,0.0,0.0,0.0
00-0030068,2022,14,0.0,0.0,0.0,0.0,0.0,0.0,0.0
00-0030279,2022,12,0.0,0.0,0.0,0.0,0.0,0.0,0.0
00-0030279,2022,13,0.0,0.0,0.0,0.0,0.0,0.0,0.0
00-0030279,2022,18,0.0,0.0,0.0,0.0,0.0,0.0,0.0
00-0030288,2022,4,0.0,0.0,0.0,0.0,0.0,0.0,0.0
00-0030431,2022,4,0.0,0.0,0.0,0.0,0.0,0.0,0.0
00-0030431,2022,17,0.0,0.0,0.0,0.0,0.0,0.0,0.0
00-0030506,2022,1,0.0,0.0,0.0,0.0,0.0,0.0,0.0
00-0030506,2022,3,0.0,0.0,0.0,0.0,0.0,0.0,0.0
00-0030506,2022,4,0.0,0.0,0.0,0.0,0.0,0.0,0.0
00-0030506,2022,5,0.0,0.0,0.0,0.0,0.0,0.0,0.0
00-0030506,2022,10,0.0,0.0,0.0,0.0,0.0,0.0,0.0
00-0030506,2022,11,0.0,0.0,0.0,0.0,0.0,0.0,0.0
00-0030506,2022,12,0.0,0.0,0.0,0.0,0.0,0.0,0.0
00-0030513,2022,4,0.0,0.0,0.0,0.0,0.0,0.0,0.0
00-0030513,2022,7,0.0,0.0,0.0,0.0,0.0,0.0,0.0
00-0030513,2022,8,0.0,0.0,0.0,0.0,0.0,0.0,0.0
00-0030513,2022,11,0.0,0.0,0.0,0.0,0.0,0.0,0.0
00-0030513,2022,15,0.0,0.0,0.0,0.0,0.0,0.0,0.0
00-0030513,2022,18,0.0,0.0,0.0,0.0,0.0,0.0,0.0
00-0030564,2022,8,0.0,0.0,0.0,0.0,0.0,0.0,0.0
00-0030564,2022,9,0.0,0.0,0.0,0.0,0.0,0.0,0.0
00-0030564,2022,12,0.0,0.0,0.0,0.0,0.0,0.0,0.0
00-0030565,2022,1,0.0,0.0,0.0,0.0,0.0,0.0,0.0
00-0030565,2022,3,0.0,0.0,0.0,0.0,0.0,0.0,0.0
00-0030565,2022,4,0.0,0.0,0.0,0.0,0.0,0.0,0.0
00-0030565,2022,5,2.0,1.0,0.0,0.0,0.0,0.0,0.0
00-0030565,2022,7,0.0,0.0,0.0,0.0,0.0,0.0,0.0
00-0030565,2022,8,0.0,0.0,0.0,0.0,0.0,0.0,0.0
00-0030565,2022,9,0.0,0.0,0.0,0.0,0.0,0.0,1.0
00-0030565,2022,10,0.0,0.0,0.0,0.0,0.0,0.0,0.0
00-0030565,2022,12,0.0,0.0,0.0,0.0,0.0,0.0,0.0
00-0030565,2022,13,0.0,0.0,0.0,0.0,0.0,0.0,0.0
00-0030565,2022,14,0.0,0.0,0.0,0.0,0.0,0.0,0.0
00-0030565,2022,15,0.0,0.0,0.0,0.0,0.0,0.0,0.0
00-0030565,2022,16,0.0,0.0,0.0,0.0,0.0,0.0,0.0
00-0030565,2022,17,0.0,0.0,0.0,0.0,0.0,0.0,0.0
00-0030565,2022,18,0.0,0.0,0.0,0.0,0.0,0.0,0.0
00-0030578,2022,1,0.0,0.0,0.0,0.0,0.0,0.0,0.0
00-0030578,2022,3,0.0,0.0,0.0,0.0,0.0,0.0,0.0
00-0030578,2022,4,0.0,0.0,0.0,0.0,0.0,0.0,0.0
00-0030578,2022,9,0.0,0.0,0.0,0.0,0.0,0.0,0.0
00-0030578,2022,15,0.0,0.0,0.0,0.0,0.0,0.0,0.0
00-0030578,2022,17,0.0,0.0,0.0,0.0,0.0,0.0,0.0
00-0030578,2022,18,0.0,0.0,0.0,0.0,0.0,0.0,0.0
00-0031051,2022,18,0.0,0.0,1.0,0.0,0.0,0.0,0.0
00-0031236,2022,4,0.0,0.0,0.0,0.0,0.0,0.0,0.0
00-0031236,2022,16,0.0,0.0,0.0,0.0,0.0,0.0,0.0
00-0031236,2022,18,0.0,0.0,0.0,0.0,0.0,0.0,0.0
00-0031237,2022,4,0.0,0.0,0.0,0.0,0.0,0.0,0.0
00-0031237,2022,6,0.0,0.0,0.0,0.0,0.0,0.0,0.0
00-0031237,2022,17,0.0,0.0,0.0,0.0,0.0,0.0,1.0
00-0031260,2022,2,0.0,0.0,0.0,0.0,0.0,0.0,0.0
00-0031280,2022,1,0.0,0.0,0.0,0.0,0.0,0.0,0.0
00-0031280,2022,2,0.0,0.0,0.0,0.0,0.0,0.0,0.0
00-0031280,2022,3,0.0,0.0,0.0,0.0,0.0,0.0,0.0
00-0031280,2022,5,2.0,1.0,0.0,0.0,0.0,0.0,0.0
00-0031280,2022,7,0.0,0.0,0.0,0.0,0.0,0.0,0.0
00-0031280,2022,9,0.0,0.0,0.0,0.0,0.0,0.0,0.0
00-0031280,2022,10,1.0,0.0,0.0,0.0,0.0,0.0,0.0
00-0031280,2022,11,0.0,0.0,0.0,0.0,0.0,0.0,0.0
00-0031280,2022,12,0.0,0.0,0.0,0.0,0.0,0.0,0.0
00-0031280,2022,13,1.0,0.0,0.0,0.0,0.0,0.0,1.0
00-0031280,2022,15,0.0,0.0,0.0,0.0,0.0,0.0,1.0
00-0031280,2022,16,0.0,0.0,0.0,0.0,0.0,0.0,0.0
00-0031345,2022,2,0.0,0.0,0.0,0.0,0.0,0.0,0.0
00-0031345,2022,3,0.0,0.0,0.0,0.0,0.0,0.0,0.0
00-0031345,2022,4,1.0,1.0,0.0,0.0,0.0,0.0,0.0
00-0031345,2022,5,0.0,0.0,0.0,0.0,0.0,0.0,0.0
00-0031345,2022,6,0.0,0.0,0.0,0.0,0.0,0.0,0.0
00-0031345,2022,7,0.0,0.0,0.0,0.0,0.0,0.0,0.0
00-0031345,2022,8,0.0,0.0,0.0,0.0,0.0,0.0,0.0
00-0031345,2022,10,0.0,0.0,0.0,0.0,0.0,0.0,0.0
00-0031345,2022,11,0.0,0.0,0.0,0.0,0.0,0.0,0.0
00-0031345,2022,12,0.0,0.0,0.0,0.0,0.0,0.0,0.0
00-0031376,2022,2,0.0,0.0,0.0,0.0,0.0,0.0,0.0
00-0031376,2022,13,0.0,0.0,0.0,0.0,0.0,0.0,0.0
00-0031376,2022,14,0.0,0.0,1.0,1.0,0.0,0.0,0.0
00-0031376,2022,15,0.0,0.0,0.0,0.0,0.0,0.0,0.0
00-0031376,2022,16,0.0,0.0,0.0,0.0,0.0,0.0,0.0
00-0031376,2022,17,0.0,0.0,0.0,0.0,0.0,0.0,0.0
00-0031376,2022,18,0.0,0.0,0.0,0.0,0.0,0.0,0.0
00-0031381,2022,1,0.0,0.0,0.0,0.0,0.0,0.0,0.0
00-0031381,2022,2,0.0,0.0,0.0,0.0,0.0,0.0,0.0
00-0031381,2022,3,0.0,0.0,0.0,0.0,0.0,0.0,0.0
00-0031381,2022,5,0.0,0.0,2.0,1.0,0.0,0.0,0.0
00-0031381,2022,9,0.0,0.0,0.0,0.0,0.0,0.0,0.0
00-0031381,2022,10,0.0,0.0,1.0,0.0,0.0,0.0,0.0
00-0031381,2022,11,0.0,0.0,0.0,0.0,0.0,0.0,0.0
00-0031381,2022,13,0.0,0.0,1.0,0.0,0.0,0.0,0.0
00-0031381,2022,17,0.0,0.0,1.0,1.0,0.0,0.0,0.0
00-0031382,2022,11,0.0,0.0,0.0,0.0,0.0,0.0,0.0
00-0031408,2022,1,0.0,0.0,0.0,0.0,0.0,0.0,0.0
00-0031408,2022,4,0.0,0.0,0.0,0.0,0.0,0.0,0.0
00-0031408,2022,17,0.0,0.0,2.0,2.0,0.0,0.0,0.0
00-0031428,2022,2,0.0,0.0,0.0,0.0,0.0,0.0,0.0
00-0031428,2022,6,0.0,0.0,0.0,0.0,0.0,0.0,0.0
00-0031428,2022,11,0.0,0.0,0.0,0.0,0.0,0.0,0.0
00-0031503,2022,1,0.0,0.0,0.0,0.0,0.0,0.0,0.0
00-0031503,2022,2,0.0,0.0,0.0,0.0,0.0,0.0,1.0
00-0031503,2022,3,0.0,0.0,0.0,0.0,0.0,0.0,0.0
00-0031544,2022,2,0.0,0.0,0.0,0.0,0.0,0.0,0.0
00-0031544,2022,3,0.0,0.0,0.0,0.0,0.0,0.0,0.0
00-0031544,2022,5,0.0,0.0,0.0,0.0,0.0,0.0,0.0
00-0031544,2022,6,0.0,0.0,0.0,0.0,0.0,0.0,0.0
00-0031544,2022,8,0.0,0.0,0.0,0.0,0.0,0.0,0.0
00-0031544,2022,11,0.0,0.0,0.0,0.0,0.0,0.0,0.0
00-0031544,2022,17,0.0,0.0,1.0,0.0,0.0,0.0,0.0
00-0031547,2022,4,0.0,0.0,0.0,0.0,0.0,0.0,0.0
00-0031547,2022,18,0.0,0.0,0.0,0.0,0.0,0.0,0.0
00-0031549,2022,2,0.0,0.0,1.0,0.0,0.0,0.0,0.0
00-0031549,2022,12,0.0,0.0,0.0,0.0,0.0,0.0,0.0
00-0031585,2022,6,0.0,0.0,0.0,0.0,0.0,0.0,0.0
00-0031585,2022,12,0.0,0.0,0.0,0.0,0.0,0.0,0.0
00-0031585,2022,13,0.0,0.0,0.0,0.0,0.0,0.0,0.0
00-0031585,2022,18,0.0,0.0,0.0,0.0,0.0,0.0,0.0
00-0031588,2022,1,0.0,0.0,1.0,1.0,0.0,0.0,0.0
00-0031588,2022,2,0.0,0.0,1.0,0.0,0.0,0.0,0.0
00-0031588,2022,5,0.0,0.0,0.0,0.0,0.0,0.0,0.0
00-0031588,2022,6,0.0,0.0,0.0,0.0,0.0,0.0,0.0
00-0031588,2022,8,0.0,0.0,0.0,0.0,0.0,0.0,0.0
00-0031588,2022,11,0.0,0.0,0.0,0.0,0.0,0.0,0.0
00-0031588,2022,12,0.0,0.0,0.0,0.0,0.0,0.0,0.0
00-0031588,2022,13,0.0,0.0,0.0,0.0,0.0,0.0,0.0
00-0031588,2022,18,0.0,0.0,1.0,0.0,0.0,0.0,0.0
00-0031610,2022,2,0.0,0.0,0.0,0.0,0.0,0.0,0.0
00-0031610,2022,15,0.0,0.0,0.0,0.0,0.0,0.0,0.0
00-0031610,2022,17,0.0,0.0,0.0,0.0,0.0,0.0,0.0
00-0031687,2022,5,0.0,0.0,0.0,0.0,0.0,0.0,0.0
00-0031687,2022,7,0.0,0.0,0.0,0.0,0.0,0.0,0.0
00-0031687,2022,9,0.0,0.0,0.0,0.0,0.0,0.0,0.0
00-0031687,2022,10,0.0,0.0,0.0,0.0,0.0,0.0,0.0
00-0031687,2022,17,0.0,0.0,0.0,0.0,0.0,0.0,0.0
00-0031690,2022,15,0.0,0.0,0.0,0.0,0.0,0.0,0.0
00-0031690,2022,18,0.0,0.0,0.0,0.0,0.0,0.0,0.0
00-0031763,2022,1,0.0,0.0,0.0,0.0,0.0,0.0,0.0
00-0031763,2022,10,0.0,0.0,0.0,0.0,0.0,0.0,0.0
00-0031763,2022,12,0.0,0.0,0.0,0.0,0.0,0.0,0.0
00-0031800,2022,7,0.0,0.0,0.0,0.0,0.0,0.0,1.0
00-0031800,2022,8,0.0,0.0,0.0,0.0,0.0,0.0,0.0
00-0031800,2022,9,1.0,0.0,0.0,0.0,0.0,0.0,0.0
00-0031800,2022,12,0.0,0.0,0.0,0.0,0.0,0.0,0.0
00-0031800,2022,13,0.0,0.0,0.0,0.0,0.0,0.0,0.0
00-0031800,2022,15,0.0,0.0,0.0,0.0,0.0,0.0,0.0
00-0031800,2022,16,0.0,0.0,0.0,0.0,0.0,0.0,0.0
00-0031806,2022,17,0.0,0.0,0.0,0.0,0.0,0.0,0.0
00-0031868,2022,7,0.0,0.0,1.0,1.0,0.0,0.0,0.0
00-0031868,2022,8,0.0,0.0,1.0,0.0,0.0,0.0,0.0
00-0032054,2022,2,0.0,0.0,0.0,0.0,0.0,0.0,0.0
00-0032058,2022,5,0.0,0.0,0.0,0.0,0.0,0.0,0.0
00-0032062,2022,17,0.0,0.0,0.0,0.0,0.0,0.0,0.0
00-0032104,2022,12,0.0,0.0,0.0,0.0,0.0,0.0,0.0
00-0032134,2022,15,0.0,0.0,1.0,0.0,0.0,0.0,0.0
00-0032141,2022,3,0.0,0.0,0.0,0.0,0.0,0.0,0.0
00-0032144,2022,3,0.0,0.0,0.0,0.0,0.0,0.0,0.0
00-0032144,2022,8,0.0,0.0,0.0,0.0,0.0,0.0,0.0
00-0032156,2022,12,0.0,0.0,0.0,0.0,0.0,0.0,0.0
00-0032200,2022,1,0.0,0.0,0.0,0.0,0.0,0.0,0.0
00-0032208,2022,7,0.0,0.0,0.0,0.0,0.0,0.0,0.0
00-0032211,2022,5,0.0,0.0,1.0,0.0,0.0,0.0,0.0
00-0032211,2022,8,0.0,0.0,0.0,0.0,0.0,0.0,0.0
00-0032211,2022,9,0.0,0.0,0.0,0.0,0.0,0.0,0.0
00-0032211,2022,10,0.0,0.0,0.0,0.0,0.0,0.0,0.0
00-0032211,2022,12,0.0,0.0,0.0,0.0,0.0,0.0,0.0
00-0032211,2022,13,0.0,0.0,0.0,0.0,0.0,0.0,0.0
00-0032211,2022,14,0.0,0.0,0.0,0.0,0.0,0.0,0.0
00-0032211,2022,18,0.0,0.0,0.0,0.0,0.0,0.0,0.0
00-0032268,2022,1,0.0,0.0,0.0,0.0,0.0,0.0,0.0
00-0032268,2022,2,0.0,0.0,0.0,0.0,0.0,0.0,0.0
00-0032268,2022,3,0.0,0.0,0.0,0.0,0.0,0.0,0.0
00-0032268,2022,5,0.0,0.0,0.0,0.0,0.0,0.0,0.0
00-0032268,2022,6,0.0,0.0,0.0,0.0,0.0,0.0,0.0
00-0032268,2022,7,1.0,1.0,0.0,0.0,0.0,0.0,0.0
00-0032268,2022,8,1.0,0.0,0.0,0.0,0.0,0.0,0.0
00-0032268,2022,10,0.0,0.0,0.0,0.0,0.0,0.0,0.0
00-0032268,2022,11,0.0,0.0,0.0,0.0,0.0,0.0,0.0
00-0032268,2022,12,0.0,0.0,0.0,0.0,0.0,0.0,0.0
00-0032268,2022,13,0.0,0.0,0.0,0.0,0.0,0.0,0.0
00-0032385,2022,1,0.0,0.0,1.0,1.0,0.0,0.0,0.0
00-0032392,2022,11,0.0,0.0,0.0,0.0,0.0,0.0,0.0
00-0032398,2022,7,0.0,0.0,0.0,0.0,0.0,0.0,0.0
00-0032398,2022,9,0.0,0.0,0.0,0.0,0.0,0.0,0.0
00-0032436,2022,14,0.0,0.0,0.0,0.0,0.0,0.0,0.0
00-0032688,2022,1,0.0,0.0,1.0,1.0,0.0,0.0,0.0
00-0032764,2022,2,0.0,0.0,0.0,0.0,0.0,0.0,0.0
00-0032764,2022,3,0.0,0.0,0.0,0.0,0.0,0.0,0.0
00-0032764,2022,4,0.0,0.0,0.0,0.0,0.0,0.0,0.0
00-0032764,2022,5,0.0,0.0,0.0,0.0,0.0,0.0,0.0
00-0032764,2022,8,0.0,0.0,0.0,0.0,0.0,0.0,0.0
00-0032764,2022,9,0.0,0.0,0.0,0.0,0.0,0.0,0.0
00-0032764,2022,11,0.0,0.0,0.0,0.0,0.0,0.0,0.0
00-0032764,2022,14,0.0,0.0,0.0,0.0,0.0,0.0,0.0
00-0032764,2022,15,0.0,0.0,0.0,0.0,0.0,0.0,0.0
00-0032764,2022,16,0.0,0.0,0.0,0.0,1.0,0.0,0.0
00-0032765,2022,1,0.0,0.0,0.0,0.0,0.0,0.0,0.0
00-0032765,2022,2,0.0,0.0,0.0,0.0,0.0,0.0,0.0
00-0032775,2022,2,0.0,0.0,0.0,0.0,0.0,0.0,0.0
00-0032775,2022,16,0.0,0.0,0.0,0.0,0.0,0.0,0.0
00-0032897,2022,8,0.0,0.0,0.0,0.0,0.0,0.0,0.0
00-0032897,2022,18,0.0,0.0,0.0,0.0,0.0,0.0,0.0
00-0032918,2022,10,0.0,0.0,0.0,0.0,0.0,0.0,0.0
00-0032918,2022,15,0.0,0.0,0.0,0.0,0.0,0.0,0.0
00-0032950,2022,1,1.0,0.0,0.0,0.0,0.0,0.0,0.0
00-0032950,2022,2,0.0,0.0,0.0,0.0,0.0,0.0,0.0
00-0032950,2022,4,0.0,0.0,0.0,0.0,0.0,0.0,0.0
00-0032950,2022,5,1.0,1.0,0.0,0.0,0.0,0.0,0.0
00-0032950,2022,16,0.0,0.0,0.0,0.0,0.0,0.0,0.0
00-0032950,2022,17,0.0,0.0,0.0,0.0,0.0,0.0,0.0
00-0033009,2022,1,0.0,0.0,0.0,0.0,0.0,0.0,0.0
00-0033009,2022,3,0.0,0.0,1.0,1.0,0.0,0.0,0.0
00-0033009,2022,7,0.0,0.0,1.0,1.0,0.0,0.0,0.0
00-0033009,2022,8,0.0,0.0,0.0,0.0,0.0,0.0,0.0
00-0033009,2022,15,0.0,0.0,0.0,0.0,0.0,0.0,0.0
00-0033040,2022,2,0.0,0.0,2.0,1.0,0.0,0.0,0.0
00-0033040,2022,9,0.0,0.0,0.0,0.0,0.0,0.0,0.0
00-0033040,2022,10,0.0,0.0,0.0,0.0,0.0,0.0,0.0
00-0033040,2022,13,0.0,0.0,1.0,0.0,0.0,0.0,0.0
00-0033040,2022,14,0.0,0.0,1.0,1.0,0.0,0.0,0.0
00-0033040,2022,15,0.0,0.0,0.0,0.0,0.0,0.0,0.0
00-0033040,2022,17,0.0,0.0,0.0,0.0,0.0,0.0,0.0
00-0033045,2022,3,0.0,0.0,0.0,0.0,0.0,0.0,0.0
00-0033045,2022,6,0.0,0.0,0.0,0.0,0.0,0.0,0.0
00-0033045,2022,7,0.0,0.0,0.0,0.0,0.0,0.0,0.0
00-0033045,2022,11,0.0,0.0,0.0,0.0,0.0,0.0,0.0
00-0033045,2022,12,0.0,0.0,0.0,0.0,0.0,0.0,0.0
00-0033045,2022,13,0.0,0.0,0.0,0.0,0.0,0.0,0.0
00-0033045,2022,14,0.0,0.0,0.0,0.0,0.0,0.0,0.0
00-0033045,2022,15,0.0,0.0,0.0,0.0,0.0,0.0,0.0
00-0033045,2022,16,0.0,0.0,0.0,0.0,0.0,0.0,0.0
00-0033045,2022,17,0.0,0.0,0.0,0.0,0.0,0.0,0.0
00-0033077,2022,7,0.0,0.0,0.0,0.0,0.0,0.0,0.0
00-0033077,2022,8,0.0,0.0,0.0,0.0,0.0,0.0,0.0
00-0033077,2022,10,0.0,0.0,0.0,0.0,0.0,0.0,0.0
00-0033077,2022,11,1.0,1.0,0.0,0.0,0.0,0.0,0.0
00-0033077,2022,12,0.0,0.0,0.0,0.0,0.0,0.0,0.0
00-0033077,2022,13,0.0,0.0,0.0,0.0,0.0,0.0,0.0
00-0033077,2022,14,0.0,0.0,0.0,0.0,0.0,0.0,0.0
00-0033077,2022,15,0.0,0.0,0.0,0.0,0.0,0.0,1.0
00-0033077,2022,16,0.0,0.0,0.0,0.0,0.0,0.0,1.0
00-0033077,2022,17,0.0,0.0,0.0,0.0,0.0,0.0,0.0
00-0033077,2022,18,0.0,0.0,0.0,0.0,0.0,0.0,1.0
00-0033090,2022,6,0.0,0.0,0.0,0.0,0.0,0.0,0.0
00-0033090,2022,12,0.0,0.0,0.0,0.0,0.0,0.0,0.0
00-0033106,2022,1,0.0,0.0,0.0,0.0,0.0,0.0,1.0
00-0033106,2022,2,0.0,0.0,0.0,0.0,0.0,0.0,0.0
00-0033106,2022,3,0.0,0.0,0.0,0.0,0.0,0.0,0.0
00-0033106,2022,4,0.0,0.0,0.0,0.0,0.0,0.0,1.0
00-0033106,2022,8,0.0,0.0,0.0,0.0,0.0,0.0,0.0
00-0033106,2022,9,0.0,0.0,0.0,0.0,0.0,0.0,0.0
00-0033106,2022,10,0.0,0.0,0.0,0.0,0.0,0.0,0.0
00-0033106,2022,12,0.0,0.0,0.0,0.0,0.0,0.0,0.0
00-0033106,2022,13,0.0,0.0,0.0,0.0,0.0,0.0,0.0
00-0033106,2022,14,2.0,0.0,0.0,0.0,0.0,0.0,0.0
00-0033106,2022,15,1.0,1.0,0.0,0.0,0.0,0.0,0.0
00-0033106,2022,16,0.0,0.0,0.0,0.0,0.0,0.0,0.0
00-0033106,2022,17,0.0,0.0,0.0,0.0,0.0,0.0,0.0
00-0033110,2022,15,0.0,0.0,0.0,0.0,0.0,0.0,0.0
00-0033110,2022,16,0.0,0.0,0.0,0.0,0.0,0.0,0.0
00-0033118,2022,6,0.0,0.0,0.0,0.0,0.0,0.0,0.0
00-0033118,2022,8,0.0,0.0,0.0,0.0,0.0,0.0,0.0
00-0033118,2022,9,0.0,0.0,0.0,0.0,0.0,0.0,0.0
00-0033118,2022,18,0.0,0.0,0.0,0.0,0.0,0.0,0.0
00-0033119,2022,1,0.0,0.0,0.0,0.0,0.0,0.0,0.0
00-0033119,2022,2,0.0,0.0,0.0,0.0,0.0,0.0,0.0
00-0033119,2022,3,0.0,0.0,0.0,0.0,0.0,0.0,0.0
00-0033119,2022,4,0.0,0.0,0.0,0.0,0.0,0.0,0.0
00-0033119,2022,5,0.0,0.0,0.0,0.0,0.0,0.0,0.0
00-0033119,2022,6,0.0,0.0,0.0,0.0,0.0,0.0,0.0
00-0033119,2022,8,0.0,0.0,0.0,0.0,0.0,0.0,0.0
00-0033119,2022,10,0.0,0.0,0.0,0.0,0.0,0.0,0.0
00-0033119,2022,11,0.0,0.0,0.0,0.0,0.0,0.0,0.0
00-0033119,2022,12,0.0,0.0,0.0,0.0,0.0,0.0,0.0
00-0033217,2022,4,0.0,0.0,0.0,0.0,0.0,0.0,0.0
00-0033217,2022,18,0.0,0.0,0.0,0.0,0.0,0.0,0.0
00-0033246,2022,8,0.0,0.0,0.0,0.0,0.0,0.0,0.0
00-0033251,2022,8,0.0,0.0,0.0,0.0,0.0,0.0,0.0
00-0033275,2022,7,0.0,0.0,0.0,0.0,0.0,0.0,0.0
00-0033275,2022,8,1.0,1.0,0.0,0.0,0.0,0.0,1.0
00-0033280,2022,1,0.0,0.0,0.0,0.0,0.0,0.0,0.0
00-0033280,2022,4,0.0,0.0,0.0,0.0,0.0,0.0,0.0
00-0033280,2022,5,0.0,0.0,0.0,0.0,0.0,0.0,0.0
00-0033280,2022,8,0.0,0.0,0.0,0.0,0.0,0.0,0.0
00-0033280,2022,10,0.0,0.0,0.0,0.0,0.0,0.0,0.0
00-0033280,2022,13,0.0,0.0,0.0,0.0,0.0,0.0,0.0
00-0033280,2022,14,0.0,0.0,0.0,0.0,0.0,0.0,0.0
00-0033280,2022,15,0.0,0.0,0.0,0.0,0.0,0.0,0.0
00-0033280,2022,16,0.0,0.0,0.0,0.0,0.0,0.0,0.0
00-0033280,2022,17,0.0,0.0,0.0,0.0,0.0,0.0,0.0
00-0033280,2022,18,0.0,0.0,0.0,0.0,0.0,0.0,0.0
00-0033282,2022,1,0.0,0.0,0.0,0.0,0.0,0.0,0.0
00-0033282,2022,2,0.0,0.0,0.0,0.0,0.0,0.0,0.0
00-0033282,2022,9,0.0,0.0,1.0,0.0,0.0,0.0,0.0
00-0033282,2022,11,0.0,0.0,0.0,0.0,0.0,0.0,0.0
00-0033282,2022,16,0.0,0.0,0.0,0.0,0.0,0.0,0.0
00-0033288,2022,7,0.0,0.0,0.0,0.0,0.0,0.0,0.0
00-0033288,2022,8,0.0,0.0,0.0,0.0,0.0,0.0,0.0
00-0033288,2022,11,0.0,0.0,0.0,0.0,0.0,0.0,0.0
00-0033288,2022,15,0.0,0.0,1.0,1.0,0.0,0.0,0.0
00-0033288,2022,16,0.0,0.0,0.0,0.0,0.0,0.0,0.0
00-0033288,2022,17,0.0,0.0,0.0,0.0,0.0,0.0,0.0
00-0033288,2022,18,0.0,0.0,0.0,0.0,0.0,0.0,0.0
00-0033293,2022,2,0.0,0.0,0.0,0.0,0.0,0.0,0.0
00-0033293,2022,7,0.0,0.0,0.0,0.0,0.0,0.0,0.0
00-0033293,2022,10,0.0,0.0,0.0,0.0,0.0,0.0,0.0
00-0033293,2022,12,0.0,0.0,0.0,0.0,0.0,0.0,0.0
00-0033293,2022,15,0.0,0.0,0.0,0.0,0.0,0.0,0.0
00-0033307,2022,16,0.0,0.0,0.0,0.0,0.0,0.0,0.0
00-0033308,2022,11,0.0,0.0,0.0,0.0,0.0,0.0,0.0
00-0033319,2022,17,0.0,0.0,0.0,0.0,0.0,0.0,0.0
00-0033357,2022,1,0.0,0.0,0.0,0.0,0.0,0.0,0.0
00-0033357,2022,4,0.0,0.0,0.0,0.0,0.0,0.0,0.0
00-0033357,2022,5,0.0,0.0,0.0,0.0,1.0,1.0,0.0
00-0033357,2022,7,0.0,0.0,0.0,0.0,0.0,0.0,0.0
00-0033357,2022,13,0.0,0.0,0.0,0.0,0.0,0.0,0.0
00-0033357,2022,15,1.0,1.0,0.0,0.0,0.0,0.0,0.0
00-0033357,2022,16,0.0,0.0,0.0,0.0,0.0,0.0,0.0
00-0033357,2022,17,0.0,0.0,0.0,0.0,0.0,0.0,0.0
00-0033466,2022,1,0.0,0.0,0.0,0.0,0.0,0.0,0.0
00-0033466,2022,3,0.0,0.0,0.0,0.0,0.0,0.0,0.0
00-0033466,2022,4,0.0,0.0,0.0,0.0,0.0,0.0,0.0
00-0033466,2022,8,0.0,0.0,0.0,0.0,0.0,0.0,0.0
00-0033466,2022,12,0.0,0.0,0.0,0.0,0.0,0.0,0.0
00-0033526,2022,3,0.0,0.0,0.0,0.0,0.0,0.0,0.0
00-0033526,2022,11,0.0,0.0,0.0,0.0,0.0,0.0,0.0
00-0033526,2022,12,0.0,0.0,0.0,0.0,0.0,0.0,0.0
00-0033526,2022,14,0.0,0.0,0.0,0.0,0.0,0.0,0.0
00-0033536,2022,2,0.0,0.0,0.0,0.0,0.0,0.0,0.0
00-0033536,2022,3,0.0,0.0,0.0,0.0,0.0,0.0,0.0
00-0033536,2022,7,0.0,0.0,0.0,0.0,0.0,0.0,0.0
00-0033536,2022,14,0.0,0.0,0.0,0.0,0.0,0.0,0.0
00-0033537,2022,14,0.0,0.0,0.0,0.0,0.0,0.0,0.0
00-0033537,2022,15,0.0,0.0,0.0,0.0,0.0,0.0,0.0
00-0033537,2022,16,0.0,0.0,0.0,0.0,0.0,0.0,0.0
00-0033537,2022,17,1.0,0.0,0.0,0.0,0.0,0.0,0.0
00-0033537,2022,18,0.0,0.0,0.0,0.0,0.0,0.0,0.0
00-0033550,2022,18,0.0,0.0,0.0,0.0,0.0,0.0,0.0
00-0033553,2022,1,0.0,0.0,0.0,0.0,0.0,0.0,0.0
00-0033553,2022,10,0.0,0.0,0.0,0.0,0.0,0.0,0.0
00-0033553,2022,11,0.0,0.0,0.0,0.0,0.0,0.0,0.0
00-0033553,2022,12,0.0,0.0,0.0,0.0,0.0,0.0,0.0
00-0033553,2022,14,0.0,0.0,0.0,0.0,0.0,0.0,0.0
00-0033553,2022,15,0.0,0.0,0.0,0.0,0.0,0.0,0.0
00-0033553,2022,16,0.0,0.0,0.0,0.0,0.0,0.0,0.0
00-0033555,2022,3,0.0,0.0,0.0,0.0,0.0,0.0,0.0
00-0033555,2022,7,0.0,0.0,0.0,0.0,0.0,0.0,0.0
00-0033555,2022,12,0.0,0.0,0.0,0.0,0.0,0.0,0.0
00-0033555,2022,15,0.0,0.0,0.0,0.0,0.0,0.0,0.0
00-0033572,2022,4,0.0,0.0,0.0,0.0,0.0,0.0,0.0
00-0033572,2022,12,0.0,0.0,0.0,0.0,0.0,0.0,0.0
00-0033576,2022,2,0.0,0.0,0.0,0.0,0.0,0.0,0.0
00-0033591,2022,2,0.0,0.0,0.0,0.0,0.0,0.0,0.0
00-0033591,2022,15,0.0,0.0,0.0,0.0,0.0,0.0,0.0
00-0033662,2022,2,0.0,0.0,0.0,0.0,0.0,0.0,0.0
00-0033662,2022,3,0.0,0.0,0.0,0.0,0.0,0.0,0.0
00-0033662,2022,4,0.0,0.0,0.0,0.0,0.0,0.0,0.0
00-0033662,2022,6,0.0,0.0,0.0,0.0,0.0,0.0,0.0
00-0033681,2022,15,0.0,0.0,0.0,0.0,0.0,0.0,0.0
00-0033699,2022,4,0.0,0.0,0.0,0.0,0.0,0.0,0.0
00-0033699,2022,5,0.0,0.0,0.0,0.0,0.0,0.0,0.0
00-0033699,2022,6,0.0,0.0,0.0,0.0,0.0,0.0,0.0
00-0033699,2022,7,0.0,0.0,0.0,0.0,0.0,0.0,0.0
00-0033699,2022,9,0.0,0.0,0.0,0.0,0.0,0.0,0.0
00-0033699,2022,11,0.0,0.0,0.0,0.0,0.0,0.0,0.0
00-0033699,2022,12,0.0,0.0,0.0,0.0,0.0,0.0,0.0
00-0033699,2022,14,0.0,0.0,0.0,0.0,0.0,0.0,0.0
00-0033699,2022,15,0.0,0.0,0.0,0.0,0.0,0.0,0.0
00-0033699,2022,16,0.0,0.0,0.0,0.0,0.0,0.0,0.0
00-0033699,2022,17,0.0,0.0,0.0,0.0,1.0,1.0,0.0
00-0033725,2022,18,0.0,0.0,0.0,0.0,0.0,0.0,0.0
00-0033757,2022,4,0.0,0.0,0.0,0.0,0.0,0.0,0.0
00-0033757,2022,17,0.0,0.0,0.0,0.0,0.0,0.0,0.0
00-0033854,2022,12,0.0,0.0,0.0,0.0,0.0,0.0,0.0
00-0033856,2022,4,0.0,0.0,0.0,0.0,0.0,0.0,0.0
00-0033856,2022,5,0.0,0.0,0.0,0.0,0.0,0.0,0.0
00-0033856,2022,6,0.0,0.0,0.0,0.0,0.0,0.0,0.0
00-0033856,2022,8,0.0,0.0,0.0,0.0,0.0,0.0,0.0
00-0033856,2022,10,0.0,0.0,0.0,0.0,0.0,0.0,0.0
00-0033857,2022,6,0.0,0.0,1.0,0.0,0.0,0.0,0.0
00-0033857,2022,7,0.0,0.0,1.0,0.0,0.0,0.0,0.0
00-0033857,2022,14,0.0,0.0,0.0,0.0,0.0,0.0,0.0
00-0033869,2022,1,0.0,0.0,0.0,0.0,0.0,0.0,0.0
00-0033869,2022,2,0.0,0.0,0.0,0.0,0.0,0.0,0.0
00-0033869,2022,3,0.0,0.0,0.0,0.0,0.0,0.0,0.0
00-0033869,2022,6,0.0,0.0,0.0,0.0,0.0,0.0,0.0
00-0033869,2022,14,0.0,0.0,0.0,0.0,0.0,0.0,0.0
00-0033869,2022,15,0.0,0.0,0.0,0.0,0.0,0.0,0.0
00-0033871,2022,2,0.0,0.0,1.0,1.0,0.0,0.0,0.0
00-0033871,2022,4,0.0,0.0,0.0,0.0,0.0,0.0,0.0
00-0033873,2022,1,0.0,0.0,0.0,0.0,0.0,0.0,0.0
00-0033873,2022,2,1.0,0.0,0.0,0.0,0.0,0.0,0.0
00-0033873,2022,3,0.0,0.0,0.0,0.0,0.0,0.0,0.0
00-0033873,2022,4,0.0,0.0,0.0,0.0,0.0,0.0,0.0
00-0033873,2022,5,0.0,0.0,0.0,0.0,0.0,0.0,0.0
00-0033873,2022,6,1.0,0.0,0.0,0.0,0.0,0.0,0.0
00-0033873,2022,7,1.0,0.0,0.0,0.0,0.0,0.0,0.0
00-0033873,2022,9,0.0,0.0,0.0,0.0,0.0,0.0,0.0
00-0033873,2022,10,0.0,0.0,0.0,0.0,0.0,0.0,0.0
00-0033873,2022,11,0.0,0.0,0.0,0.0,0.0,0.0,0.0
00-0033873,2022,12,0.0,0.0,0.0,0.0,0.0,0.0,0.0
00-0033873,2022,13,0.0,0.0,0.0,0.0,0.0,0.0,0.0
00-0033873,2022,14,1.0,1.0,0.0,0.0,0.0,0.0,0.0
00-0033873,2022,15,0.0,0.0,0.0,0.0,0.0,0.0,0.0
00-0033873,2022,16,0.0,0.0,0.0,0.0,0.0,0.0,0.0
00-0033873,2022,17,0.0,0.0,0.0,0.0,0.0,0.0,0.0
00-0033873,2022,18,0.0,0.0,0.0,0.0,0.0,0.0,0.0
00-0033879,2022,1,0.0,0.0,0.0,0.0,0.0,0.0,0.0
00-0033881,2022,8,0.0,0.0,0.0,0.0,0.0,0.0,0.0
00-0033881,2022,13,0.0,0.0,0.0,0.0,0.0,0.0,0.0
00-0033881,2022,14,0.0,0.0,0.0,0.0,0.0,0.0,0.0
00-0033885,2022,3,0.0,0.0,0.0,0.0,0.0,0.0,0.0
00-0033885,2022,12,0.0,0.0,0.0,0.0,0.0,0.0,0.0
00-0033885,2022,14,0.0,0.0,0.0,0.0,0.0,0.0,0.0
00-0033885,2022,18,0.0,0.0,0.0,0.0,0.0,0.0,0.0
00-0033891,2022,3,0.0,0.0,0.0,0.0,0.0,0.0,0.0
00-0033891,2022,14,0.0,0.0,0.0,0.0,0.0,0.0,0.0
00-0033891,2022,15,0.0,0.0,1.0,1.0,0.0,0.0,0.0
00-0033893,2022,3,0.0,0.0,0.0,0.0,0.0,0.0,0.0
00-0033893,2022,5,0.0,0.0,0.0,0.0,0.0,0.0,0.0
00-0033893,2022,6,0.0,0.0,0.0,0.0,1.0,1.0,0.0
00-0033893,2022,8,0.0,0.0,0.0,0.0,0.0,0.0,0.0
00-0033893,2022,9,0.0,0.0,0.0,0.0,0.0,0.0,0.0
00-0033893,2022,10,0.0,0.0,0.0,0.0,1.0,1.0,0.0
00-0033893,2022,13,0.0,0.0,0.0,0.0,0.0,0.0,0.0
00-0033893,2022,14,0.0,0.0,0.0,0.0,0.0,0.0,0.0
00-0033893,2022,15,0.0,0.0,1.0,1.0,0.0,0.0,0.0
00-0033895,2022,1,0.0,0.0,0.0,0.0,0.0,0.0,0.0
00-0033895,2022,4,0.0,0.0,0.0,0.0,0.0,0.0,0.0
00-0033895,2022,17,0.0,0.0,0.0,0.0,0.0,0.0,0.0
00-0033895,2022,18,0.0,0.0,0.0,0.0,0.0,0.0,0.0
00-0033897,2022,4,0.0,0.0,0.0,0.0,0.0,0.0,0.0
00-0033897,2022,6,0.0,0.0,0.0,0.0,0.0,0.0,0.0
00-0033897,2022,7,0.0,0.0,0.0,0.0,0.0,0.0,0.0
00-0033897,2022,9,0.0,0.0,0.0,0.0,0.0,0.0,0.0
00-0033897,2022,18,0.0,0.0,0.0,0.0,0.0,0.0,0.0
00-0033906,2022,8,0.0,0.0,0.0,0.0,0.0,0.0,0.0
00-0033906,2022,16,0.0,0.0,0.0,0.0,0.0,0.0,0.0
00-0033908,2022,1,0.0,0.0,0.0,0.0,0.0,0.0,0.0
00-0033908,2022,2,0.0,0.0,0.0,0.0,0.0,0.0,0.0
00-0033908,2022,3,0.0,0.0,0.0,0.0,0.0,0.0,0.0
00-0033908,2022,5,0.0,0.0,1.0,1.0,0.0,0.0,0.0
00-0033908,2022,8,0.0,0.0,0.0,0.0,0.0,0.0,0.0
00-0033908,2022,9,0.0,0.0,1.0,1.0,0.0,0.0,0.0
00-0033921,2022,10,0.0,0.0,0.0,0.0,0.0,0.0,0.0
00-0033921,2022,12,0.0,0.0,0.0,0.0,0.0,0.0,0.0
00-0033921,2022,15,0.0,0.0,0.0,0.0,0.0,0.0,0.0
00-0033923,2022,1,0.0,0.0,0.0,0.0,0.0,0.0,0.0
00-0033923,2022,5,0.0,0.0,0.0,0.0,0.0,0.0,0.0
00-0033923,2022,7,0.0,0.0,0.0,0.0,0.0,0.0,0.0
00-0033925,2022,8,0.0,0.0,0.0,0.0,0.0,0.0,0.0
00-0033925,2022,10,0.0,0.0,0.0,0.0,0.0,0.0,0.0
00-0033925,2022,16,0.0,0.0,0.0,0.0,0.0,0.0,0.0
00-0033932,2022,18,0.0,0.0,0.0,0.0,0.0,0.0,0.0
00-0033943,2022,2,0.0,0.0,0.0,0.0,0.0,0.0,0.0
00-0033943,2022,4,0.0,0.0,0.0,0.0,0.0,0.0,0.0
00-0033943,2022,14,0.0,0.0,0.0,0.0,0.0,0.0,0.0
00-0033948,2022,1,0.0,0.0,0.0,0.0,0.0,0.0,0.0
00-0033948,2022,3,0.0,0.0,0.0,0.0,0.0,0.0,0.0
00-0033948,2022,4,0.0,0.0,0.0,0.0,1.0,1.0,0.0
00-0033948,2022,8,0.0,0.0,0.0,0.0,0.0,0.0,0.0
00-0033948,2022,10,0.0,0.0,0.0,0.0,0.0,0.0,0.0
00-0033948,2022,11,0.0,0.0,0.0,0.0,0.0,0.0,0.0
00-0033948,2022,12,0.0,0.0,0.0,0.0,0.0,0.0,0.0
00-0033948,2022,13,0.0,0.0,0.0,0.0,0.0,0.0,0.0
00-0033948,2022,17,0.0,0.0,0.0,0.0,0.0,0.0,0.0
00-0033948,2022,18,0.0,0.0,0.0,0.0,0.0,0.0,0.0
00-0033949,2022,17,0.0,0.0,0.0,0.0,0.0,0.0,0.0
00-0033949,2022,18,0.0,0.0,0.0,0.0,0.0,0.0,0.0
00-0033951,2022,14,0.0,0.0,1.0,1.0,0.0,0.0,0.0
00-0033951,2022,15,0.0,0.0,0.0,0.0,0.0,0.0,0.0
00-0033958,2022,18,0.0,0.0,0.0,0.0,0.0,0.0,0.0
00-0034054,2022,2,0.0,0.0,0.0,0.0,0.0,0.0,0.0
00-0034054,2022,3,0.0,0.0,0.0,0.0,0.0,0.0,0.0
00-0034073,2022,2,0.0,0.0,0.0,0.0,0.0,0.0,0.0
00-0034115,2022,4,0.0,0.0,0.0,0.0,0.0,0.0,0.0
00-0034115,2022,5,0.0,0.0,0.0,0.0,0.0,0.0,0.0
00-0034115,2022,9,0.0,0.0,0.0,0.0,0.0,0.0,0.0
00-0034115,2022,10,0.0,0.0,0.0,0.0,0.0,0.0,0.0
00-0034115,2022,12,0.0,0.0,0.0,0.0,0.0,0.0,0.0
00-0034115,2022,16,0.0,0.0,0.0,0.0,0.0,0.0,0.0
00-0034159,2022,1,0.0,0.0,0.0,0.0,0.0,0.0,0.0
00-0034159,2022,3,0.0,0.0,0.0,0.0,0.0,0.0,0.0
00-0034159,2022,4,0.0,0.0,0.0,0.0,0.0,0.0,0.0
00-0034184,2022,7,0.0,0.0,0.0,0.0,0.0,0.0,0.0
00-0034184,2022,12,0.0,0.0,0.0,0.0,0.0,0.0,0.0
00-0034253,2022,1,0.0,0.0,0.0,0.0,0.0,0.0,0.0
00-0034253,2022,5,0.0,0.0,0.0,0.0,0.0,0.0,0.0
00-0034253,2022,11,0.0,0.0,0.0,0.0,0.0,0.0,0.0
00-0034270,2022,1,0.0,0.0,0.0,0.0,0.0,0.0,0.0
00-0034270,2022,8,0.0,0.0,0.0,0.0,0.0,0.0,0.0
00-0034272,2022,10,0.0,0.0,0.0,0.0,0.0,0.0,0.0
00-0034272,2022,15,0.0,0.0,0.0,0.0,0.0,0.0,0.0
00-0034279,2022,1,0.0,0.0,0.0,0.0,0.0,0.0,0.0
00-0034286,2022,11,0.0,0.0,0.0,0.0,0.0,0.0,0.0
00-0034286,2022,12,0.0,0.0,0.0,0.0,0.0,0.0,0.0
00-0034286,2022,14,0.0,0.0,0.0,0.0,0.0,0.0,0.0
00-0034286,2022,17,0.0,0.0,0.0,0.0,0.0,0.0,0.0
00-0034297,2022,12,0.0,0.0,0.0,0.0,0.0,0.0,0.0
00-0034297,2022,15,0.0,0.0,0.0,0.0,0.0,0.0,0.0
00-0034301,2022,2,0.0,0.0,0.0,0.0,0.0,0.0,0.0
00-0034348,2022,4,0.0,0.0,0.0,0.0,0.0,0.0,0.0
00-0034348,2022,18,0.0,0.0,0.0,0.0,0.0,0.0,0.0
00-0034351,2022,3,0.0,0.0,0.0,0.0,0.0,0.0,0.0
00-0034351,2022,9,0.0,0.0,0.0,0.0,0.0,0.0,0.0
00-0034351,2022,10,0.0,0.0,0.0,0.0,0.0,0.0,0.0
00-0034364,2022,3,0.0,0.0,0.0,0.0,0.0,0.0,0.0
00-0034364,2022,12,0.0,0.0,0.0,0.0,0.0,0.0,0.0
00-0034364,2022,15,0.0,0.0,0.0,0.0,0.0,0.0,0.0
00-0034364,2022,18,0.0,0.0,0.0,0.0,0.0,0.0,0.0
00-0034367,2022,8,0.0,0.0,0.0,0.0,0.0,0.0,0.0
00-0034367,2022,15,0.0,0.0,0.0,0.0,0.0,0.0,0.0
00-0034383,2022,10,0.0,0.0,0.0,0.0,0.0,0.0,0.0
00-0034383,2022,12,0.0,0.0,0.0,0.0,0.0,0.0,0.0
00-0034383,2022,17,0.0,0.0,0.0,0.0,0.0,0.0,0.0
00-0034386,2022,2,0.0,0.0,1.0,0.0,0.0,0.0,0.0
00-0034386,2022,7,0.0,0.0,0.0,0.0,0.0,0.0,0.0
00-0034401,2022,12,1.0,1.0,0.0,0.0,0.0,0.0,0.0
00-0034401,2022,13,0.0,0.0,0.0,0.0,0.0,0.0,0.0
00-0034407,2022,7,0.0,0.0,0.0,0.0,0.0,0.0,0.0
00-0034407,2022,16,0.0,0.0,0.0,0.0,1.0,1.0,0.0
00-0034411,2022,3,0.0,0.0,0.0,0.0,0.0,0.0,0.0
00-0034411,2022,14,0.0,0.0,0.0,0.0,0.0,0.0,0.0
00-0034411,2022,15,0.0,0.0,0.0,0.0,0.0,0.0,0.0
00-0034411,2022,18,0.0,0.0,0.0,0.0,0.0,0.0,0.0
00-0034414,2022,1,0.0,0.0,0.0,0.0,0.0,0.0,0.0
00-0034414,2022,14,0.0,0.0,0.0,0.0,0.0,0.0,0.0
00-0034414,2022,18,0.0,0.0,0.0,0.0,0.0,0.0,0.0
00-0034419,2022,4,0.0,0.0,0.0,0.0,0.0,0.0,0.0
00-0034419,2022,5,0.0,0.0,0.0,0.0,0.0,0.0,0.0
00-0034419,2022,6,0.0,0.0,0.0,0.0,0.0,0.0,0.0
00-0034440,2022,4,0.0,0.0,0.0,0.0,0.0,0.0,0.0
00-0034440,2022,14,0.0,0.0,0.0,0.0,0.0,0.0,0.0
00-0034487,2022,10,0.0,0.0,0.0,0.0,0.0,0.0,0.0
00-0034487,2022,13,0.0,0.0,1.0,1.0,0.0,0.0,0.0
00-0034521,2022,2,0.0,0.0,0.0,0.0,0.0,0.0,0.0
00-0034521,2022,3,0.0,0.0,0.0,0.0,0.0,0.0,0.0
00-0034521,2022,5,0.0,0.0,0.0,0.0,0.0,0.0,0.0
00-0034521,2022,6,0.0,0.0,0.0,0.0,0.0,0.0,0.0
00-0034521,2022,9,0.0,0.0,0.0,0.0,0.0,0.0,0.0
00-0034521,2022,18,0.0,0.0,0.0,0.0,0.0,0.0,0.0
00-0034577,2022,12,0.0,0.0,0.0,0.0,0.0,0.0,0.0
00-0034577,2022,13,0.0,0.0,0.0,0.0,0.0,0.0,1.0
00-0034681,2022,3,0.0,0.0,0.0,0.0,0.0,0.0,0.0
00-0034681,2022,4,0.0,0.0,0.0,0.0,0.0,0.0,0.0
00-0034750,2022,4,0.0,0.0,0.0,0.0,1.0,0.0,0.0
00-0034753,2022,2,0.0,0.0,0.0,0.0,0.0,0.0,0.0
00-0034753,2022,3,0.0,0.0,0.0,0.0,0.0,0.0,0.0
00-0034753,2022,5,0.0,0.0,0.0,0.0,0.0,0.0,0.0
00-0034753,2022,6,0.0,0.0,0.0,0.0,0.0,0.0,0.0
00-0034764,2022,4,0.0,0.0,0.0,0.0,0.0,0.0,0.0
00-0034764,2022,13,0.0,0.0,0.0,0.0,0.0,0.0,0.0
00-0034764,2022,16,0.0,0.0,0.0,0.0,0.0,0.0,0.0
00-0034765,2022,6,0.0,0.0,0.0,0.0,0.0,0.0,0.0
00-0034775,2022,2,0.0,0.0,0.0,0.0,0.0,0.0,0.0
00-0034775,2022,3,0.0,0.0,0.0,0.0,0.0,0.0,0.0
00-0034775,2022,6,0.0,0.0,0.0,0.0,0.0,0.0,0.0
00-0034775,2022,9,0.0,0.0,0.0,0.0,0.0,0.0,0.0
00-0034775,2022,10,0.0,0.0,0.0,0.0,0.0,0.0,0.0
00-0034775,2022,18,0.0,0.0,0.0,0.0,0.0,0.0,0.0
00-0034777,2022,1,0.0,0.0,0.0,0.0,0.0,0.0,0.0
00-0034777,2022,12,0.0,0.0,0.0,0.0,0.0,0.0,0.0
00-0034777,2022,14,0.0,0.0,1.0,0.0,0.0,0.0,0.0
00-0034791,2022,2,0.0,0.0,0.0,0.0,0.0,0.0,0.0
00-0034791,2022,3,0.0,0.0,0.0,0.0,0.0,0.0,0.0
00-0034791,2022,4,0.0,0.0,0.0,0.0,0.0,0.0,0.0
00-0034791,2022,5,0.0,0.0,0.0,0.0,1.0,0.0,0.0
00-0034791,2022,7,0.0,0.0,0.0,0.0,0.0,0.0,0.0
00-0034791,2022,8,0.0,0.0,0.0,0.0,0.0,0.0,0.0
00-0034791,2022,10,0.0,0.0,0.0,0.0,0.0,0.0,0.0
00-0034791,2022,12,0.0,0.0,0.0,0.0,0.0,0.0,0.0
00-0034791,2022,18,0.0,0.0,0.0,0.0,0.0,0.0,0.0
00-0034796,2022,1,1.0,1.0,0.0,0.0,0.0,0.0,0.0
00-0034796,2022,2,1.0,1.0,0.0,0.0,1.0,1.0,0.0
00-0034796,2022,3,0.0,0.0,0.0,0.0,0.0,0.0,0.0
00-0034796,2022,4,0.0,0.0,0.0,0.0,0.0,0.0,0.0
00-0034796,2022,5,0.0,0.0,0.0,0.0,0.0,0.0,0.0
00-0034796,2022,6,0.0,0.0,0.0,0.0,0.0,0.0,0.0
00-0034796,2022,8,0.0,0.0,0.0,0.0,0.0,0.0,0.0
00-0034796,2022,9,0.0,0.0,0.0,0.0,0.0,0.0,0.0
00-0034796,2022,11,0.0,0.0,0.0,0.0,0.0,0.0,0.0
00-0034796,2022,12,0.0,0.0,0.0,0.0,0.0,0.0,0.0
00-0034798,2022,5,0.0,0.0,0.0,0.0,0.0,0.0,0.0
00-0034798,2022,12,0.0,0.0,0.0,0.0,0.0,0.0,0.0
00-0034816,2022,18,0.0,0.0,0.0,0.0,0.0,0.0,0.0
00-0034827,2022,2,0.0,0.0,0.0,0.0,0.0,0.0,0.0
00-0034827,2022,7,0.0,0.0,0.0,0.0,0.0,0.0,0.0
00-0034827,2022,8,0.0,0.0,1.0,1.0,0.0,0.0,0.0
00-0034827,2022,12,0.0,0.0,0.0,0.0,0.0,0.0,0.0
00-0034827,2022,15,0.0,0.0,0.0,0.0,0.0,0.0,0.0
00-0034827,2022,16,0.0,0.0,0.0,0.0,0.0,0.0,0.0
00-0034827,2022,17,0.0,0.0,0.0,0.0,0.0,0.0,0.0
00-0034829,2022,2,0.0,0.0,0.0,0.0,0.0,0.0,0.0
00-0034829,2022,6,0.0,0.0,0.0,0.0,0.0,0.0,0.0
00-0034829,2022,8,0.0,0.0,0.0,0.0,0.0,0.0,0.0
00-0034829,2022,17,0.0,0.0,0.0,0.0,0.0,0.0,0.0
00-0034830,2022,4,0.0,0.0,0.0,0.0,0.0,0.0,0.0
00-0034830,2022,5,0.0,0.0,0.0,0.0,0.0,0.0,0.0
00-0034844,2022,1,0.0,0.0,0.0,0.0,0.0,0.0,0.0
00-0034844,2022,3,0.0,0.0,0.0,0.0,0.0,0.0,0.0
00-0034844,2022,5,0.0,0.0,0.0,0.0,0.0,0.0,0.0
00-0034844,2022,6,0.0,0.0,0.0,0.0,0.0,0.0,0.0
00-0034844,2022,8,0.0,0.0,0.0,0.0,0.0,0.0,0.0
00-0034844,2022,10,0.0,0.0,0.0,0.0,0.0,0.0,0.0
00-0034844,2022,12,0.0,0.0,0.0,0.0,0.0,0.0,0.0
00-0034844,2022,13,0.0,0.0,0.0,0.0,0.0,0.0,0.0
00-0034844,2022,15,0.0,0.0,0.0,0.0,0.0,0.0,0.0
00-0034844,2022,16,0.0,0.0,0.0,0.0,0.0,0.0,0.0
00-0034854,2022,10,0.0,0.0,0.0,0.0,0.0,0.0,0.0
00-0034855,2022,1,1.0,1.0,0.0,0.0,0.0,0.0,0.0
00-0034855,2022,2,0.0,0.0,0.0,0.0,0.0,0.0,0.0
00-0034855,2022,3,1.0,1.0,0.0,0.0,0.0,0.0,0.0
00-0034855,2022,4,0.0,0.0,0.0,0.0,0.0,0.0,0.0
00-0034855,2022,5,0.0,0.0,0.0,0.0,0.0,0.0,1.0
00-0034855,2022,9,0.0,0.0,0.0,0.0,0.0,0.0,0.0
00-0034855,2022,14,0.0,0.0,0.0,0.0,0.0,0.0,0.0
00-0034855,2022,15,0.0,0.0,0.0,0.0,0.0,0.0,0.0
00-0034855,2022,16,0.0,0.0,0.0,0.0,0.0,0.0,0.0
00-0034857,2022,1,1.0,1.0,0.0,0.0,0.0,0.0,0.0
00-0034857,2022,2,1.0,0.0,0.0,0.0,0.0,0.0,0.0
00-0034857,2022,3,0.0,0.0,0.0,0.0,0.0,0.0,0.0
00-0034857,2022,4,0.0,0.0,0.0,0.0,0.0,0.0,0.0
00-0034857,2022,5,2.0,2.0,0.0,0.0,0.0,0.0,0.0
00-0034857,2022,6,0.0,0.0,0.0,0.0,0.0,0.0,0.0
00-0034857,2022,8,0.0,0.0,0.0,0.0,0.0,0.0,0.0
00-0034857,2022,9,0.0,0.0,0.0,0.0,0.0,0.0,0.0
00-0034857,2022,10,0.0,0.0,0.0,0.0,0.0,0.0,0.0
00-0034857,2022,11,0.0,0.0,0.0,0.0,0.0,0.0,0.0
00-0034857,2022,12,0.0,0.0,0.0,0.0,0.0,0.0,0.0
00-0034857,2022,13,0.0,0.0,0.0,0.0,0.0,0.0,0.0
00-0034857,2022,14,0.0,0.0,0.0,0.0,0.0,0.0,0.0
00-0034857,2022,15,0.0,0.0,0.0,0.0,0.0,0.0,0.0
00-0034857,2022,16,0.0,0.0,0.0,0.0,0.0,0.0,0.0
00-0034857,2022,18,2.0,0.0,0.0,0.0,0.0,0.0,0.0
00-0034860,2022,1,0.0,0.0,1.0,1.0,0.0,0.0,0.0
00-0034860,2022,6,0.0,0.0,1.0,0.0,0.0,0.0,0.0
00-0034860,2022,16,0.0,0.0,0.0,0.0,0.0,0.0,0.0
00-0034869,2022,12,0.0,0.0,0.0,0.0,0.0,0.0,0.0
00-0034869,2022,14,0.0,0.0,0.0,0.0,0.0,0.0,0.0
00-0034869,2022,15,0.0,0.0,0.0,0.0,0.0,0.0,0.0
00-0034869,2022,16,0.0,0.0,0.0,0.0,0.0,0.0,0.0
00-0034869,2022,17,0.0,0.0,0.0,0.0,0.0,0.0,0.0
00-0034899,2022,10,0.0,0.0,0.0,0.0,0.0,0.0,0.0
00-0034955,2022,14,0.0,0.0,0.0,0.0,0.0,0.0,0.0
00-0034955,2022,15,0.0,0.0,0.0,0.0,0.0,0.0,0.0
00-0034955,2022,16,0.0,0.0,0.0,0.0,0.0,0.0,1.0
00-0034960,2022,5,0.0,0.0,0.0,0.0,0.0,0.0,0.0
00-0034960,2022,7,0.0,0.0,0.0,0.0,0.0,0.0,0.0
00-0034960,2022,8,0.0,0.0,0.0,0.0,0.0,0.0,0.0
00-0034960,2022,16,0.0,0.0,1.0,0.0,0.0,0.0,0.0
00-0034960,2022,17,0.0,0.0,0.0,0.0,0.0,0.0,0.0
00-0034960,2022,18,0.0,0.0,0.0,0.0,0.0,0.0,0.0
00-0034970,2022,2,0.0,0.0,0.0,0.0,0.0,0.0,0.0
00-0034970,2022,6,0.0,0.0,0.0,0.0,0.0,0.0,0.0
00-0034972,2022,3,0.0,0.0,0.0,0.0,0.0,0.0,0.0
00-0034972,2022,4,0.0,0.0,0.0,0.0,0.0,0.0,0.0
00-0034972,2022,8,0.0,0.0,0.0,0.0,0.0,0.0,0.0
00-0034972,2022,13,0.0,0.0,0.0,0.0,0.0,0.0,0.0
00-0034972,2022,18,0.0,0.0,0.0,0.0,0.0,0.0,0.0
00-0034981,2022,10,0.0,0.0,0.0,0.0,0.0,0.0,0.0
00-0034981,2022,12,0.0,0.0,0.0,0.0,0.0,0.0,0.0
00-0034983,2022,16,0.0,0.0,0.0,0.0,0.0,0.0,0.0
00-0034983,2022,18,0.0,0.0,0.0,0.0,0.0,0.0,0.0
00-0035021,2022,13,0.0,0.0,0.0,0.0,0.0,0.0,0.0
00-0035040,2022,17,0.0,0.0,0.0,0.0,0.0,0.0,0.0
00-0035040,2022,18,1.0,1.0,0.0,0.0,0.0,0.0,0.0
00-0035125,2022,8,0.0,0.0,0.0,0.0,0.0,0.0,0.0
00-0035125,2022,10,0.0,0.0,0.0,0.0,0.0,0.0,0.0
00-0035140,2022,1,0.0,0.0,0.0,0.0,0.0,0.0,0.0
00-0035140,2022,6,0.0,0.0,0.0,0.0,0.0,0.0,0.0
00-0035140,2022,7,0.0,0.0,0.0,0.0,0.0,0.0,0.0
00-0035140,2022,9,0.0,0.0,0.0,0.0,0.0,0.0,0.0
00-0035208,2022,2,0.0,0.0,0.0,0.0,0.0,0.0,0.0
00-0035208,2022,5,0.0,0.0,0.0,0.0,0.0,0.0,0.0
00-0035208,2022,18,0.0,0.0,0.0,0.0,0.0,0.0,0.0
00-0035217,2022,12,0.0,0.0,0.0,0.0,0.0,0.0,0.0
00-0035228,2022,1,0.0,0.0,0.0,0.0,0.0,0.0,0.0
00-0035228,2022,2,0.0,0.0,0.0,0.0,0.0,0.0,0.0
00-0035228,2022,4,0.0,0.0,0.0,0.0,0.0,0.0,1.0
00-0035228,2022,5,0.0,0.0,0.0,0.0,0.0,0.0,0.0
00-0035228,2022,7,0.0,0.0,0.0,0.0,0.0,0.0,0.0
00-0035228,2022,8,0.0,0.0,0.0,0.0,0.0,0.0,0.0
00-0035228,2022,9,0.0,0.0,0.0,0.0,0.0,0.0,0.0
00-0035228,2022,12,0.0,0.0,0.0,0.0,0.0,0.0,0.0
00-0035229,2022,3,0.0,0.0,0.0,0.0,0.0,0.0,0.0
00-0035229,2022,4,0.0,0.0,0.0,0.0,0.0,0.0,0.0
00-0035229,2022,12,0.0,0.0,0.0,0.0,0.0,0.0,0.0
00-0035229,2022,16,0.0,0.0,0.0,0.0,0.0,0.0,0.0
00-0035243,2022,1,0.0,0.0,0.0,0.0,0.0,0.0,0.0
00-0035243,2022,4,0.0,0.0,0.0,0.0,0.0,0.0,0.0
00-0035243,2022,6,0.0,0.0,0.0,0.0,0.0,0.0,0.0
00-0035243,2022,8,0.0,0.0,0.0,0.0,0.0,0.0,0.0
00-0035243,2022,9,0.0,0.0,0.0,0.0,0.0,0.0,0.0
00-0035243,2022,12,0.0,0.0,0.0,0.0,0.0,0.0,0.0
00-0035243,2022,13,0.0,0.0,0.0,0.0,0.0,0.0,0.0
00-0035243,2022,14,0.0,0.0,0.0,0.0,1.0,0.0,0.0
00-0035249,2022,3,0.0,0.0,0.0,0.0,0.0,0.0,0.0
00-0035249,2022,12,0.0,0.0,0.0,0.0,0.0,0.0,0.0
00-0035250,2022,3,0.0,0.0,0.0,0.0,0.0,0.0,0.0
00-0035250,2022,10,0.0,0.0,0.0,0.0,0.0,0.0,0.0
00-0035250,2022,11,0.0,0.0,0.0,0.0,0.0,0.0,0.0
00-0035250,2022,13,0.0,0.0,0.0,0.0,0.0,0.0,0.0
00-0035250,2022,16,0.0,0.0,0.0,0.0,0.0,0.0,0.0
00-0035261,2022,2,0.0,0.0,0.0,0.0,0.0,0.0,0.0
00-0035261,2022,5,0.0,0.0,0.0,0.0,1.0,1.0,0.0
00-0035261,2022,8,0.0,0.0,0.0,0.0,1.0,1.0,0.0
00-0035261,2022,10,0.0,0.0,0.0,0.0,0.0,0.0,0.0
00-0035261,2022,11,0.0,0.0,1.0,1.0,0.0,0.0,0.0
00-0035261,2022,13,0.0,0.0,0.0,0.0,0.0,0.0,0.0
00-0035261,2022,14,0.0,0.0,0.0,0.0,0.0,0.0,0.0
00-0035264,2022,17,1.0,1.0,0.0,0.0,0.0,0.0,0.0
00-0035264,2022,18,0.0,0.0,0.0,0.0,0.0,0.0,0.0
00-0035289,2022,16,0.0,0.0,0.0,0.0,0.0,0.0,0.0
00-0035289,2022,17,1.0,1.0,0.0,0.0,0.0,0.0,1.0
00-0035329,2022,17,0.0,0.0,0.0,0.0,0.0,0.0,0.0
00-0035341,2022,11,0.0,0.0,0.0,0.0,0.0,0.0,0.0
00-0035341,2022,14,0.0,0.0,1.0,0.0,0.0,0.0,0.0
00-0035341,2022,16,0.0,0.0,0.0,0.0,0.0,0.0,0.0
00-0035345,2022,1,0.0,0.0,0.0,0.0,0.0,0.0,0.0
00-0035500,2022,2,0.0,0.0,0.0,0.0,0.0,0.0,0.0
00-0035500,2022,7,0.0,0.0,0.0,0.0,0.0,0.0,0.0
00-0035535,2022,7,0.0,0.0,0.0,0.0,0.0,0.0,0.0
00-0035535,2022,10,0.0,0.0,1.0,1.0,0.0,0.0,0.0
00-0035537,2022,12,0.0,0.0,0.0,0.0,0.0,0.0,0.0
00-0035547,2022,1,0.0,0.0,0.0,0.0,0.0,0.0,0.0
00-0035547,2022,4,0.0,0.0,0.0,0.0,0.0,0.0,0.0
00-0035594,2022,12,0.0,0.0,0.0,0.0,0.0,0.0,0.0
00-0035624,2022,8,0.0,0.0,0.0,0.0,0.0,0.0,0.0
00-0035639,2022,6,0.0,0.0,0.0,0.0,0.0,0.0,0.0
00-0035639,2022,7,0.0,0.0,0.0,0.0,0.0,0.0,0.0
00-0035639,2022,10,0.0,0.0,0.0,0.0,0.0,0.0,0.0
00-0035640,2022,3,0.0,0.0,0.0,0.0,0.0,0.0,0.0
00-0035640,2022,5,0.0,0.0,1.0,1.0,0.0,0.0,0.0
00-0035640,2022,8,0.0,0.0,0.0,0.0,0.0,0.0,0.0
00-0035640,2022,9,0.0,0.0,0.0,0.0,0.0,0.0,0.0
00-0035640,2022,13,0.0,0.0,0.0,0.0,0.0,0.0,0.0
00-0035640,2022,14,0.0,0.0,0.0,0.0,0.0,0.0,0.0
00-0035644,2022,4,0.0,0.0,0.0,0.0,0.0,0.0,0.0
00-0035644,2022,13,0.0,0.0,0.0,0.0,0.0,0.0,0.0
00-0035644,2022,15,0.0,0.0,0.0,0.0,0.0,0.0,0.0
00-0035644,2022,16,0.0,0.0,0.0,0.0,0.0,0.0,0.0
00-0035657,2022,2,0.0,0.0,0.0,0.0,0.0,0.0,0.0
00-0035657,2022,3,0.0,0.0,0.0,0.0,0.0,0.0,0.0
00-0035657,2022,4,0.0,0.0,0.0,0.0,0.0,0.0,0.0
00-0035659,2022,1,0.0,0.0,1.0,0.0,0.0,0.0,0.0
00-0035659,2022,7,0.0,0.0,0.0,0.0,0.0,0.0,0.0
00-0035659,2022,13,0.0,0.0,0.0,0.0,0.0,0.0,0.0
00-0035659,2022,16,0.0,0.0,0.0,0.0,0.0,0.0,0.0
00-0035659,2022,18,0.0,0.0,0.0,0.0,0.0,0.0,0.0
00-0035662,2022,1,0.0,0.0,0.0,0.0,0.0,0.0,0.0
00-0035662,2022,4,0.0,0.0,0.0,0.0,0.0,0.0,0.0
00-0035662,2022,5,0.0,0.0,0.0,0.0,0.0,0.0,0.0
00-0035664,2022,2,0.0,0.0,0.0,0.0,0.0,0.0,0.0
00-0035664,2022,6,0.0,0.0,0.0,0.0,0.0,0.0,0.0
00-0035664,2022,10,0.0,0.0,0.0,0.0,0.0,0.0,0.0
00-0035676,2022,3,0.0,0.0,0.0,0.0,0.0,0.0,0.0
00-0035676,2022,6,0.0,0.0,0.0,0.0,0.0,0.0,0.0
00-0035676,2022,8,0.0,0.0,0.0,0.0,0.0,0.0,0.0
00-0035676,2022,9,0.0,0.0,0.0,0.0,0.0,0.0,0.0
00-0035676,2022,12,0.0,0.0,0.0,0.0,0.0,0.0,0.0
00-0035676,2022,13,0.0,0.0,1.0,0.0,0.0,0.0,0.0
00-0035676,2022,14,0.0,0.0,0.0,0.0,0.0,0.0,0.0
00-0035676,2022,17,0.0,0.0,1.0,1.0,0.0,0.0,0.0
00-0035685,2022,5,0.0,0.0,0.0,0.0,0.0,0.0,0.0
00-0035685,2022,7,0.0,0.0,0.0,0.0,0.0,0.0,0.0
00-0035685,2022,11,0.0,0.0,0.0,0.0,0.0,0.0,0.0
00-0035685,2022,13,0.0,0.0,0.0,0.0,0.0,0.0,0.0
00-0035685,2022,15,0.0,0.0,0.0,0.0,0.0,0.0,0.0
00-0035689,2022,6,0.0,0.0,0.0,0.0,0.0,0.0,0.0
00-0035689,2022,8,0.0,0.0,0.0,0.0,0.0,0.0,0.0
00-0035689,2022,14,0.0,0.0,0.0,0.0,0.0,0.0,0.0
00-0035689,2022,15,0.0,0.0,0.0,0.0,0.0,0.0,0.0
00-0035689,2022,16,0.0,0.0,0.0,0.0,0.0,0.0,0.0
00-0035689,2022,18,0.0,0.0,0.0,0.0,0.0,0.0,0.0
00-0035700,2022,4,0.0,0.0,0.0,0.0,0.0,0.0,0.0
00-0035700,2022,5,0.0,0.0,0.0,0.0,0.0,0.0,0.0
00-0035700,2022,7,0.0,0.0,0.0,0.0,0.0,0.0,0.0
00-0035700,2022,10,0.0,0.0,0.0,0.0,0.0,0.0,0.0
00-0035700,2022,12,0.0,0.0,0.0,0.0,1.0,1.0,0.0
00-0035700,2022,13,0.0,0.0,0.0,0.0,0.0,0.0,0.0
00-0035700,2022,14,0.0,0.0,0.0,0.0,0.0,0.0,0.0
00-0035700,2022,17,0.0,0.0,0.0,0.0,0.0,0.0,0.0
00-0035710,2022,1,1.0,1.0,0.0,0.0,0.0,0.0,0.0
00-0035710,2022,2,0.0,0.0,0.0,0.0,0.0,0.0,0.0
00-0035710,2022,4,0.0,0.0,0.0,0.0,0.0,0.0,0.0
00-0035710,2022,6,0.0,0.0,0.0,0.0,0.0,0.0,0.0
00-0035710,2022,7,0.0,0.0,0.0,0.0,0.0,0.0,0.0
00-0035710,2022,10,1.0,1.0,0.0,0.0,0.0,0.0,0.0
00-0035710,2022,11,0.0,0.0,0.0,0.0,0.0,0.0,0.0
00-0035710,2022,12,0.0,0.0,0.0,0.0,0.0,0.0,0.0
00-0035710,2022,13,0.0,0.0,0.0,0.0,0.0,0.0,0.0
00-0035710,2022,14,0.0,0.0,0.0,0.0,0.0,0.0,0.0
00-0035710,2022,16,0.0,0.0,0.0,0.0,0.0,0.0,0.0
00-0035710,2022,17,0.0,0.0,0.0,0.0,0.0,0.0,0.0
00-0035719,2022,1,0.0,0.0,0.0,0.0,0.0,0.0,0.0
00-0035719,2022,4,0.0,0.0,1.0,1.0,0.0,0.0,0.0
00-0035719,2022,5,0.0,0.0,0.0,0.0,0.0,0.0,0.0
00-0035719,2022,11,0.0,0.0,0.0,0.0,0.0,0.0,0.0
00-0035719,2022,14,0.0,0.0,0.0,0.0,0.0,0.0,0.0
00-0035771,2022,15,0.0,0.0,0.0,0.0,0.0,0.0,0.0
00-0035806,2022,6,0.0,0.0,0.0,0.0,1.0,1.0,0.0
00-0035806,2022,12,0.0,0.0,0.0,0.0,0.0,0.0,0.0
00-0035806,2022,17,0.0,0.0,0.0,0.0,0.0,0.0,0.0
00-0035831,2022,1,0.0,0.0,0.0,0.0,0.0,0.0,0.0
00-0035831,2022,2,0.0,0.0,0.0,0.0,0.0,0.0,0.0
00-0035831,2022,3,0.0,0.0,0.0,0.0,1.0,1.0,0.0
00-0035831,2022,9,0.0,0.0,0.0,0.0,0.0,0.0,0.0
00-0035939,2022,12,0.0,0.0,0.0,0.0,0.0,0.0,0.0
00-0035993,2022,13,0.0,0.0,0.0,0.0,0.0,0.0,0.0
00-0035993,2022,16,0.0,0.0,0.0,0.0,0.0,0.0,0.0
00-0035993,2022,17,0.0,0.0,0.0,0.0,0.0,0.0,0.0
00-0036020,2022,15,0.0,0.0,0.0,0.0,0.0,0.0,0.0
00-0036040,2022,7,0.0,0.0,0.0,0.0,0.0,0.0,0.0
00-0036040,2022,9,0.0,0.0,1.0,0.0,0.0,0.0,0.0
00-0036040,2022,10,0.0,0.0,0.0,0.0,0.0,0.0,0.0
00-0036040,2022,11,0.0,0.0,0.0,0.0,0.0,0.0,0.0
00-0036040,2022,15,0.0,0.0,0.0,0.0,0.0,0.0,0.0
00-0036059,2022,17,0.0,0.0,0.0,0.0,0.0,0.0,0.0
00-0036145,2022,10,0.0,0.0,0.0,0.0,0.0,0.0,0.0
00-0036158,2022,4,0.0,0.0,0.0,0.0,0.0,0.0,0.0
00-0036158,2022,14,0.0,0.0,0.0,0.0,0.0,0.0,0.0
00-0036165,2022,13,0.0,0.0,0.0,0.0,0.0,0.0,0.0
00-0036165,2022,14,0.0,0.0,0.0,0.0,0.0,0.0,0.0
00-0036165,2022,16,0.0,0.0,0.0,0.0,0.0,0.0,0.0
00-0036165,2022,17,0.0,0.0,0.0,0.0,0.0,0.0,0.0
00-0036182,2022,10,0.0,0.0,1.0,1.0,0.0,0.0,0.0
00-0036182,2022,14,0.0,0.0,0.0,0.0,0.0,0.0,0.0
00-0036187,2022,2,0.0,0.0,0.0,0.0,0.0,0.0,0.0
00-0036196,2022,1,0.0,0.0,0.0,0.0,0.0,0.0,0.0
00-0036196,2022,5,0.0,0.0,2.0,2.0,0.0,0.0,0.0
00-0036196,2022,6,0.0,0.0,0.0,0.0,0.0,0.0,0.0
00-0036196,2022,10,0.0,0.0,0.0,0.0,0.0,0.0,0.0
00-0036196,2022,13,0.0,0.0,0.0,0.0,0.0,0.0,0.0
00-0036196,2022,16,0.0,0.0,0.0,0.0,0.0,0.0,0.0
00-0036212,2022,1,1.0,0.0,0.0,0.0,0.0,0.0,0.0
00-0036212,2022,2,2.0,1.0,0.0,0.0,0.0,0.0,0.0
00-0036212,2022,3,0.0,0.0,0.0,0.0,0.0,0.0,0.0
00-0036212,2022,7,0.0,0.0,0.0,0.0,0.0,0.0,0.0
00-0036212,2022,8,0.0,0.0,0.0,0.0,0.0,0.0,0.0
00-0036212,2022,9,0.0,0.0,0.0,0.0,0.0,0.0,0.0
00-0036212,2022,10,0.0,0.0,0.0,0.0,0.0,0.0,0.0
00-0036212,2022,12,0.0,0.0,0.0,0.0,0.0,0.0,0.0
00-0036212,2022,13,2.0,1.0,0.0,0.0,0.0,0.0,0.0
00-0036212,2022,14,1.0,1.0,0.0,0.0,0.0,0.0,0.0
00-0036212,2022,15,1.0,1.0,0.0,0.0,0.0,0.0,0.0
00-0036212,2022,16,1.0,1.0,0.0,0.0,0.0,0.0,0.0
00-0036219,2022,3,0.0,0.0,0.0,0.0,0.0,0.0,0.0
00-0036223,2022,1,0.0,0.0,0.0,0.0,0.0,0.0,0.0
00-0036223,2022,10,0.0,0.0,0.0,0.0,1.0,1.0,0.0
00-0036223,2022,11,0.0,0.0,0.0,0.0,0.0,0.0,0.0
00-0036223,2022,12,0.0,0.0,0.0,0.0,0.0,0.0,0.0
00-0036232,2022,10,0.0,0.0,0.0,0.0,0.0,0.0,0.0
00-0036233,2022,11,0.0,0.0,0.0,0.0,0.0,0.0,0.0
00-0036233,2022,15,0.0,0.0,0.0,0.0,0.0,0.0,0.0
00-0036233,2022,17,0.0,0.0,0.0,0.0,0.0,0.0,0.0
00-0036244,2022,1,0.0,0.0,0.0,0.0,0.0,0.0,0.0
00-0036244,2022,17,0.0,0.0,0.0,0.0,0.0,0.0,0.0
00-0036251,2022,18,0.0,0.0,0.0,0.0,0.0,0.0,0.0
00-0036252,2022,1,0.0,0.0,0.0,0.0,0.0,0.0,0.0
00-0036252,2022,12,0.0,0.0,0.0,0.0,0.0,0.0,0.0
00-0036252,2022,17,0.0,0.0,0.0,0.0,0.0,0.0,0.0
00-0036252,2022,18,0.0,0.0,0.0,0.0,0.0,0.0,0.0
00-0036259,2022,12,0.0,0.0,0.0,0.0,0.0,0.0,0.0
00-0036261,2022,3,0.0,0.0,0.0,0.0,0.0,0.0,0.0
00-0036261,2022,6,0.0,0.0,0.0,0.0,0.0,0.0,0.0
00-0036261,2022,8,0.0,0.0,0.0,0.0,0.0,0.0,0.0
00-0036261,2022,11,0.0,0.0,0.0,0.0,0.0,0.0,0.0
00-0036261,2022,14,0.0,0.0,0.0,0.0,0.0,0.0,0.0
00-0036261,2022,17,0.0,0.0,0.0,0.0,0.0,0.0,0.0
00-0036264,2022,12,1.0,1.0,0.0,0.0,0.0,0.0,0.0
00-0036265,2022,1,0.0,0.0,0.0,0.0,0.0,0.0,0.0
00-0036265,2022,12,0.0,0.0,0.0,0.0,0.0,0.0,0.0
00-0036265,2022,13,0.0,0.0,0.0,0.0,0.0,0.0,0.0
00-0036265,2022,15,0.0,0.0,0.0,0.0,0.0,0.0,0.0
00-0036265,2022,16,0.0,0.0,0.0,0.0,0.0,0.0,0.0
00-0036265,2022,17,0.0,0.0,0.0,0.0,0.0,0.0,0.0
00-0036268,2022,3,0.0,0.0,1.0,1.0,0.0,0.0,0.0
00-0036268,2022,10,0.0,0.0,0.0,0.0,1.0,0.0,0.0
00-0036271,2022,2,0.0,0.0,1.0,1.0,0.0,0.0,0.0
00-0036271,2022,11,0.0,0.0,0.0,0.0,0.0,0.0,0.0
00-0036271,2022,12,0.0,0.0,0.0,0.0,0.0,0.0,0.0
00-0036275,2022,1,0.0,0.0,0.0,0.0,0.0,0.0,0.0
00-0036275,2022,2,0.0,0.0,0.0,0.0,0.0,0.0,0.0
00-0036275,2022,8,0.0,0.0,0.0,0.0,0.0,0.0,0.0
00-0036275,2022,10,0.0,0.0,0.0,0.0,0.0,0.0,0.0
00-0036275,2022,11,0.0,0.0,0.0,0.0,0.0,0.0,0.0
00-0036275,2022,13,0.0,0.0,0.0,0.0,0.0,0.0,0.0
00-0036275,2022,17,0.0,0.0,0.0,0.0,0.0,0.0,0.0
00-0036290,2022,8,0.0,0.0,0.0,0.0,0.0,0.0,0.0
00-0036290,2022,9,0.0,0.0,0.0,0.0,0.0,0.0,0.0
00-0036290,2022,10,0.0,0.0,1.0,1.0,0.0,0.0,0.0
00-0036290,2022,17,0.0,0.0,0.0,0.0,0.0,0.0,0.0
00-0036290,2022,18,0.0,0.0,0.0,0.0,0.0,0.0,0.0
00-0036309,2022,9,0.0,0.0,0.0,0.0,0.0,0.0,0.0
00-0036309,2022,11,0.0,0.0,0.0,0.0,0.0,0.0,0.0
00-0036322,2022,1,0.0,0.0,0.0,0.0,0.0,0.0,0.0
00-0036322,2022,4,0.0,0.0,0.0,0.0,0.0,0.0,0.0
00-0036322,2022,9,0.0,0.0,0.0,0.0,0.0,0.0,0.0
00-0036322,2022,10,0.0,0.0,0.0,0.0,0.0,0.0,0.0
00-0036322,2022,12,0.0,0.0,0.0,0.0,0.0,0.0,0.0
00-0036322,2022,13,0.0,0.0,0.0,0.0,0.0,0.0,0.0
00-0036322,2022,15,0.0,0.0,0.0,0.0,0.0,0.0,0.0
00-0036322,2022,16,0.0,0.0,0.0,0.0,0.0,0.0,0.0
00-0036326,2022,6,0.0,0.0,0.0,0.0,0.0,0.0,0.0
00-0036326,2022,8,0.0,0.0,0.0,0.0,0.0,0.0,0.0
00-0036328,2022,2,0.0,0.0,0.0,0.0,0.0,0.0,0.0
00-0036328,2022,3,0.0,0.0,0.0,0.0,0.0,0.0,0.0
00-0036328,2022,7,0.0,0.0,0.0,0.0,0.0,0.0,0.0
00-0036328,2022,8,0.0,0.0,0.0,0.0,0.0,0.0,0.0
00-0036328,2022,10,0.0,0.0,0.0,0.0,0.0,0.0,0.0
00-0036331,2022,1,0.0,0.0,0.0,0.0,0.0,0.0,0.0
00-0036331,2022,3,0.0,0.0,0.0,0.0,0.0,0.0,0.0
00-0036331,2022,8,0.0,0.0,0.0,0.0,0.0,0.0,0.0
00-0036345,2022,3,0.0,0.0,0.0,0.0,0.0,0.0,0.0
00-0036345,2022,8,0.0,0.0,0.0,0.0,0.0,0.0,0.0
00-0036345,2022,14,0.0,0.0,0.0,0.0,0.0,0.0,0.0
00-0036345,2022,15,0.0,0.0,0.0,0.0,0.0,0.0,0.0
00-0036345,2022,17,0.0,0.0,0.0,0.0,0.0,0.0,0.0
00-0036355,2022,1,0.0,0.0,0.0,0.0,0.0,0.0,0.0
00-0036355,2022,2,0.0,0.0,0.0,0.0,0.0,0.0,1.0
00-0036355,2022,3,0.0,0.0,0.0,0.0,0.0,0.0,0.0
00-0036355,2022,4,0.0,0.0,0.0,0.0,0.0,0.0,0.0
00-0036355,2022,5,0.0,0.0,0.0,0.0,0.0,0.0,0.0
00-0036355,2022,7,0.0,0.0,0.0,0.0,0.0,0.0,0.0
00-0036355,2022,9,0.0,0.0,0.0,0.0,0.0,0.0,0.0
00-0036355,2022,10,0.0,0.0,0.0,0.0,0.0,0.0,0.0
00-0036355,2022,11,1.0,1.0,0.0,0.0,0.0,0.0,0.0
00-0036355,2022,12,0.0,0.0,0.0,0.0,0.0,0.0,0.0
00-0036355,2022,13,0.0,0.0,0.0,0.0,0.0,0.0,0.0
00-0036355,2022,14,0.0,0.0,0.0,0.0,0.0,0.0,0.0
00-0036355,2022,17,0.0,0.0,0.0,0.0,0.0,0.0,0.0
00-0036355,2022,18,0.0,0.0,0.0,0.0,0.0,0.0,0.0
00-0036358,2022,3,0.0,0.0,0.0,0.0,0.0,0.0,0.0
00-0036358,2022,4,0.0,0.0,0.0,0.0,0.0,0.0,0.0
00-0036358,2022,8,0.0,0.0,0.0,0.0,0.0,0.0,0.0
00-0036358,2022,10,0.0,0.0,0.0,0.0,0.0,0.0,0.0
00-0036358,2022,13,0.0,0.0,0.0,0.0,0.0,0.0,0.0
00-0036358,2022,16,0.0,0.0,0.0,0.0,0.0,0.0,0.0
00-0036358,2022,18,0.0,0.0,0.0,0.0,0.0,0.0,0.0
00-0036360,2022,1,0.0,0.0,0.0,0.0,0.0,0.0,0.0
00-0036360,2022,3,0.0,0.0,0.0,0.0,0.0,0.0,0.0
00-0036360,2022,4,0.0,0.0,0.0,0.0,0.0,0.0,0.0
00-0036360,2022,7,0.0,0.0,0.0,0.0,0.0,0.0,0.0
00-0036370,2022,5,0.0,0.0,0.0,0.0,0.0,0.0,0.0
00-0036370,2022,15,0.0,0.0,0.0,0.0,0.0,0.0,0.0
00-0036383,2022,5,0.0,0.0,0.0,0.0,0.0,0.0,0.0
00-0036383,2022,7,0.0,0.0,0.0,0.0,0.0,0.0,0.0
00-0036387,2022,5,0.0,0.0,0.0,0.0,0.0,0.0,0.0
00-0036389,2022,1,0.0,0.0,0.0,0.0,0.0,0.0,0.0
00-0036389,2022,2,1.0,1.0,0.0,0.0,0.0,0.0,0.0
00-0036389,2022,3,0.0,0.0,0.0,0.0,0.0,0.0,0.0
00-0036389,2022,4,0.0,0.0,0.0,0.0,0.0,0.0,1.0
00-0036389,2022,5,0.0,0.0,0.0,0.0,0.0,0.0,0.0
00-0036389,2022,6,0.0,0.0,0.0,0.0,0.0,0.0,0.0
00-0036389,2022,8,0.0,0.0,0.0,0.0,0.0,0.0,0.0
00-0036389,2022,9,0.0,0.0,0.0,0.0,0.0,0.0,0.0
00-0036389,2022,10,0.0,0.0,0.0,0.0,0.0,0.0,0.0
00-0036389,2022,11,0.0,0.0,0.0,0.0,0.0,0.0,0.0
00-0036389,2022,12,0.0,0.0,0.0,0.0,0.0,0.0,0.0
00-0036389,2022,13,1.0,0.0,0.0,0.0,0.0,0.0,0.0
00-0036389,2022,14,1.0,0.0,0.0,0.0,0.0,0.0,0.0
00-0036389,2022,15,0.0,0.0,0.0,0.0,0.0,0.0,0.0
00-0036407,2022,1,0.0,0.0,1.0,1.0,0.0,0.0,0.0
00-0036407,2022,4,0.0,0.0,0.0,0.0,0.0,0.0,0.0
00-0036407,2022,8,0.0,0.0,0.0,0.0,0.0,0.0,0.0
00-0036407,2022,14,0.0,0.0,0.0,0.0,0.0,0.0,0.0
00-0036410,2022,2,0.0,0.0,0.0,0.0,0.0,0.0,0.0
00-0036410,2022,4,0.0,0.0,1.0,1.0,0.0,0.0,0.0
00-0036410,2022,8,0.0,0.0,1.0,0.0,0.0,0.0,0.0
00-0036410,2022,12,0.0,0.0,0.0,0.0,0.0,0.0,0.0
00-0036410,2022,13,0.0,0.0,0.0,0.0,0.0,0.0,0.0
00-0036410,2022,15,0.0,0.0,0.0,0.0,0.0,0.0,0.0
00-0036410,2022,16,0.0,0.0,0.0,0.0,0.0,0.0,0.0
00-0036414,2022,3,0.0,0.0,0.0,0.0,0.0,0.0,0.0
00-0036414,2022,13,0.0,0.0,0.0,0.0,0.0,0.0,0.0
00-0036414,2022,14,0.0,0.0,0.0,0.0,0.0,0.0,0.0
00-0036414,2022,16,0.0,0.0,0.0,0.0,0.0,0.0,0.0
00-0036415,2022,10,0.0,0.0,0.0,0.0,0.0,0.0,0.0
00-0036415,2022,12,0.0,0.0,0.0,0.0,0.0,0.0,0.0
00-0036415,2022,14,0.0,0.0,0.0,0.0,0.0,0.0,0.0
00-0036422,2022,5,0.0,0.0,0.0,0.0,0.0,0.0,0.0
00-0036423,2022,17,0.0,0.0,0.0,0.0,0.0,0.0,0.0
00-0036442,2022,1,0.0,0.0,0.0,0.0,0.0,0.0,1.0
00-0036442,2022,2,0.0,0.0,0.0,0.0,0.0,0.0,0.0
00-0036442,2022,3,1.0,1.0,0.0,0.0,0.0,0.0,0.0
00-0036442,2022,4,1.0,1.0,0.0,0.0,0.0,0.0,0.0
00-0036442,2022,5,0.0,0.0,0.0,0.0,0.0,0.0,0.0
00-0036442,2022,6,1.0,1.0,0.0,0.0,0.0,0.0,0.0
00-0036442,2022,7,2.0,1.0,0.0,0.0,0.0,0.0,0.0
00-0036442,2022,8,1.0,0.0,0.0,0.0,0.0,0.0,0.0
00-0036442,2022,9,0.0,0.0,0.0,0.0,0.0,0.0,0.0
00-0036442,2022,11,0.0,0.0,0.0,0.0,0.0,0.0,0.0
00-0036442,2022,12,0.0,0.0,0.0,0.0,0.0,0.0,0.0
00-0036442,2022,13,0.0,0.0,0.0,0.0,0.0,0.0,0.0
00-0036442,2022,14,1.0,0.0,0.0,0.0,0.0,0.0,0.0
00-0036442,2022,15,0.0,0.0,0.0,0.0,0.0,0.0,0.0
00-0036442,2022,16,0.0,0.0,0.0,0.0,0.0,0.0,1.0
00-0036442,2022,18,0.0,0.0,0.0,0.0,0.0,0.0,0.0
00-0036493,2022,6,0.0,0.0,0.0,0.0,0.0,0.0,0.0
00-0036493,2022,15,0.0,0.0,0.0,0.0,0.0,0.0,0.0
00-0036534,2022,9,0.0,0.0,0.0,0.0,0.0,0.0,0.0
00-0036534,2022,16,0.0,0.0,0.0,0.0,0.0,0.0,0.0
00-0036550,2022,1,0.0,0.0,1.0,1.0,0.0,0.0,0.0
00-0036550,2022,2,0.0,0.0,1.0,1.0,0.0,0.0,0.0
00-0036554,2022,10,0.0,0.0,0.0,0.0,0.0,0.0,0.0
00-0036554,2022,13,0.0,0.0,0.0,0.0,0.0,0.0,0.0
00-0036555,2022,7,0.0,0.0,0.0,0.0,0.0,0.0,0.0
00-0036555,2022,14,0.0,0.0,0.0,0.0,0.0,0.0,0.0
00-0036567,2022,18,0.0,0.0,0.0,0.0,0.0,0.0,0.0
00-0036569,2022,5,0.0,0.0,0.0,0.0,0.0,0.0,0.0
00-0036572,2022,14,0.0,0.0,0.0,0.0,0.0,0.0,0.0
00-0036572,2022,17,0.0,0.0,0.0,0.0,0.0,0.0,0.0
00-0036590,2022,15,0.0,0.0,0.0,0.0,0.0,0.0,0.0
00-0036613,2022,1,0.0,0.0,1.0,0.0,0.0,0.0,0.0
00-0036613,2022,2,0.0,0.0,0.0,0.0,0.0,0.0,0.0
00-0036613,2022,8,0.0,0.0,0.0,0.0,0.0,0.0,0.0
00-0036613,2022,9,0.0,0.0,0.0,0.0,0.0,0.0,0.0
00-0036613,2022,15,0.0,0.0,1.0,1.0,0.0,0.0,0.0
00-0036613,2022,16,0.0,0.0,1.0,1.0,0.0,0.0,0.0
00-0036626,2022,5,0.0,0.0,1.0,1.0,0.0,0.0,0.0
00-0036628,2022,12,0.0,0.0,0.0,0.0,0.0,0.0,0.0
00-0036637,2022,4,0.0,0.0,0.0,0.0,0.0,0.0,0.0
00-0036637,2022,10,0.0,0.0,0.0,0.0,0.0,0.0,0.0
00-0036671,2022,9,0.0,0.0,0.0,0.0,0.0,0.0,0.0
00-0036754,2022,10,0.0,0.0,0.0,0.0,0.0,0.0,0.0
00-0036754,2022,15,0.0,0.0,1.0,1.0,0.0,0.0,0.0
00-0036754,2022,17,0.0,0.0,0.0,0.0,0.0,0.0,0.0
00-0036829,2022,4,0.0,0.0,0.0,0.0,0.0,0.0,0.0
00-0036849,2022,11,0.0,0.0,1.0,1.0,0.0,0.0,0.0
00-0036849,2022,18,0.0,0.0,0.0,0.0,0.0,0.0,0.0
00-0036857,2022,13,0.0,0.0,0.0,0.0,0.0,0.0,0.0
00-0036862,2022,6,0.0,0.0,0.0,0.0,0.0,0.0,0.0
00-0036875,2022,3,0.0,0.0,0.0,0.0,0.0,0.0,0.0
00-0036875,2022,6,0.0,0.0,0.0,0.0,0.0,0.0,0.0
00-0036875,2022,7,0.0,0.0,0.0,0.0,0.0,0.0,0.0
00-0036875,2022,9,0.0,0.0,0.0,0.0,0.0,0.0,0.0
00-0036875,2022,15,0.0,0.0,0.0,0.0,0.0,0.0,0.0
00-0036879,2022,9,0.0,0.0,0.0,0.0,0.0,0.0,1.0
00-0036879,2022,17,0.0,0.0,0.0,0.0,0.0,0.0,0.0
00-0036879,2022,18,0.0,0.0,0.0,0.0,0.0,0.0,1.0
00-0036893,2022,1,0.0,0.0,0.0,0.0,0.0,0.0,0.0
00-0036893,2022,3,0.0,0.0,0.0,0.0,0.0,0.0,0.0
00-0036893,2022,6,0.0,0.0,0.0,0.0,0.0,0.0,0.0
00-0036893,2022,11,0.0,0.0,0.0,0.0,0.0,0.0,0.0
00-0036893,2022,12,0.0,0.0,0.0,0.0,0.0,0.0,0.0
00-0036893,2022,14,0.0,0.0,0.0,0.0,0.0,0.0,0.0
00-0036893,2022,15,0.0,0.0,0.0,0.0,0.0,0.0,0.0
00-0036893,2022,17,0.0,0.0,0.0,0.0,0.0,0.0,0.0
00-0036893,2022,18,0.0,0.0,0.0,0.0,0.0,0.0,0.0
00-0036894,2022,2,0.0,0.0,0.0,0.0,0.0,0.0,0.0
00-0036894,2022,14,0.0,0.0,0.0,0.0,0.0,0.0,0.0
00-0036898,2022,1,0.0,0.0,0.0,0.0,0.0,0.0,0.0
00-0036898,2022,3,0.0,0.0,0.0,0.0,0.0,0.0,0.0
00-0036898,2022,4,0.0,0.0,0.0,0.0,0.0,0.0,0.0
00-0036898,2022,7,0.0,0.0,0.0,0.0,0.0,0.0,1.0
00-0036898,2022,8,0.0,0.0,0.0,0.0,0.0,0.0,0.0
00-0036898,2022,9,0.0,0.0,0.0,0.0,0.0,0.0,0.0
00-0036898,2022,10,0.0,0.0,0.0,0.0,0.0,0.0,0.0
00-0036898,2022,11,0.0,0.0,0.0,0.0,0.0,0.0,1.0
00-0036898,2022,15,0.0,0.0,0.0,0.0,0.0,0.0,0.0
00-0036898,2022,16,0.0,0.0,0.0,0.0,0.0,0.0,0.0
00-0036898,2022,18,0.0,0.0,0.0,0.0,0.0,0.0,1.0
00-0036900,2022,1,0.0,0.0,0.0,0.0,0.0,0.0,0.0
00-0036900,2022,3,0.0,0.0,0.0,0.0,0.0,0.0,0.0
00-0036900,2022,6,0.0,0.0,1.0,1.0,0.0,0.0,0.0
00-0036900,2022,7,0.0,0.0,1.0,0.0,0.0,0.0,0.0
00-0036900,2022,14,0.0,0.0,0.0,0.0,0.0,0.0,0.0
00-0036900,2022,15,0.0,0.0,0.0,0.0,0.0,0.0,0.0
00-0036900,2022,18,0.0,0.0,0.0,0.0,0.0,0.0,0.0
00-0036906,2022,1,0.0,0.0,0.0,0.0,0.0,0.0,0.0
00-0036906,2022,3,0.0,0.0,0.0,0.0,0.0,0.0,0.0
00-0036906,2022,7,0.0,0.0,0.0,0.0,0.0,0.0,0.0
00-0036906,2022,8,0.0,0.0,0.0,0.0,0.0,0.0,0.0
00-0036912,2022,3,0.0,0.0,0.0,0.0,0.0,0.0,0.0
00-0036912,2022,6,0.0,0.0,0.0,0.0,0.0,0.0,0.0
00-0036912,2022,10,0.0,0.0,0.0,0.0,0.0,0.0,0.0
00-0036912,2022,13,0.0,0.0,0.0,0.0,0.0,0.0,0.0
00-0036912,2022,14,0.0,0.0,1.0,0.0,0.0,0.0,0.0
00-0036912,2022,16,0.0,0.0,0.0,0.0,0.0,0.0,0.0
00-0036913,2022,10,0.0,0.0,0.0,0.0,0.0,0.0,0.0
00-0036913,2022,16,0.0,0.0,0.0,0.0,0.0,0.0,0.0
00-0036913,2022,18,0.0,0.0,0.0,0.0,0.0,0.0,0.0
00-0036919,2022,1,0.0,0.0,0.0,0.0,0.0,0.0,0.0
00-0036919,2022,4,0.0,0.0,0.0,0.0,0.0,0.0,0.0
00-0036919,2022,9,0.0,0.0,0.0,0.0,0.0,0.0,0.0
00-0036919,2022,12,0.0,0.0,0.0,0.0,0.0,0.0,0.0
00-0036924,2022,5,0.0,0.0,0.0,0.0,0.0,0.0,0.0
00-0036924,2022,9,0.0,0.0,0.0,0.0,0.0,0.0,0.0
00-0036936,2022,8,0.0,0.0,0.0,0.0,0.0,0.0,0.0
00-0036945,2022,1,1.0,1.0,0.0,0.0,0.0,0.0,0.0
00-0036945,2022,2,0.0,0.0,0.0,0.0,0.0,0.0,0.0
00-0036945,2022,5,0.0,0.0,0.0,0.0,0.0,0.0,0.0
00-0036945,2022,6,1.0,0.0,0.0,0.0,0.0,0.0,0.0
00-0036945,2022,7,0.0,0.0,0.0,0.0,0.0,0.0,0.0
00-0036945,2022,8,0.0,0.0,0.0,0.0,0.0,0.0,0.0
00-0036945,2022,9,0.0,0.0,0.0,0.0,1.0,1.0,0.0
00-0036945,2022,10,1.0,1.0,0.0,0.0,1.0,1.0,1.0
00-0036945,2022,11,0.0,0.0,0.0,0.0,0.0,0.0,0.0
00-0036945,2022,13,0.0,0.0,0.0,0.0,1.0,1.0,0.0
00-0036945,2022,15,0.0,0.0,0.0,0.0,0.0,0.0,0.0
00-0036945,2022,16,0.0,0.0,0.0,0.0,0.0,0.0,0.0
00-0036945,2022,17,0.0,0.0,0.0,0.0,0.0,0.0,0.0
00-0036950,2022,5,0.0,0.0,0.0,0.0,0.0,0.0,0.0
00-0036955,2022,9,0.0,0.0,0.0,0.0,0.0,0.0,0.0
00-0036963,2022,1,0.0,0.0,0.0,0.0,0.0,0.0,0.0
00-0036963,2022,2,0.0,0.0,0.0,0.0,0.0,0.0,0.0
00-0036963,2022,12,0.0,0.0,0.0,0.0,0.0,0.0,0.0
00-0036963,2022,13,0.0,0.0,0.0,0.0,0.0,0.0,0.0
00-0036970,2022,6,0.0,0.0,0.0,0.0,0.0,0.0,0.0
00-0036970,2022,8,0.0,0.0,0.0,0.0,0.0,0.0,0.0
00-0036971,2022,1,0.0,0.0,0.0,0.0,0.0,0.0,0.0
00-0036971,2022,2,0.0,0.0,0.0,0.0,0.0,0.0,0.0
00-0036971,2022,3,0.0,0.0,0.0,0.0,0.0,0.0,0.0
00-0036971,2022,4,0.0,0.0,0.0,0.0,0.0,0.0,0.0
00-0036971,2022,6,0.0,0.0,0.0,0.0,0.0,0.0,0.0
00-0036971,2022,7,0.0,0.0,0.0,0.0,0.0,0.0,0.0
00-0036971,2022,8,0.0,0.0,0.0,0.0,0.0,0.0,0.0
00-0036971,2022,9,0.0,0.0,0.0,0.0,0.0,0.0,0.0
00-0036971,2022,10,0.0,0.0,0.0,0.0,0.0,0.0,0.0
00-0036971,2022,12,0.0,0.0,0.0,0.0,0.0,0.0,0.0
00-0036971,2022,13,0.0,0.0,0.0,0.0,0.0,0.0,0.0
00-0036971,2022,14,0.0,0.0,0.0,0.0,0.0,0.0,0.0
00-0036971,2022,15,1.0,1.0,0.0,0.0,0.0,0.0,0.0
00-0036971,2022,16,0.0,0.0,0.0,0.0,0.0,0.0,0.0
00-0036971,2022,18,0.0,0.0,0.0,0.0,0.0,0.0,0.0
00-0036972,2022,1,0.0,0.0,0.0,0.0,0.0,0.0,0.0
00-0036972,2022,2,1.0,0.0,0.0,0.0,0.0,0.0,0.0
00-0036972,2022,3,0.0,0.0,0.0,0.0,0.0,0.0,0.0
00-0036972,2022,8,0.0,0.0,0.0,0.0,0.0,0.0,0.0
00-0036972,2022,9,0.0,0.0,0.0,0.0,0.0,0.0,0.0
00-0036972,2022,12,0.0,0.0,0.0,0.0,0.0,0.0,0.0
00-0036972,2022,13,1.0,0.0,0.0,0.0,0.0,0.0,0.0
00-0036972,2022,16,1.0,0.0,0.0,0.0,0.0,0.0,0.0
00-0036972,2022,17,0.0,0.0,0.0,0.0,0.0,0.0,0.0
00-0036972,2022,18,0.0,0.0,0.0,0.0,0.0,0.0,0.0
00-0036973,2022,7,0.0,0.0,0.0,0.0,0.0,0.0,0.0
00-0036973,2022,8,0.0,0.0,0.0,0.0,0.0,0.0,0.0
00-0036973,2022,9,0.0,0.0,0.0,0.0,0.0,0.0,0.0
00-0036973,2022,17,0.0,0.0,0.0,0.0,1.0,1.0,0.0
00-0036980,2022,12,0.0,0.0,0.0,0.0,0.0,0.0,0.0
00-0036988,2022,2,0.0,0.0,0.0,0.0,0.0,0.0,0.0
00-0036988,2022,11,0.0,0.0,1.0,1.0,0.0,0.0,0.0
00-0036991,2022,14,0.0,0.0,0.0,0.0,0.0,0.0,0.0
00-0036999,2022,12,0.0,0.0,0.0,0.0,0.0,0.0,0.0
00-0037005,2022,7,0.0,0.0,0.0,0.0,0.0,0.0,0.0
00-0037005,2022,9,0.0,0.0,0.0,0.0,0.0,0.0,0.0
00-0037005,2022,17,0.0,0.0,0.0,0.0,0.0,0.0,0.0
00-0037013,2022,4,0.0,0.0,0.0,0.0,0.0,0.0,0.0
00-0037013,2022,5,0.0,0.0,0.0,0.0,0.0,0.0,0.0
00-0037013,2022,8,0.0,0.0,0.0,0.0,0.0,0.0,0.0
00-0037013,2022,9,0.0,0.0,0.0,0.0,0.0,0.0,0.0
00-0037013,2022,15,1.0,0.0,0.0,0.0,0.0,0.0,0.0
00-0037077,2022,18,0.0,0.0,0.0,0.0,0.0,0.0,0.0
00-0037085,2022,18,0.0,0.0,0.0,0.0,0.0,0.0,0.0
00-0037098,2022,8,0.0,0.0,0.0,0.0,0.0,0.0,0.0
00-0037157,2022,14,0.0,0.0,0.0,0.0,0.0,0.0,0.0
00-0037197,2022,1,0.0,0.0,0.0,0.0,0.0,0.0,0.0
00-0037197,2022,12,0.0,0.0,0.0,0.0,0.0,0.0,0.0
00-0037197,2022,13,0.0,0.0,0.0,0.0,0.0,0.0,0.0
00-0037197,2022,17,0.0,0.0,0.0,0.0,0.0,0.0,0.0
00-0037197,2022,18,0.0,0.0,0.0,0.0,0.0,0.0,0.0
00-0037228,2022,15,0.0,0.0,0.0,0.0,0.0,0.0,0.0
00-0037238,2022,2,0.0,0.0,0.0,0.0,0.0,0.0,0.0
00-0037238,2022,3,0.0,0.0,0.0,0.0,0.0,0.0,0.0
00-0037238,2022,10,0.0,0.0,0.0,0.0,0.0,0.0,0.0
00-0037238,2022,11,0.0,0.0,0.0,0.0,0.0,0.0,0.0
00-0037239,2022,4,0.0,0.0,0.0,0.0,0.0,0.0,0.0
00-0037239,2022,5,0.0,0.0,0.0,0.0,0.0,0.0,0.0
00-0037239,2022,11,0.0,0.0,1.0,1.0,0.0,0.0,0.0
00-0037239,2022,18,0.0,0.0,0.0,0.0,0.0,0.0,0.0
00-0037240,2022,14,0.0,0.0,1.0,0.0,0.0,0.0,0.0
00-0037247,2022,7,0.0,0.0,0.0,0.0,0.0,0.0,0.0
00-0037247,2022,10,0.0,0.0,0.0,0.0,0.0,0.0,0.0
00-0037247,2022,11,0.0,0.0,0.0,0.0,0.0,0.0,0.0
00-0037247,2022,16,0.0,0.0,0.0,0.0,0.0,0.0,0.0
00-0037247,2022,18,0.0,0.0,0.0,0.0,0.0,0.0,0.0
00-0037248,2022,5,0.0,0.0,0.0,0.0,0.0,0.0,0.0
00-0037248,2022,15,0.0,0.0,0.0,0.0,0.0,0.0,0.0
00-0037248,2022,16,0.0,0.0,0.0,0.0,0.0,0.0,0.0
00-0037252,2022,6,0.0,0.0,0.0,0.0,0.0,0.0,0.0
00-0037252,2022,16,0.0,0.0,0.0,0.0,0.0,0.0,0.0
00-0037253,2022,13,0.0,0.0,1.0,0.0,0.0,0.0,0.0
00-0037256,2022,4,0.0,0.0,0.0,0.0,0.0,0.0,0.0
00-0037256,2022,13,0.0,0.0,0.0,0.0,0.0,0.0,0.0
00-0037256,2022,16,0.0,0.0,0.0,0.0,0.0,0.0,0.0
00-0037258,2022,3,0.0,0.0,0.0,0.0,0.0,0.0,0.0
00-0037258,2022,4,0.0,0.0,0.0,0.0,1.0,1.0,0.0
00-0037258,2022,5,0.0,0.0,0.0,0.0,0.0,0.0,0.0
00-0037258,2022,8,0.0,0.0,0.0,0.0,0.0,0.0,0.0
00-0037258,2022,14,0.0,0.0,0.0,0.0,0.0,0.0,0.0
00-0037261,2022,5,0.0,0.0,0.0,0.0,0.0,0.0,0.0
00-0037263,2022,7,0.0,0.0,0.0,0.0,0.0,0.0,0.0
00-0037263,2022,8,0.0,0.0,0.0,0.0,0.0,0.0,0.0
00-0037263,2022,15,0.0,0.0,0.0,0.0,0.0,0.0,0.0
00-0037263,2022,17,0.0,0.0,0.0,0.0,0.0,0.0,0.0
00-0037265,2022,17,0.0,0.0,0.0,0.0,0.0,0.0,0.0
00-0037277,2022,9,0.0,0.0,0.0,0.0,0.0,0.0,0.0
00-0037277,2022,15,0.0,0.0,0.0,0.0,0.0,0.0,0.0
00-0037282,2022,9,0.0,0.0,0.0,0.0,0.0,0.0,0.0
00-0037286,2022,14,0.0,0.0,0.0,0.0,0.0,0.0,0.0
00-0037291,2022,17,0.0,0.0,1.0,0.0,0.0,0.0,0.0
00-0037299,2022,7,0.0,0.0,0.0,0.0,0.0,0.0,0.0
00-0037304,2022,13,0.0,0.0,0.0,0.0,0.0,0.0,0.0
00-0037311,2022,12,0.0,0.0,0.0,0.0,0.0,0.0,0.0
00-0037327,2022,17,0.0,0.0,0.0,0.0,0.0,0.0,0.0
00-0037331,2022,1,0.0,0.0,0.0,0.0,0.0,0.0,0.0
00-0037331,2022,2,0.0,0.0,0.0,0.0,0.0,0.0,0.0
00-0037382,2022,12,0.0,0.0,0.0,0.0,0.0,0.0,0.0
00-0037387,2022,10,0.0,0.0,1.0,1.0,0.0,0.0,0.0
00-0037429,2022,9,0.0,0.0,0.0,0.0,0.0,0.0,0.0
00-0037429,2022,14,0.0,0.0,0.0,0.0,0.0,0.0,0.0
00-0037429,2022,16,0.0,0.0,0.0,0.0,0.0,0.0,0.0
00-0037525,2022,17,0.0,0.0,0.0,0.0,0.0,0.0,0.0
00-0037545,2022,6,0.0,0.0,0.0,0.0,1.0,0.0,0.0
00-0037545,2022,7,0.0,0.0,1.0,1.0,0.0,0.0,0.0
00-0037545,2022,15,0.0,0.0,1.0,1.0,0.0,0.0,0.0
00-0037563,2022,13,0.0,0.0,0.0,0.0,0.0,0.0,0.0
00-0037569,2022,7,0.0,0.0,0.0,0.0,0.0,0.0,0.0
00-0037569,2022,12,0.0,0.0,0.0,0.0,0.0,0.0,0.0
00-0037569,2022,15,0.0,0.0,0.0,0.0,0.0,0.0,0.0
00-0037664,2022,6,0.0,0.0,0.0,0.0,0.0,0.0,0.0
00-0037664,2022,13,0.0,0.0,0.0,0.0,0.0,0.0,0.0
00-0037740,2022,2,0.0,0.0,0.0,0.0,0.0,0.0,0.0
00-0037740,2022,12,0.0,0.0,1.0,1.0,0.0,0.0,0.0
00-0037741,2022,1,0.0,0.0,0.0,0.0,0.0,0.0,0.0
00-0037741,2022,2,0.0,0.0,0.0,0.0,0.0,0.0,0.0
00-0037741,2022,4,0.0,0.0,0.0,0.0,0.0,0.0,0.0
00-0037741,2022,13,0.0,0.0,0.0,0.0,0.0,0.0,0.0
00-0037741,2022,15,0.0,0.0,0.0,0.0,0.0,0.0,0.0
00-0037741,2022,16,0.0,0.0,0.0,0.0,0.0,0.0,0.0
00-0037742,2022,13,0.0,0.0,0.0,0.0,0.0,0.0,0.0
00-0037744,2022,17,0.0,0.0,0.0,0.0,0.0,0.0,0.0
00-0037745,2022,5,0.0,0.0,0.0,0.0,0.0,0.0,0.0
00-0037745,2022,18,0.0,0.0,0.0,0.0,1.0,0.0,0.0
00-0037746,2022,6,0.0,0.0,0.0,0.0,0.0,0.0,0.0
00-0037746,2022,10,0.0,0.0,0.0,0.0,0.0,0.0,0.0
00-0037746,2022,12,0.0,0.0,0.0,0.0,0.0,0.0,0.0
00-0037755,2022,3,0.0,0.0,0.0,0.0,0.0,0.0,0.0
00-0037755,2022,6,0.0,0.0,0.0,0.0,0.0,0.0,0.0
00-0037809,2022,4,0.0,0.0,0.0,0.0,0.0,0.0,0.0
00-0037809,2022,14,0.0,0.0,0.0,0.0,0.0,0.0,0.0
00-0037809,2022,18,0.0,0.0,0.0,0.0,0.0,0.0,0.0
00-0037816,2022,3,0.0,0.0,0.0,0.0,0.0,0.0,0.0
00-0037816,2022,4,0.0,0.0,0.0,0.0,0.0,0.0,0.0
00-0037816,2022,8,0.0,0.0,0.0,0.0,0.0,0.0,0.0
00-0037834,2022,13,0.0,0.0,0.0,0.0,0.0,0.0,0.0
00-0037834,2022,14,0.0,0.0,0.0,0.0,0.0,0.0,0.0
00-0037834,2022,15,1.0,1.0,0.0,0.0,0.0,0.0,0.0
00-0037834,2022,16,0.0,0.0,0.0,0.0,0.0,0.0,0.0
00-0037834,2022,17,0.0,0.0,0.0,0.0,0.0,0.0,0.0
00-0037834,2022,18,0.0,0.0,0.0,0.0,0.0,0.0,0.0
00-0037838,2022,8,0.0,0.0,0.0,0.0,0.0,0.0,0.0
00-0037838,2022,9,0.0,0.0,0.0,0.0,0.0,0.0,0.0
00-0037838,2022,17,0.0,0.0,0.0,0.0,0.0,0.0,0.0
00-0038041,2022,6,0.0,0.0,0.0,0.0,0.0,0.0,0.0
00-0038041,2022,8,0.0,0.0,0.0,0.0,0.0,0.0,0.0
00-0038098,2022,14,0.0,0.0,0.0,0.0,0.0,0.0,0.0
00-0038102,2022,4,0.0,0.0,0.0,0.0,0.0,0.0,0.0
00-0038102,2022,6,0.0,0.0,0.0,0.0,0.0,0.0,0.0
00-0038102,2022,7,0.0,0.0,0.0,0.0,0.0,0.0,0.0
00-0038102,2022,10,0.0,0.0,0.0,0.0,0.0,0.0,0.0
00-0038102,2022,11,0.0,0.0,0.0,0.0,0.0,0.0,0.0
00-0038102,2022,13,0.0,0.0,0.0,0.0,0.0,0.0,0.0
00-0038102,2022,16,0.0,0.0,0.0,0.0,0.0,0.0,0.0
00-0038102,2022,17,0.0,0.0,0.0,0.0,0.0,0.0,0.0
00-0038102,2022,18,0.0,0.0,0.0,0.0,0.0,0.0,0.0
00-0038104,2022,6,0.0,0.0,0.0,0.0,0.0,0.0,0.0
00-0038104,2022,17,0.0,0.0,0.0,0.0,0.0,0.0,0.0
00-0038108,2022,4,0.0,0.0,0.0,0.0,0.0,0.0,0.0
00-0038108,2022,5,0.0,0.0,0.0,0.0,0.0,0.0,0.0
00-0038108,2022,6,0.0,0.0,0.0,0.0,0.0,0.0,0.0
00-0038108,2022,7,0.0,0.0,0.0,0.0,0.0,0.0,0.0
00-0038115,2022,2,0.0,0.0,0.0,0.0,0.0,0.0,0.0
00-0038115,2022,5,0.0,0.0,0.0,0.0,0.0,0.0,0.0
00-0038115,2022,6,0.0,0.0,0.0,0.0,0.0,0.0,0.0
00-0038117,2022,6,0.0,0.0,0.0,0.0,0.0,0.0,0.0
00-0038120,2022,2,0.0,0.0,0.0,0.0,0.0,0.0,0.0
00-0038120,2022,4,0.0,0.0,0.0,0.0,0.0,0.0,0.0
00-0038120,2022,5,0.0,0.0,0.0,0.0,0.0,0.0,0.0
00-0038120,2022,6,0.0,0.0,0.0,0.0,0.0,0.0,0.0
00-0038120,2022,7,0.0,0.0,0.0,0.0,1.0,1.0,0.0
00-0038122,2022,18,0.0,0.0,0.0,0.0,0.0,0.0,0.0
00-0038124,2022,4,0.0,0.0,0.0,0.0,0.0,0.0,0.0
00-0038124,2022,10,0.0,0.0,1.0,1.0,0.0,0.0,0.0
00-0038124,2022,11,0.0,0.0,0.0,0.0,0.0,0.0,0.0
00-0038124,2022,12,0.0,0.0,1.0,1.0,0.0,0.0,0.0
00-0038124,2022,13,0.0,0.0,0.0,0.0,1.0,0.0,0.0
00-0038128,2022,16,0.0,0.0,0.0,0.0,0.0,0.0,0.0
00-0038129,2022,9,0.0,0.0,0.0,0.0,0.0,0.0,0.0
00-0038129,2022,13,0.0,0.0,0.0,0.0,0.0,0.0,0.0
00-0038134,2022,5,0.0,0.0,0.0,0.0,1.0,1.0,0.0
00-0038134,2022,6,0.0,0.0,0.0,0.0,0.0,0.0,0.0
00-0038134,2022,7,0.0,0.0,0.0,0.0,1.0,1.0,0.0
00-0038134,2022,8,0.0,0.0,0.0,0.0,0.0,0.0,0.0
00-0038134,2022,9,0.0,0.0,0.0,0.0,0.0,0.0,0.0
00-0038134,2022,12,0.0,0.0,0.0,0.0,0.0,0.0,0.0
00-0024243,2023,16,0.0,0.0,0.0,0.0,0.0,0.0,0.0
00-0026158,2023,13,0.0,0.0,0.0,0.0,0.0,0.0,0.0
00-0026158,2023,14,1.0,0.0,0.0,0.0,0.0,0.0,0.0
00-0026158,2023,15,1.0,1.0,0.0,0.0,0.0,0.0,1.0
00-0026158,2023,16,1.0,1.0,0.0,0.0,0.0,0.0,0.0
00-0026158,2023,17,1.0,1.0,0.0,0.0,0.0,0.0,1.0
00-0026498,2023,2,0.0,0.0,0.0,0.0,0.0,0.0,0.0
00-0026498,2023,3,0.0,0.0,0.0,0.0,0.0,0.0,0.0
00-0026498,2023,4,0.0,0.0,0.0,0.0,0.0,0.0,0.0
00-0026498,2023,5,0.0,0.0,0.0,0.0,0.0,0.0,0.0
00-0026498,2023,6,0.0,0.0,0.0,0.0,0.0,0.0,0.0
00-0026498,2023,7,0.0,0.0,0.0,0.0,0.0,0.0,0.0
00-0026498,2023,8,0.0,0.0,0.0,0.0,0.0,0.0,1.0
00-0026498,2023,11,0.0,0.0,0.0,0.0,0.0,0.0,0.0
00-0026498,2023,12,0.0,0.0,0.0,0.0,0.0,0.0,0.0
00-0026498,2023,13,1.0,1.0,0.0,0.0,0.0,0.0,0.0
00-0026498,2023,14,0.0,0.0,0.0,0.0,0.0,0.0,0.0
00-0026498,2023,15,1.0,1.0,0.0,0.0,0.0,0.0,0.0
00-0026498,2023,16,0.0,0.0,0.0,0.0,0.0,0.0,0.0
00-0026498,2023,17,0.0,0.0,0.0,0.0,0.0,0.0,0.0
00-0026625,2023,7,0.0,0.0,0.0,0.0,0.0,0.0,1.0
00-0027696,2023,3,0.0,0.0,0.0,0.0,0.0,0.0,0.0
00-0027696,2023,13,0.0,0.0,0.0,0.0,0.0,0.0,0.0
00-0027696,2023,14,0.0,0.0,0.0,0.0,0.0,0.0,0.0
00-0027696,2023,15,0.0,0.0,0.0,0.0,0.0,0.0,0.0
00-0027944,2023,8,0.0,0.0,0.0,0.0,0.0,0.0,0.0
00-0027944,2023,17,0.0,0.0,0.0,0.0,0.0,0.0,0.0
00-0027973,2023,3,1.0,0.0,0.0,0.0,0.0,0.0,0.0
00-0028002,2023,14,0.0,0.0,0.0,0.0,0.0,0.0,0.0
00-0028118,2023,7,0.0,0.0,0.0,0.0,0.0,0.0,0.0
00-0028118,2023,16,1.0,1.0,0.0,0.0,0.0,0.0,0.0
00-0028118,2023,17,1.0,1.0,0.0,0.0,0.0,0.0,0.0
00-0028118,2023,18,0.0,0.0,0.0,0.0,0.0,0.0,0.0
00-0028986,2023,15,0.0,0.0,0.0,0.0,0.0,0.0,1.0
00-0029239,2023,15,0.0,0.0,0.0,0.0,0.0,0.0,0.0
00-0029263,2023,1,0.0,0.0,0.0,0.0,0.0,0.0,0.0
00-0029263,2023,2,2.0,2.0,0.0,0.0,0.0,0.0,0.0
00-0029263,2023,3,0.0,0.0,0.0,0.0,0.0,0.0,0.0
00-0029263,2023,4,0.0,0.0,0.0,0.0,0.0,0.0,0.0
00-0029263,2023,5,0.0,0.0,0.0,0.0,0.0,0.0,0.0
00-0029263,2023,6,0.0,0.0,0.0,0.0,0.0,0.0,0.0
00-0029263,2023,7,0.0,0.0,0.0,0.0,0.0,0.0,0.0
00-0029263,2023,8,0.0,0.0,0.0,0.0,0.0,0.0,0.0
00-0029263,2023,10,0.0,0.0,0.0,0.0,0.0,0.0,0.0
00-0029263,2023,11,0.0,0.0,0.0,0.0,0.0,0.0,0.0
00-0029263,2023,12,0.0,0.0,0.0,0.0,0.0,0.0,0.0
00-0029263,2023,13,1.0,0.0,0.0,0.0,0.0,0.0,0.0
00-0029263,2023,14,1.0,0.0,0.0,0.0,0.0,0.0,0.0
00-0029263,2023,15,0.0,0.0,0.0,0.0,0.0,0.0,0.0
00-0029263,2023,16,0.0,0.0,0.0,0.0,0.0,0.0,0.0
00-0029604,2023,1,0.0,0.0,0.0,0.0,0.0,0.0,0.0
00-0029604,2023,2,1.0,1.0,0.0,0.0,0.0,0.0,0.0
00-0029604,2023,3,1.0,1.0,0.0,0.0,0.0,0.0,0.0
00-0029604,2023,4,0.0,0.0,0.0,0.0,0.0,0.0,1.0
00-0029604,2023,5,0.0,0.0,0.0,0.0,0.0,0.0,0.0
00-0029604,2023,6,0.0,0.0,0.0,0.0,0.0,0.0,0.0
00-0029604,2023,7,1.0,1.0,0.0,0.0,0.0,0.0,0.0
00-0029604,2023,8,0.0,0.0,0.0,0.0,0.0,0.0,0.0
00-0029701,2023,2,0.0,0.0,0.0,0.0,0.0,0.0,0.0
00-0029701,2023,4,0.0,0.0,0.0,0.0,0.0,0.0,0.0
00-0029701,2023,18,0.0,0.0,0.0,0.0,0.0,0.0,0.0
00-0029892,2023,5,0.0,0.0,0.0,0.0,0.0,0.0,0.0
00-0029892,2023,10,0.0,0.0,0.0,0.0,0.0,0.0,0.0
00-0030035,2023,2,0.0,0.0,0.0,0.0,0.0,0.0,0.0
00-0030035,2023,3,0.0,0.0,0.0,0.0,0.0,0.0,0.0
00-0030035,2023,5,0.0,0.0,0.0,0.0,0.0,0.0,0.0
00-0030035,2023,6,0.0,0.0,0.0,0.0,0.0,0.0,0.0
00-0030061,2023,5,0.0,0.0,0.0,0.0,0.0,0.0,0.0
00-0030279,2023,2,0.0,0.0,0.0,0.0,0.0,0.0,0.0
00-0030279,2023,3,1.0,0.0,0.0,0.0,0.0,0.0,0.0
00-0030279,2023,4,0.0,0.0,0.0,0.0,0.0,0.0,0.0
00-0030279,2023,6,0.0,0.0,0.0,0.0,0.0,0.0,0.0
00-0030279,2023,10,0.0,0.0,0.0,0.0,0.0,0.0,0.0
00-0030279,2023,11,0.0,0.0,0.0,0.0,0.0,0.0,0.0
00-0030431,2023,6,0.0,0.0,0.0,0.0,0.0,0.0,0.0
00-0030506,2023,2,0.0,0.0,0.0,0.0,0.0,0.0,0.0
00-0030506,2023,3,0.0,0.0,0.0,0.0,0.0,0.0,0.0
00-0030506,2023,5,0.0,0.0,0.0,0.0,0.0,0.0,0.0
00-0030506,2023,7,0.0,0.0,0.0,0.0,0.0,0.0,0.0
00-0030506,2023,11,0.0,0.0,0.0,0.0,0.0,0.0,0.0
00-0030513,2023,2,0.0,0.0,0.0,0.0,0.0,0.0,0.0
00-0030513,2023,3,0.0,0.0,0.0,0.0,0.0,0.0,0.0
00-0030513,2023,10,0.0,0.0,0.0,0.0,0.0,0.0,0.0
00-0030513,2023,15,0.0,0.0,0.0,0.0,0.0,0.0,0.0
00-0030564,2023,8,0.0,0.0,2.0,1.0,0.0,0.0,0.0
00-0030564,2023,11,0.0,0.0,1.0,0.0,0.0,0.0,0.0
00-0030564,2023,13,0.0,0.0,0.0,0.0,0.0,0.0,0.0
00-0030564,2023,14,0.0,0.0,0.0,0.0,0.0,0.0,0.0
00-0030564,2023,18,0.0,0.0,0.0,0.0,0.0,0.0,0.0
00-0030565,2023,1,0.0,0.0,0.0,0.0,0.0,0.0,0.0
00-0030565,2023,2,0.0,0.0,0.0,0.0,0.0,0.0,0.0
00-0030565,2023,3,0.0,0.0,0.0,0.0,0.0,0.0,0.0
00-0030565,2023,4,0.0,0.0,0.0,0.0,0.0,0.0,0.0
00-0030565,2023,7,0.0,0.0,0.0,0.0,0.0,0.0,0.0
00-0030565,2023,8,0.0,0.0,0.0,0.0,0.0,0.0,0.0
00-0030565,2023,10,1.0,1.0,0.0,0.0,0.0,0.0,0.0
00-0030565,2023,11,0.0,0.0,0.0,0.0,0.0,0.0,0.0
00-0030565,2023,13,1.0,1.0,0.0,0.0,0.0,0.0,0.0
00-0030565,2023,16,0.0,0.0,0.0,0.0,0.0,0.0,0.0
00-0030565,2023,17,0.0,0.0,0.0,0.0,0.0,0.0,0.0
00-0030565,2023,18,0.0,0.0,0.0,0.0,0.0,0.0,0.0
00-0030578,2023,15,0.0,0.0,0.0,0.0,0.0,0.0,0.0
00-0031235,2023,9,0.0,0.0,0.0,0.0,0.0,0.0,0.0
00-0031235,2023,10,0.0,0.0,1.0,0.0,0.0,0.0,0.0
00-0031235,2023,14,0.0,0.0,1.0,0.0,0.0,0.0,0.0
00-0031236,2023,6,0.0,0.0,0.0,0.0,0.0,0.0,0.0
00-0031236,2023,8,0.0,0.0,0.0,0.0,0.0,0.0,0.0
00-0031236,2023,10,0.0,0.0,0.0,0.0,0.0,0.0,0.0
00-0031236,2023,12,0.0,0.0,0.0,0.0,0.0,0.0,0.0
00-0031236,2023,13,0.0,0.0,0.0,0.0,0.0,0.0,0.0
00-0031236,2023,16,0.0,0.0,0.0,0.0,0.0,0.0,0.0
00-0031236,2023,17,0.0,0.0,0.0,0.0,0.0,0.0,0.0
00-0031236,2023,18,0.0,0.0,0.0,0.0,0.0,0.0,0.0
00-0031260,2023,2,0.0,0.0,0.0,0.0,0.0,0.0,0.0
00-0031260,2023,5,0.0,0.0,0.0,0.0,0.0,0.0,0.0
00-0031260,2023,8,0.0,0.0,0.0,0.0,0.0,0.0,0.0
00-0031260,2023,16,0.0,0.0,0.0,0.0,0.0,0.0,0.0
00-0031280,2023,1,0.0,0.0,0.0,0.0,0.0,0.0,0.0
00-0031280,2023,3,0.0,0.0,0.0,0.0,0.0,0.0,0.0
00-0031280,2023,5,0.0,0.0,0.0,0.0,0.0,0.0,0.0
00-0031280,2023,6,0.0,0.0,0.0,0.0,0.0,0.0,0.0
00-0031280,2023,7,0.0,0.0,0.0,0.0,0.0,0.0,1.0
00-0031280,2023,8,1.0,1.0,0.0,0.0,0.0,0.0,0.0
00-0031280,2023,9,0.0,0.0,0.0,0.0,0.0,0.0,0.0
00-0031280,2023,12,0.0,0.0,0.0,0.0,0.0,0.0,1.0
00-0031280,2023,13,0.0,0.0,0.0,0.0,0.0,0.0,0.0
00-0031280,2023,14,0.0,0.0,0.0,0.0,0.0,0.0,0.0
00-0031280,2023,15,0.0,0.0,0.0,0.0,0.0,0.0,0.0
00-0031280,2023,16,1.0,0.0,0.0,0.0,0.0,0.0,0.0
00-0031280,2023,17,0.0,0.0,0.0,0.0,0.0,0.0,0.0
00-0031280,2023,18,0.0,0.0,0.0,0.0,0.0,0.0,0.0
00-0031345,2023,1,0.0,0.0,0.0,0.0,0.0,0.0,0.0
00-0031345,2023,2,0.0,0.0,0.0,0.0,0.0,0.0,0.0
00-0031345,2023,3,0.0,0.0,0.0,0.0,0.0,0.0,0.0
00-0031345,2023,5,0.0,0.0,0.0,0.0,0.0,0.0,0.0
00-0031345,2023,6,0.0,0.0,0.0,0.0,0.0,0.0,0.0
00-0031376,2023,3,0.0,0.0,0.0,0.0,0.0,0.0,0.0
00-0031376,2023,9,0.0,0.0,0.0,0.0,0.0,0.0,0.0
00-0031376,2023,14,0.0,0.0,0.0,0.0,0.0,0.0,0.0
00-0031376,2023,15,0.0,0.0,0.0,0.0,0.0,0.0,0.0
00-0031381,2023,2,0.0,0.0,0.0,0.0,0.0,0.0,0.0
00-0031381,2023,3,0.0,0.0,0.0,0.0,0.0,0.0,0.0
00-0031381,2023,11,0.0,0.0,1.0,0.0,0.0,0.0,0.0
00-0031381,2023,15,0.0,0.0,0.0,0.0,0.0,0.0,0.0
00-0031381,2023,17,0.0,0.0,0.0,0.0,0.0,0.0,0.0
00-0031381,2023,18,0.0,0.0,0.0,0.0,0.0,0.0,0.0
00-0031408,2023,1,0.0,0.0,0.0,0.0,0.0,0.0,0.0
00-0031408,2023,2,0.0,0.0,0.0,0.0,0.0,0.0,0.0
00-0031408,2023,3,0.0,0.0,0.0,0.0,0.0,0.0,0.0
00-0031408,2023,7,0.0,0.0,1.0,0.0,0.0,0.0,0.0
00-0031408,2023,8,0.0,0.0,0.0,0.0,0.0,0.0,0.0
00-0031408,2023,10,0.0,0.0,0.0,0.0,0.0,0.0,0.0
00-0031408,2023,11,0.0,0.0,0.0,0.0,0.0,0.0,0.0
00-0031408,2023,12,0.0,0.0,0.0,0.0,0.0,0.0,0.0
00-0031408,2023,13,0.0,0.0,1.0,1.0,0.0,0.0,0.0
00-0031408,2023,15,0.0,0.0,0.0,0.0,0.0,0.0,0.0
00-0031408,2023,16,0.0,0.0,0.0,0.0,0.0,0.0,0.0
00-0031503,2023,10,0.0,0.0,0.0,0.0,0.0,0.0,0.0
00-0031544,2023,3,0.0,0.0,1.0,0.0,0.0,0.0,0.0
00-0031544,2023,9,0.0,0.0,0.0,0.0,0.0,0.0,0.0
00-0031544,2023,15,0.0,0.0,1.0,1.0,0.0,0.0,0.0
00-0031544,2023,16,0.0,0.0,1.0,1.0,0.0,0.0,0.0
00-0031549,2023,2,0.0,0.0,0.0,0.0,0.0,0.0,0.0
00-0031549,2023,7,0.0,0.0,0.0,0.0,0.0,0.0,0.0
00-0031549,2023,11,0.0,0.0,0.0,0.0,0.0,0.0,0.0
00-0031549,2023,16,0.0,0.0,0.0,0.0,0.0,0.0,0.0
00-0031585,2023,13,0.0,0.0,0.0,0.0,0.0,0.0,0.0
00-0031588,2023,1,0.0,0.0,0.0,0.0,0.0,0.0,0.0
00-0031588,2023,4,0.0,0.0,1.0,1.0,0.0,0.0,0.0
00-0031588,2023,5,0.0,0.0,0.0,0.0,0.0,0.0,0.0
00-0031588,2023,7,0.0,0.0,0.0,0.0,0.0,0.0,0.0
00-0031588,2023,9,0.0,0.0,0.0,0.0,0.0,0.0,0.0
00-0031588,2023,12,0.0,0.0,0.0,0.0,0.0,0.0,0.0
00-0031610,2023,7,0.0,0.0,0.0,0.0,0.0,0.0,0.0
00-0031687,2023,1,0.0,0.0,0.0,0.0,0.0,0.0,0.0
00-0031687,2023,2,0.0,0.0,0.0,0.0,1.0,0.0,0.0
00-0031687,2023,3,0.0,0.0,0.0,0.0,0.0,0.0,0.0
00-0031687,2023,5,0.0,0.0,0.0,0.0,0.0,0.0,0.0
00-0031687,2023,6,0.0,0.0,0.0,0.0,0.0,0.0,0.0
00-0031687,2023,8,0.0,0.0,0.0,0.0,0.0,0.0,0.0
00-0031687,2023,9,0.0,0.0,0.0,0.0,0.0,0.0,0.0
00-0031687,2023,12,0.0,0.0,0.0,0.0,0.0,0.0,0.0
00-0031687,2023,13,0.0,0.0,0.0,0.0,0.0,0.0,0.0
00-0031687,2023,14,0.0,0.0,0.0,0.0,0.0,0.0,0.0
00-0031687,2023,15,0.0,0.0,0.0,0.0,0.0,0.0,0.0
00-0031687,2023,16,0.0,0.0,0.0,0.0,0.0,0.0,0.0
00-0031800,2023,8,0.0,0.0,0.0,0.0,0.0,0.0,0.0
00-0031800,2023,9,1.0,1.0,0.0,0.0,0.0,0.0,0.0
00-0031800,2023,10,0.0,0.0,0.0,0.0,0.0,0.0,0.0
00-0031800,2023,16,0.0,0.0,0.0,0.0,0.0,0.0,0.0
00-0031800,2023,17,1.0,1.0,0.0,0.0,0.0,0.0,0.0
00-0031941,2023,8,0.0,0.0,0.0,0.0,0.0,0.0,0.0
00-0032062,2023,1,0.0,0.0,0.0,0.0,0.0,0.0,0.0
00-0032134,2023,4,0.0,0.0,0.0,0.0,0.0,0.0,0.0
00-0032144,2023,17,0.0,0.0,0.0,0.0,0.0,0.0,0.0
00-0032156,2023,16,0.0,0.0,0.0,0.0,0.0,0.0,0.0
00-0032156,2023,17,0.0,0.0,0.0,0.0,0.0,0.0,1.0
00-0032211,2023,2,0.0,0.0,0.0,0.0,0.0,0.0,0.0
00-0032211,2023,8,0.0,0.0,0.0,0.0,0.0,0.0,0.0
00-0032211,2023,10,0.0,0.0,0.0,0.0,0.0,0.0,0.0
00-0032211,2023,18,0.0,0.0,0.0,0.0,0.0,0.0,0.0
00-0032268,2023,18,0.0,0.0,0.0,0.0,0.0,0.0,0.0
00-0032385,2023,10,0.0,0.0,0.0,0.0,0.0,0.0,0.0
00-0032436,2023,18,0.0,0.0,0.0,0.0,0.0,0.0,0.0
00-0032464,2023,2,0.0,0.0,0.0,0.0,0.0,0.0,0.0
00-0032543,2023,15,0.0,0.0,0.0,0.0,0.0,0.0,0.0
00-0032688,2023,3,0.0,0.0,1.0,1.0,0.0,0.0,0.0
00-0032764,2023,2,0.0,0.0,0.0,0.0,0.0,0.0,0.0
00-0032764,2023,4,0.0,0.0,0.0,0.0,0.0,0.0,0.0
00-0032764,2023,6,0.0,0.0,0.0,0.0,0.0,0.0,0.0
00-0032764,2023,9,0.0,0.0,0.0,0.0,0.0,0.0,0.0
00-0032764,2023,12,0.0,0.0,0.0,0.0,0.0,0.0,0.0
00-0032764,2023,13,0.0,0.0,0.0,0.0,0.0,0.0,0.0
00-0032764,2023,14,0.0,0.0,0.0,0.0,0.0,0.0,0.0
00-0032764,2023,16,0.0,0.0,0.0,0.0,0.0,0.0,0.0
00-0032764,2023,18,0.0,0.0,0.0,0.0,0.0,0.0,0.0
00-0032765,2023,7,0.0,0.0,0.0,0.0,0.0,0.0,0.0
00-0032775,2023,13,0.0,0.0,0.0,0.0,0.0,0.0,0.0
00-0032775,2023,14,0.0,0.0,0.0,0.0,0.0,0.0,0.0
00-0032775,2023,15,0.0,0.0,0.0,0.0,0.0,0.0,0.0
00-0032775,2023,16,0.0,0.0,0.0,0.0,0.0,0.0,0.0
00-0032950,2023,18,0.0,0.0,0.0,0.0,0.0,0.0,0.0
00-0033009,2023,6,0.0,0.0,0.0,0.0,0.0,0.0,0.0
00-0033009,2023,8,0.0,0.0,0.0,0.0,0.0,0.0,0.0
00-0033040,2023,1,0.0,0.0,0.0,0.0,0.0,0.0,0.0
00-0033040,2023,2,0.0,0.0,0.0,0.0,0.0,0.0,0.0
00-0033040,2023,3,0.0,0.0,1.0,1.0,0.0,0.0,0.0
00-0033040,2023,5,0.0,0.0,1.0,1.0,0.0,0.0,0.0
00-0033040,2023,6,0.0,0.0,1.0,0.0,0.0,0.0,0.0
00-0033040,2023,7,0.0,0.0,0.0,0.0,0.0,0.0,0.0
00-0033040,2023,8,0.0,0.0,1.0,0.0,0.0,0.0,0.0
00-0033040,2023,11,0.0,0.0,0.0,0.0,0.0,0.0,0.0
00-0033040,2023,12,0.0,0.0,0.0,0.0,0.0,0.0,0.0
00-0033040,2023,13,0.0,0.0,2.0,2.0,0.0,0.0,0.0
00-0033040,2023,18,0.0,0.0,0.0,0.0,0.0,0.0,0.0
00-0033045,2023,6,0.0,0.0,0.0,0.0,0.0,0.0,0.0
00-0033045,2023,7,0.0,0.0,0.0,0.0,0.0,0.0,0.0
00-0033045,2023,14,0.0,0.0,0.0,0.0,0.0,0.0,0.0
00-0033045,2023,16,0.0,0.0,0.0,0.0,0.0,0.0,0.0
00-0033045,2023,17,0.0,0.0,0.0,0.0,0.0,0.0,0.0
00-0033077,2023,2,0.0,0.0,0.0,0.0,0.0,0.0,0.0
00-0033077,2023,3,0.0,0.0,0.0,0.0,0.0,0.0,0.0
00-0033077,2023,4,0.0,0.0,0.0,0.0,0.0,0.0,0.0
00-0033077,2023,5,0.0,0.0,0.0,0.0,0.0,0.0,0.0
00-0033077,2023,6,0.0,0.0,0.0,0.0,0.0,0.0,0.0
00-0033077,2023,8,0.0,0.0,0.0,0.0,0.0,0.0,0.0
00-0033077,2023,9,0.0,0.0,0.0,0.0,0.0,0.0,0.0
00-0033077,2023,10,1.0,0.0,0.0,0.0,0.0,0.0,0.0
00-0033077,2023,11,0.0,0.0,0.0,0.0,0.0,0.0,0.0
00-0033077,2023,12,0.0,0.0,0.0,0.0,0.0,0.0,0.0
00-0033077,2023,13,0.0,0.0,0.0,0.0,0.0,0.0,0.0
00-0033077,2023,14,0.0,0.0,0.0,0.0,0.0,0.0,0.0
00-0033077,2023,16,1.0,0.0,0.0,0.0,0.0,0.0,0.0
00-0033077,2023,17,1.0,1.0,0.0,0.0,0.0,0.0,0.0
00-0033077,2023,18,0.0,0.0,0.0,0.0,0.0,0.0,0.0
00-0033090,2023,1,0.0,0.0,0.0,0.0,0.0,0.0,0.0
00-0033090,2023,2,0.0,0.0,0.0,0.0,0.0,0.0,0.0
00-0033090,2023,9,0.0,0.0,0.0,0.0,0.0,0.0,0.0
00-0033090,2023,14,0.0,0.0,0.0,0.0,0.0,0.0,0.0
00-0033090,2023,15,0.0,0.0,0.0,0.0,0.0,0.0,0.0
00-0033106,2023,1,0.0,0.0,0.0,0.0,0.0,0.0,0.0
00-0033106,2023,2,0.0,0.0,0.0,0.0,0.0,0.0,1.0
00-0033106,2023,3,1.0,0.0,0.0,0.0,0.0,0.0,0.0
00-0033106,2023,4,0.0,0.0,0.0,0.0,0.0,0.0,0.0
00-0033106,2023,5,0.0,0.0,0.0,0.0,0.0,0.0,0.0
00-0033106,2023,6,1.0,0.0,0.0,0.0,0.0,0.0,0.0
00-0033106,2023,8,0.0,0.0,0.0,0.0,0.0,0.0,1.0
00-0033106,2023,10,0.0,0.0,0.0,0.0,0.0,0.0,0.0
00-0033106,2023,11,0.0,0.0,0.0,0.0,0.0,0.0,0.0
00-0033106,2023,12,0.0,0.0,0.0,0.0,0.0,0.0,0.0
00-0033106,2023,13,0.0,0.0,0.0,0.0,0.0,0.0,0.0
00-0033106,2023,14,0.0,0.0,0.0,0.0,0.0,0.0,0.0
00-0033106,2023,15,0.0,0.0,0.0,0.0,0.0,0.0,0.0
00-0033106,2023,16,0.0,0.0,0.0,0.0,0.0,0.0,0.0
00-0033106,2023,17,0.0,0.0,0.0,0.0,0.0,0.0,0.0
00-0033106,2023,18,1.0,1.0,0.0,0.0,0.0,0.0,0.0
00-0033110,2023,12,0.0,0.0,0.0,0.0,0.0,0.0,0.0
00-0033119,2023,15,0.0,0.0,0.0,0.0,0.0,0.0,0.0
00-0033119,2023,16,0.0,0.0,0.0,0.0,0.0,0.0,0.0
00-0033217,2023,4,0.0,0.0,0.0,0.0,0.0,0.0,0.0
00-0033217,2023,14,0.0,0.0,0.0,0.0,0.0,0.0,0.0
00-0033217,2023,15,0.0,0.0,0.0,0.0,0.0,0.0,0.0
00-0033246,2023,17,0.0,0.0,0.0,0.0,0.0,0.0,0.0
00-0033275,2023,8,0.0,0.0,0.0,0.0,0.0,0.0,0.0
00-0033280,2023,1,0.0,0.0,0.0,0.0,1.0,1.0,0.0
00-0033280,2023,2,0.0,0.0,0.0,0.0,0.0,0.0,0.0
00-0033280,2023,3,0.0,0.0,0.0,0.0,0.0,0.0,0.0
00-0033280,2023,4,0.0,0.0,0.0,0.0,0.0,0.0,0.0
00-0033280,2023,5,0.0,0.0,0.0,0.0,0.0,0.0,0.0
00-0033280,2023,6,0.0,0.0,0.0,0.0,0.0,0.0,0.0
00-0033280,2023,7,0.0,0.0,0.0,0.0,0.0,0.0,0.0
00-0033280,2023,8,0.0,0.0,0.0,0.0,0.0,0.0,0.0
00-0033280,2023,11,0.0,0.0,0.0,0.0,0.0,0.0,0.0
00-0033280,2023,12,0.0,0.0,0.0,0.0,0.0,0.0,0.0
00-0033280,2023,13,0.0,0.0,0.0,0.0,0.0,0.0,0.0
00-0033280,2023,15,0.0,0.0,1.0,0.0,0.0,0.0,0.0
00-0033280,2023,16,0.0,0.0,0.0,0.0,0.0,0.0,0.0
00-0033282,2023,4,0.0,0.0,0.0,0.0,0.0,0.0,0.0
00-0033282,2023,5,0.0,0.0,0.0,0.0,0.0,0.0,0.0
00-0033282,2023,6,0.0,0.0,0.0,0.0,0.0,0.0,0.0
00-0033282,2023,15,0.0,0.0,0.0,0.0,0.0,0.0,0.0
00-0033288,2023,5,0.0,0.0,0.0,0.0,0.0,0.0,0.0
00-0033288,2023,10,0.0,0.0,1.0,1.0,0.0,0.0,0.0
00-0033288,2023,11,0.0,0.0,0.0,0.0,0.0,0.0,0.0
00-0033288,2023,14,0.0,0.0,1.0,0.0,0.0,0.0,0.0
00-0033293,2023,1,0.0,0.0,0.0,0.0,0.0,0.0,0.0
00-0033293,2023,9,0.0,0.0,0.0,0.0,0.0,0.0,0.0
00-0033307,2023,1,0.0,0.0,0.0,0.0,0.0,0.0,0.0
00-0033307,2023,7,0.0,0.0,0.0,0.0,0.0,0.0,0.0
00-0033307,2023,8,0.0,0.0,0.0,0.0,0.0,0.0,0.0
00-0033308,2023,3,0.0,0.0,0.0,0.0,0.0,0.0,0.0
00-0033319,2023,15,0.0,0.0,0.0,0.0,0.0,0.0,0.0
00-0033319,2023,16,0.0,0.0,0.0,0.0,0.0,0.0,0.0
00-0033319,2023,17,0.0,0.0,0.0,0.0,0.0,0.0,0.0
00-0033319,2023,18,1.0,0.0,0.0,0.0,0.0,0.0,0.0
00-0033357,2023,7,0.0,0.0,0.0,0.0,0.0,0.0,0.0
00-0033357,2023,8,0.0,0.0,0.0,0.0,0.0,0.0,0.0
00-0033357,2023,9,0.0,0.0,0.0,0.0,0.0,0.0,0.0
00-0033357,2023,13,0.0,0.0,0.0,0.0,0.0,0.0,0.0
00-0033357,2023,17,0.0,0.0,0.0,0.0,0.0,0.0,0.0
00-0033376,2023,17,0.0,0.0,0.0,0.0,0.0,0.0,0.0
00-0033439,2023,3,0.0,0.0,1.0,1.0,0.0,0.0,0.0
00-0033526,2023,12,0.0,0.0,0.0,0.0,0.0,0.0,0.0
00-0033536,2023,3,0.0,0.0,1.0,0.0,0.0,0.0,0.0
00-0033537,2023,1,0.0,0.0,0.0,0.0,0.0,0.0,0.0
00-0033537,2023,2,0.0,0.0,0.0,0.0,0.0,0.0,1.0
00-0033537,2023,3,1.0,0.0,0.0,0.0,0.0,0.0,0.0
00-0033537,2023,9,0.0,0.0,0.0,0.0,0.0,0.0,0.0
00-0033537,2023,10,0.0,0.0,0.0,0.0,0.0,0.0,1.0
00-0033553,2023,2,0.0,0.0,0.0,0.0,0.0,0.0,0.0
00-0033553,2023,3,0.0,0.0,0.0,0.0,0.0,0.0,0.0
00-0033553,2023,13,0.0,0.0,0.0,0.0,0.0,0.0,0.0
00-0033553,2023,15,0.0,0.0,0.0,0.0,0.0,0.0,0.0
00-0033553,2023,16,0.0,0.0,0.0,0.0,0.0,0.0,0.0
00-0033553,2023,17,0.0,0.0,0.0,0.0,0.0,0.0,0.0
00-0033553,2023,18,0.0,0.0,0.0,0.0,0.0,0.0,0.0
00-0033572,2023,15,0.0,0.0,1.0,1.0,0.0,0.0,0.0
00-0033589,2023,15,0.0,0.0,1.0,1.0,0.0,0.0,0.0
00-0033591,2023,9,0.0,0.0,1.0,1.0,0.0,0.0,0.0
00-0033591,2023,15,0.0,0.0,0.0,0.0,0.0,0.0,0.0
00-0033699,2023,1,0.0,0.0,0.0,0.0,0.0,0.0,0.0
00-0033699,2023,8,0.0,0.0,0.0,0.0,0.0,0.0,0.0
00-0033699,2023,9,0.0,0.0,0.0,0.0,0.0,0.0,0.0
00-0033699,2023,10,0.0,0.0,0.0,0.0,0.0,0.0,0.0
00-0033699,2023,14,0.0,0.0,0.0,0.0,0.0,0.0,0.0
00-0033857,2023,8,0.0,0.0,0.0,0.0,0.0,0.0,0.0
00-0033858,2023,6,0.0,0.0,0.0,0.0,0.0,0.0,0.0
00-0033858,2023,9,0.0,0.0,1.0,1.0,0.0,0.0,0.0
00-0033858,2023,18,0.0,0.0,0.0,0.0,0.0,0.0,0.0
00-0033869,2023,8,0.0,0.0,0.0,0.0,0.0,0.0,0.0
00-0033869,2023,13,0.0,0.0,0.0,0.0,0.0,0.0,0.0
00-0033869,2023,14,0.0,0.0,0.0,0.0,0.0,0.0,0.0
00-0033869,2023,15,0.0,0.0,0.0,0.0,0.0,0.0,0.0
00-0033873,2023,1,0.0,0.0,0.0,0.0,0.0,0.0,1.0
00-0033873,2023,2,0.0,0.0,0.0,0.0,0.0,0.0,0.0
00-0033873,2023,3,0.0,0.0,0.0,0.0,0.0,0.0,0.0
00-0033873,2023,4,0.0,0.0,0.0,0.0,0.0,0.0,0.0
00-0033873,2023,5,0.0,0.0,0.0,0.0,0.0,0.0,0.0
00-0033873,2023,6,0.0,0.0,0.0,0.0,0.0,0.0,0.0
00-0033873,2023,7,1.0,0.0,0.0,0.0,0.0,0.0,0.0
00-0033873,2023,9,0.0,0.0,0.0,0.0,0.0,0.0,0.0
00-0033873,2023,11,0.0,0.0,0.0,0.0,0.0,0.0,0.0
00-0033873,2023,12,0.0,0.0,0.0,0.0,0.0,0.0,0.0
00-0033873,2023,13,0.0,0.0,0.0,0.0,0.0,0.0,0.0
00-0033873,2023,14,0.0,0.0,0.0,0.0,0.0,0.0,0.0
00-0033873,2023,15,0.0,0.0,0.0,0.0,0.0,0.0,0.0
00-0033873,2023,16,0.0,0.0,0.0,0.0,0.0,0.0,1.0
00-0033873,2023,17,0.0,0.0,0.0,0.0,0.0,0.0,0.0
00-0033881,2023,13,0.0,0.0,0.0,0.0,0.0,0.0,0.0
00-0033881,2023,14,0.0,0.0,0.0,0.0,0.0,0.0,0.0
00-0033881,2023,18,0.0,0.0,0.0,0.0,0.0,0.0,0.0
00-0033885,2023,8,0.0,0.0,0.0,0.0,0.0,0.0,0.0
00-0033885,2023,9,0.0,0.0,0.0,0.0,0.0,0.0,0.0
00-0033885,2023,14,0.0,0.0,0.0,0.0,0.0,0.0,0.0
00-0033885,2023,15,0.0,0.0,0.0,0.0,0.0,0.0,0.0
00-0033885,2023,16,0.0,0.0,0.0,0.0,0.0,0.0,0.0
00-0033891,2023,1,0.0,0.0,0.0,0.0,0.0,0.0,0.0
00-0033891,2023,5,0.0,0.0,0.0,0.0,0.0,0.0,0.0
00-0033895,2023,6,0.0,0.0,0.0,0.0,0.0,0.0,0.0
00-0033895,2023,7,0.0,0.0,0.0,0.0,0.0,0.0,0.0
00-0033895,2023,12,0.0,0.0,0.0,0.0,0.0,0.0,0.0
00-0033897,2023,3,0.0,0.0,0.0,0.0,0.0,0.0,0.0
00-0033897,2023,8,0.0,0.0,0.0,0.0,0.0,0.0,0.0
00-0033897,2023,9,0.0,0.0,0.0,0.0,0.0,0.0,0.0
00-0033897,2023,10,0.0,0.0,0.0,0.0,0.0,0.0,0.0
00-0033897,2023,11,0.0,0.0,0.0,0.0,0.0,0.0,0.0
00-0033897,2023,13,0.0,0.0,0.0,0.0,0.0,0.0,0.0
00-0033897,2023,14,0.0,0.0,0.0,0.0,0.0,0.0,0.0
00-0033897,2023,15,0.0,0.0,0.0,0.0,0.0,0.0,0.0
00-0033897,2023,17,0.0,0.0,0.0,0.0,0.0,0.0,0.0
00-0033897,2023,18,0.0,0.0,0.0,0.0,0.0,0.0,0.0
00-0033906,2023,5,0.0,0.0,0.0,0.0,0.0,0.0,0.0
00-0033906,2023,8,0.0,0.0,0.0,0.0,0.0,0.0,0.0
00-0033906,2023,13,0.0,0.0,0.0,0.0,0.0,0.0,0.0
00-0033906,2023,14,0.0,0.0,0.0,0.0,0.0,0.0,0.0
00-0033908,2023,6,0.0,0.0,0.0,0.0,0.0,0.0,0.0
00-0033908,2023,13,0.0,0.0,0.0,0.0,0.0,0.0,0.0
00-0033908,2023,14,0.0,0.0,0.0,0.0,0.0,0.0,0.0
00-0033908,2023,15,0.0,0.0,1.0,1.0,0.0,0.0,0.0
00-0033908,2023,17,0.0,0.0,0.0,0.0,0.0,0.0,0.0
00-0033921,2023,8,0.0,0.0,0.0,0.0,0.0,0.0,0.0
00-0033921,2023,13,0.0,0.0,0.0,0.0,0.0,0.0,0.0
00-0033921,2023,17,0.0,0.0,1.0,0.0,0.0,0.0,0.0
00-0033923,2023,6,0.0,0.0,0.0,0.0,0.0,0.0,0.0
00-0033923,2023,7,0.0,0.0,0.0,0.0,0.0,0.0,0.0
00-0033923,2023,8,0.0,0.0,0.0,0.0,0.0,0.0,0.0
00-0033923,2023,9,0.0,0.0,0.0,0.0,0.0,0.0,0.0
00-0033923,2023,10,0.0,0.0,0.0,0.0,0.0,0.0,0.0
00-0033923,2023,14,0.0,0.0,0.0,0.0,0.0,0.0,0.0
00-0033923,2023,16,0.0,0.0,0.0,0.0,0.0,0.0,0.0
00-0033923,2023,17,0.0,0.0,0.0,0.0,0.0,0.0,0.0
00-0033925,2023,7,0.0,0.0,0.0,0.0,0.0,0.0,0.0
00-0033925,2023,10,0.0,0.0,0.0,0.0,0.0,0.0,0.0
00-0033925,2023,11,0.0,0.0,0.0,0.0,0.0,0.0,0.0
00-0033936,2023,16,0.0,0.0,0.0,0.0,0.0,0.0,0.0
00-0033943,2023,2,0.0,0.0,0.0,0.0,0.0,0.0,0.0
00-0033943,2023,5,0.0,0.0,0.0,0.0,0.0,0.0,0.0
00-0033943,2023,12,0.0,0.0,0.0,0.0,0.0,0.0,0.0
00-0033943,2023,14,0.0,0.0,0.0,0.0,0.0,0.0,0.0
00-0033948,2023,18,0.0,0.0,0.0,0.0,0.0,0.0,0.0
00-0033949,2023,2,0.0,0.0,0.0,0.0,0.0,0.0,0.0
00-0033949,2023,3,0.0,0.0,0.0,0.0,0.0,0.0,0.0
00-0033949,2023,4,0.0,0.0,0.0,0.0,0.0,0.0,0.0
00-0033949,2023,5,0.0,0.0,0.0,0.0,0.0,0.0,1.0
00-0033949,2023,7,0.0,0.0,0.0,0.0,0.0,0.0,0.0
00-0033949,2023,8,0.0,0.0,0.0,0.0,0.0,0.0,0.0
00-0033949,2023,9,0.0,0.0,0.0,0.0,0.0,0.0,0.0
00-0033949,2023,10,0.0,0.0,0.0,0.0,0.0,0.0,0.0
00-0033949,2023,11,0.0,0.0,0.0,0.0,0.0,0.0,0.0
00-0033949,2023,12,0.0,0.0,0.0,0.0,0.0,0.0,0.0
00-0034054,2023,1,0.0,0.0,0.0,0.0,0.0,0.0,0.0
00-0034159,2023,18,0.0,0.0,0.0,0.0,0.0,0.0,0.0
00-0034177,2023,12,0.0,0.0,0.0,0.0,0.0,0.0,1.0
00-0034184,2023,2,0.0,0.0,0.0,0.0,0.0,0.0,0.0
00-0034184,2023,7,0.0,0.0,0.0,0.0,0.0,0.0,0.0
00-0034184,2023,8,0.0,0.0,0.0,0.0,0.0,0.0,0.0
00-0034184,2023,9,0.0,0.0,0.0,0.0,0.0,0.0,0.0
00-0034184,2023,10,0.0,0.0,0.0,0.0,0.0,0.0,0.0
00-0034184,2023,11,0.0,0.0,0.0,0.0,0.0,0.0,0.0
00-0034184,2023,15,0.0,0.0,0.0,0.0,0.0,0.0,0.0
00-0034184,2023,16,0.0,0.0,0.0,0.0,0.0,0.0,0.0
00-0034184,2023,17,0.0,0.0,0.0,0.0,0.0,0.0,0.0
00-0034272,2023,7,0.0,0.0,1.0,0.0,0.0,0.0,0.0
00-0034317,2023,15,0.0,0.0,0.0,0.0,0.0,0.0,0.0
00-0034348,2023,1,0.0,0.0,0.0,0.0,0.0,0.0,0.0
00-0034348,2023,3,0.0,0.0,0.0,0.0,0.0,0.0,0.0
00-0034348,2023,4,0.0,0.0,0.0,0.0,0.0,0.0,0.0
00-0034348,2023,6,0.0,0.0,0.0,0.0,0.0,0.0,0.0
00-0034348,2023,7,0.0,0.0,0.0,0.0,0.0,0.0,0.0
00-0034348,2023,8,0.0,0.0,0.0,0.0,0.0,0.0,0.0
00-0034348,2023,10,0.0,0.0,0.0,0.0,0.0,0.0,0.0
00-0034348,2023,11,0.0,0.0,0.0,0.0,0.0,0.0,0.0
00-0034348,2023,13,0.0,0.0,1.0,0.0,0.0,0.0,0.0
00-0034348,2023,14,0.0,0.0,1.0,0.0,0.0,0.0,0.0
00-0034351,2023,5,0.0,0.0,0.0,0.0,0.0,0.0,0.0
00-0034351,2023,7,0.0,0.0,0.0,0.0,0.0,0.0,0.0
00-0034351,2023,17,0.0,0.0,0.0,0.0,0.0,0.0,0.0
00-0034383,2023,4,0.0,0.0,0.0,0.0,0.0,0.0,0.0
00-0034383,2023,5,0.0,0.0,0.0,0.0,0.0,0.0,0.0
00-0034383,2023,6,0.0,0.0,0.0,0.0,0.0,0.0,0.0
00-0034383,2023,9,0.0,0.0,0.0,0.0,0.0,0.0,0.0
00-0034383,2023,11,0.0,0.0,0.0,0.0,0.0,0.0,0.0
00-0034386,2023,11,0.0,0.0,0.0,0.0,0.0,0.0,0.0
00-0034386,2023,12,0.0,0.0,0.0,0.0,0.0,0.0,0.0
00-0034386,2023,16,0.0,0.0,0.0,0.0,0.0,0.0,0.0
00-0034401,2023,3,1.0,1.0,0.0,0.0,0.0,0.0,0.0
00-0034401,2023,6,0.0,0.0,0.0,0.0,0.0,0.0,1.0
00-0034418,2023,8,0.0,0.0,0.0,0.0,0.0,0.0,0.0
00-0034418,2023,9,0.0,0.0,0.0,0.0,0.0,0.0,0.0
00-0034418,2023,17,0.0,0.0,0.0,0.0,0.0,0.0,0.0
00-0034419,2023,4,0.0,0.0,0.0,0.0,0.0,0.0,0.0
00-0034433,2023,3,0.0,0.0,0.0,0.0,0.0,0.0,0.0
00-0034487,2023,18,0.0,0.0,0.0,0.0,0.0,0.0,0.0
00-0034521,2023,4,0.0,0.0,0.0,0.0,0.0,0.0,0.0
00-0034613,2023,14,0.0,0.0,0.0,0.0,0.0,0.0,0.0
00-0034646,2023,9,0.0,0.0,0.0,0.0,0.0,0.0,0.0
00-0034753,2023,2,0.0,0.0,0.0,0.0,0.0,0.0,0.0
00-0034753,2023,4,0.0,0.0,0.0,0.0,0.0,0.0,0.0
00-0034753,2023,7,0.0,0.0,0.0,0.0,0.0,0.0,0.0
00-0034753,2023,8,0.0,0.0,0.0,0.0,0.0,0.0,0.0
00-0034764,2023,10,0.0,0.0,1.0,0.0,0.0,0.0,0.0
00-0034764,2023,14,0.0,0.0,0.0,0.0,0.0,0.0,0.0
00-0034771,2023,16,2.0,2.0,0.0,0.0,0.0,0.0,0.0
00-0034771,2023,18,1.0,1.0,0.0,0.0,0.0,0.0,0.0
00-0034775,2023,3,0.0,0.0,0.0,0.0,0.0,0.0,0.0
00-0034775,2023,6,0.0,0.0,0.0,0.0,0.0,0.0,0.0
00-0034775,2023,7,0.0,0.0,1.0,0.0,0.0,0.0,0.0
00-0034777,2023,3,0.0,0.0,1.0,0.0,0.0,0.0,0.0
00-0034777,2023,5,0.0,0.0,0.0,0.0,0.0,0.0,0.0
00-0034777,2023,9,0.0,0.0,0.0,0.0,0.0,0.0,0.0
00-0034777,2023,16,0.0,0.0,0.0,0.0,0.0,0.0,0.0
00-0034796,2023,2,0.0,0.0,0.0,0.0,0.0,0.0,0.0
00-0034796,2023,3,0.0,0.0,0.0,0.0,0.0,0.0,0.0
00-0034796,2023,4,0.0,0.0,0.0,0.0,0.0,0.0,0.0
00-0034796,2023,6,0.0,0.0,0.0,0.0,0.0,0.0,0.0
00-0034796,2023,7,0.0,0.0,0.0,0.0,0.0,0.0,0.0
00-0034796,2023,8,0.0,0.0,0.0,0.0,0.0,0.0,0.0
00-0034796,2023,10,1.0,0.0,0.0,0.0,0.0,0.0,1.0
00-0034796,2023,11,0.0,0.0,0.0,0.0,0.0,0.0,0.0
00-0034796,2023,12,0.0,0.0,0.0,0.0,0.0,0.0,0.0
00-0034796,2023,14,2.0,1.0,0.0,0.0,0.0,0.0,0.0
00-0034796,2023,15,0.0,0.0,0.0,0.0,0.0,0.0,0.0
00-0034796,2023,16,0.0,0.0,0.0,0.0,0.0,0.0,0.0
00-0034796,2023,17,1.0,1.0,0.0,0.0,0.0,0.0,0.0
00-0034827,2023,3,0.0,0.0,0.0,0.0,0.0,0.0,0.0
00-0034827,2023,4,0.0,0.0,0.0,0.0,0.0,0.0,0.0
00-0034827,2023,5,0.0,0.0,1.0,1.0,0.0,0.0,0.0
00-0034827,2023,11,0.0,0.0,0.0,0.0,0.0,0.0,0.0
00-0034827,2023,14,0.0,0.0,0.0,0.0,0.0,0.0,0.0
00-0034827,2023,17,0.0,0.0,0.0,0.0,0.0,0.0,0.0
00-0034829,2023,7,0.0,0.0,0.0,0.0,0.0,0.0,0.0
00-0034829,2023,16,0.0,0.0,0.0,0.0,0.0,0.0,0.0
00-0034830,2023,1,0.0,0.0,0.0,0.0,0.0,0.0,0.0
00-0034837,2023,1,0.0,0.0,0.0,0.0,0.0,0.0,0.0
00-0034837,2023,4,0.0,0.0,0.0,0.0,0.0,0.0,0.0
00-0034837,2023,11,0.0,0.0,0.0,0.0,0.0,0.0,0.0
00-0034837,2023,12,0.0,0.0,0.0,0.0,0.0,0.0,0.0
00-0034837,2023,16,0.0,0.0,0.0,0.0,0.0,0.0,0.0
00-0034837,2023,18,0.0,0.0,1.0,1.0,0.0,0.0,0.0
00-0034838,2023,8,0.0,0.0,0.0,0.0,0.0,0.0,0.0
00-0034838,2023,12,0.0,0.0,0.0,0.0,0.0,0.0,0.0
00-0034844,2023,2,0.0,0.0,0.0,0.0,0.0,0.0,0.0
00-0034844,2023,7,0.0,0.0,0.0,0.0,0.0,0.0,0.0
00-0034844,2023,11,0.0,0.0,0.0,0.0,0.0,0.0,0.0
00-0034844,2023,14,0.0,0.0,0.0,0.0,0.0,0.0,0.0
00-0034844,2023,16,0.0,0.0,0.0,0.0,0.0,0.0,0.0
00-0034844,2023,18,0.0,0.0,0.0,0.0,0.0,0.0,0.0
00-0034855,2023,1,0.0,0.0,0.0,0.0,0.0,0.0,0.0
00-0034855,2023,2,0.0,0.0,0.0,0.0,0.0,0.0,0.0
00-0034855,2023,3,0.0,0.0,0.0,0.0,0.0,0.0,0.0
00-0034855,2023,4,0.0,0.0,0.0,0.0,0.0,0.0,0.0
00-0034855,2023,7,1.0,0.0,0.0,0.0,0.0,0.0,0.0
00-0034855,2023,8,0.0,0.0,0.0,0.0,0.0,0.0,0.0
00-0034855,2023,9,0.0,0.0,0.0,0.0,0.0,0.0,0.0
00-0034855,2023,10,1.0,0.0,0.0,0.0,0.0,0.0,0.0
00-0034855,2023,11,0.0,0.0,0.0,0.0,0.0,0.0,0.0
00-0034855,2023,12,0.0,0.0,0.0,0.0,0.0,0.0,0.0
00-0034855,2023,13,1.0,1.0,0.0,0.0,0.0,0.0,0.0
00-0034855,2023,14,0.0,0.0,0.0,0.0,0.0,0.0,0.0
00-0034855,2023,15,1.0,1.0,0.0,0.0,0.0,0.0,0.0
00-0034855,2023,16,0.0,0.0,0.0,0.0,0.0,0.0,0.0
00-0034855,2023,17,1.0,0.0,0.0,0.0,0.0,0.0,0.0
00-0034857,2023,1,0.0,0.0,0.0,0.0,0.0,0.0,0.0
00-0034857,2023,2,0.0,0.0,0.0,0.0,0.0,0.0,0.0
00-0034857,2023,3,0.0,0.0,0.0,0.0,0.0,0.0,0.0
00-0034857,2023,4,1.0,1.0,0.0,0.0,0.0,0.0,0.0
00-0034857,2023,5,0.0,0.0,0.0,0.0,0.0,0.0,0.0
00-0034857,2023,6,0.0,0.0,0.0,0.0,0.0,0.0,0.0
00-0034857,2023,7,0.0,0.0,0.0,0.0,0.0,0.0,0.0
00-0034857,2023,8,0.0,0.0,0.0,0.0,0.0,0.0,0.0
00-0034857,2023,9,0.0,0.0,0.0,0.0,0.0,0.0,0.0
00-0034857,2023,10,0.0,0.0,0.0,0.0,0.0,0.0,0.0
00-0034857,2023,11,1.0,1.0,0.0,0.0,0.0,0.0,0.0
00-0034857,2023,12,0.0,0.0,0.0,0.0,0.0,0.0,0.0
00-0034857,2023,14,0.0,0.0,0.0,0.0,0.0,0.0,0.0
00-0034857,2023,15,0.0,0.0,0.0,0.0,0.0,0.0,0.0
00-0034857,2023,16,1.0,1.0,0.0,0.0,0.0,0.0,0.0
00-0034857,2023,17,0.0,0.0,0.0,0.0,0.0,0.0,0.0
00-0034857,2023,18,0.0,0.0,0.0,0.0,0.0,0.0,0.0
00-0034869,2023,16,0.0,0.0,0.0,0.0,0.0,0.0,0.0
00-0034869,2023,18,0.0,0.0,0.0,0.0,0.0,0.0,0.0
00-0034959,2023,8,0.0,0.0,0.0,0.0,0.0,0.0,0.0
00-0034959,2023,16,0.0,0.0,0.0,0.0,0.0,0.0,0.0
00-0034959,2023,18,0.0,0.0,0.0,0.0,0.0,0.0,0.0
00-0034960,2023,1,0.0,0.0,0.0,0.0,0.0,0.0,0.0
00-0034960,2023,5,0.0,0.0,0.0,0.0,0.0,0.0,0.0
00-0034960,2023,6,0.0,0.0,0.0,0.0,0.0,0.0,0.0
00-0034960,2023,7,0.0,0.0,0.0,0.0,0.0,0.0,0.0
00-0034960,2023,9,0.0,0.0,0.0,0.0,0.0,0.0,0.0
00-0034960,2023,12,0.0,0.0,0.0,0.0,0.0,0.0,0.0
00-0034960,2023,15,0.0,0.0,0.0,0.0,0.0,0.0,0.0
00-0034960,2023,18,0.0,0.0,0.0,0.0,0.0,0.0,0.0
00-0034970,2023,9,0.0,0.0,0.0,0.0,0.0,0.0,0.0
00-0034972,2023,1,0.0,0.0,0.0,0.0,0.0,0.0,0.0
00-0034972,2023,5,0.0,0.0,0.0,0.0,0.0,0.0,0.0
00-0034972,2023,9,0.0,0.0,0.0,0.0,0.0,0.0,0.0
00-0034975,2023,1,0.0,0.0,0.0,0.0,0.0,0.0,0.0
00-0034975,2023,5,0.0,0.0,0.0,0.0,0.0,0.0,0.0
00-0034975,2023,17,0.0,0.0,0.0,0.0,0.0,0.0,0.0
00-0034981,2023,5,0.0,0.0,0.0,0.0,0.0,0.0,0.0
00-0035045,2023,15,0.0,0.0,0.0,0.0,0.0,0.0,0.0
00-0035100,2023,11,0.0,0.0,0.0,0.0,0.0,0.0,0.0
00-0035100,2023,12,0.0,0.0,0.0,0.0,0.0,0.0,0.0
00-0035100,2023,13,1.0,1.0,0.0,0.0,0.0,0.0,0.0
00-0035100,2023,14,1.0,1.0,0.0,0.0,0.0,0.0,1.0
00-0035100,2023,15,0.0,0.0,0.0,0.0,0.0,0.0,0.0
00-0035100,2023,16,1.0,1.0,0.0,0.0,0.0,0.0,0.0
00-0035100,2023,17,0.0,0.0,0.0,0.0,0.0,0.0,0.0
00-0035100,2023,18,0.0,0.0,0.0,0.0,0.0,0.0,0.0
00-0035208,2023,3,0.0,0.0,0.0,0.0,0.0,0.0,0.0
00-0035208,2023,12,0.0,0.0,0.0,0.0,0.0,0.0,0.0
00-0035215,2023,6,0.0,0.0,0.0,0.0,0.0,0.0,0.0
00-0035216,2023,9,0.0,0.0,0.0,0.0,0.0,0.0,0.0
00-0035216,2023,13,0.0,0.0,0.0,0.0,0.0,0.0,0.0
00-0035216,2023,14,0.0,0.0,0.0,0.0,0.0,0.0,0.0
00-0035216,2023,15,0.0,0.0,0.0,0.0,0.0,0.0,0.0
00-0035216,2023,18,0.0,0.0,1.0,1.0,0.0,0.0,0.0
00-0035228,2023,10,0.0,0.0,0.0,0.0,0.0,0.0,0.0
00-0035228,2023,11,1.0,0.0,0.0,0.0,0.0,0.0,0.0
00-0035228,2023,12,0.0,0.0,0.0,0.0,0.0,0.0,0.0
00-0035228,2023,13,0.0,0.0,0.0,0.0,0.0,0.0,0.0
00-0035228,2023,15,0.0,0.0,0.0,0.0,0.0,0.0,1.0
00-0035228,2023,16,0.0,0.0,0.0,0.0,0.0,0.0,0.0
00-0035228,2023,17,0.0,0.0,0.0,0.0,0.0,0.0,1.0
00-0035228,2023,18,0.0,0.0,0.0,0.0,0.0,0.0,0.0
00-0035229,2023,2,0.0,0.0,0.0,0.0,0.0,0.0,0.0
00-0035229,2023,8,0.0,0.0,0.0,0.0,0.0,0.0,0.0
00-0035229,2023,10,0.0,0.0,0.0,0.0,0.0,0.0,0.0
00-0035229,2023,12,0.0,0.0,0.0,0.0,0.0,0.0,0.0
00-0035243,2023,3,0.0,0.0,0.0,0.0,0.0,0.0,0.0
00-0035249,2023,3,0.0,0.0,0.0,0.0,0.0,0.0,0.0
00-0035249,2023,11,0.0,0.0,0.0,0.0,0.0,0.0,0.0
00-0035250,2023,4,0.0,0.0,0.0,0.0,0.0,0.0,0.0
00-0035250,2023,10,0.0,0.0,0.0,0.0,0.0,0.0,0.0
00-0035250,2023,11,0.0,0.0,0.0,0.0,0.0,0.0,0.0
00-0035250,2023,14,0.0,0.0,0.0,0.0,0.0,0.0,0.0
00-0035250,2023,18,0.0,0.0,0.0,0.0,0.0,0.0,0.0
00-0035261,2023,1,0.0,0.0,0.0,0.0,0.0,0.0,0.0
00-0035261,2023,11,0.0,0.0,0.0,0.0,0.0,0.0,0.0
00-0035261,2023,12,0.0,0.0,0.0,0.0,0.0,0.0,0.0
00-0035261,2023,13,0.0,0.0,0.0,0.0,0.0,0.0,0.0
00-0035261,2023,18,0.0,0.0,0.0,0.0,0.0,0.0,0.0
00-0035264,2023,17,1.0,1.0,0.0,0.0,0.0,0.0,0.0
00-0035264,2023,18,0.0,0.0,0.0,0.0,0.0,0.0,0.0
00-0035282,2023,15,1.0,1.0,0.0,0.0,0.0,0.0,1.0
00-0035282,2023,16,0.0,0.0,0.0,0.0,0.0,0.0,0.0
00-0035289,2023,2,0.0,0.0,0.0,0.0,0.0,0.0,0.0
00-0035289,2023,3,0.0,0.0,0.0,0.0,0.0,0.0,0.0
00-0035289,2023,6,0.0,0.0,0.0,0.0,0.0,0.0,0.0
00-0035289,2023,7,2.0,2.0,0.0,0.0,0.0,0.0,0.0
00-0035289,2023,8,0.0,0.0,0.0,0.0,0.0,0.0,0.0
00-0035289,2023,9,0.0,0.0,0.0,0.0,0.0,0.0,0.0
00-0035289,2023,12,0.0,0.0,0.0,0.0,0.0,0.0,0.0
00-0035289,2023,13,0.0,0.0,0.0,0.0,0.0,0.0,0.0
00-0035289,2023,14,0.0,0.0,0.0,0.0,0.0,0.0,0.0
00-0035289,2023,15,0.0,0.0,0.0,0.0,0.0,0.0,0.0
00-0035289,2023,17,1.0,1.0,0.0,0.0,0.0,0.0,0.0
00-0035298,2023,8,0.0,0.0,0.0,0.0,0.0,0.0,0.0
00-0035298,2023,10,0.0,0.0,0.0,0.0,0.0,0.0,0.0
00-0035329,2023,1,0.0,0.0,0.0,0.0,0.0,0.0,0.0
00-0035329,2023,3,0.0,0.0,0.0,0.0,0.0,0.0,0.0
00-0035329,2023,8,0.0,0.0,0.0,0.0,0.0,0.0,0.0
00-0035341,2023,10,0.0,0.0,0.0,0.0,0.0,0.0,0.0
00-0035406,2023,1,0.0,0.0,0.0,0.0,0.0,0.0,0.0
00-0035406,2023,15,0.0,0.0,0.0,0.0,0.0,0.0,0.0
00-0035406,2023,17,0.0,0.0,1.0,1.0,0.0,0.0,0.0
00-0035414,2023,10,0.0,0.0,0.0,0.0,0.0,0.0,0.0
00-0035500,2023,12,0.0,0.0,0.0,0.0,0.0,0.0,0.0
00-0035500,2023,16,0.0,0.0,0.0,0.0,0.0,0.0,0.0
00-0035535,2023,11,0.0,0.0,1.0,0.0,0.0,0.0,0.0
00-0035535,2023,16,0.0,0.0,1.0,1.0,0.0,0.0,0.0
00-0035535,2023,17,0.0,0.0,1.0,1.0,0.0,0.0,0.0
00-0035535,2023,18,0.0,0.0,0.0,0.0,0.0,0.0,0.0
00-0035537,2023,11,0.0,0.0,0.0,0.0,0.0,0.0,0.0
00-0035567,2023,5,0.0,0.0,0.0,0.0,0.0,0.0,0.0
00-0035631,2023,9,0.0,0.0,0.0,0.0,0.0,0.0,0.0
00-0035631,2023,12,0.0,0.0,0.0,0.0,0.0,0.0,0.0
00-0035640,2023,1,0.0,0.0,0.0,0.0,0.0,0.0,0.0
00-0035640,2023,4,0.0,0.0,0.0,0.0,0.0,0.0,0.0
00-0035640,2023,11,0.0,0.0,0.0,0.0,0.0,0.0,0.0
00-0035640,2023,13,0.0,0.0,1.0,1.0,0.0,0.0,0.0
00-0035640,2023,14,0.0,0.0,0.0,0.0,0.0,0.0,0.0
00-0035640,2023,16,0.0,0.0,0.0,0.0,0.0,0.0,0.0
00-0035643,2023,11,0.0,0.0,0.0,0.0,0.0,0.0,0.0
00-0035657,2023,2,0.0,0.0,0.0,0.0,0.0,0.0,0.0
00-0035659,2023,2,0.0,0.0,0.0,0.0,0.0,0.0,0.0
00-0035659,2023,8,0.0,0.0,0.0,0.0,0.0,0.0,0.0
00-0035659,2023,15,0.0,0.0,0.0,0.0,0.0,0.0,0.0
00-0035659,2023,17,0.0,0.0,0.0,0.0,0.0,0.0,0.0
00-0035662,2023,2,0.0,0.0,0.0,0.0,0.0,0.0,0.0
00-0035662,2023,3,0.0,0.0,0.0,0.0,0.0,0.0,0.0
00-0035662,2023,5,0.0,0.0,0.0,0.0,0.0,0.0,0.0
00-0035662,2023,8,0.0,0.0,0.0,0.0,0.0,0.0,0.0
00-0035664,2023,7,0.0,0.0,0.0,0.0,0.0,0.0,0.0
00-0035664,2023,11,0.0,0.0,0.0,0.0,0.0,0.0,0.0
00-0035676,2023,4,0.0,0.0,1.0,1.0,0.0,0.0,0.0
00-0035676,2023,7,0.0,0.0,0.0,0.0,0.0,0.0,0.0
00-0035676,2023,8,0.0,0.0,0.0,0.0,0.0,0.0,0.0
00-0035676,2023,9,0.0,0.0,0.0,0.0,0.0,0.0,0.0
00-0035676,2023,12,0.0,0.0,0.0,0.0,0.0,0.0,0.0
00-0035685,2023,1,0.0,0.0,0.0,0.0,0.0,0.0,0.0
00-0035685,2023,2,0.0,0.0,0.0,0.0,0.0,0.0,0.0
00-0035685,2023,4,0.0,0.0,0.0,0.0,0.0,0.0,0.0
00-0035685,2023,5,0.0,0.0,0.0,0.0,1.0,0.0,0.0
00-0035685,2023,10,0.0,0.0,0.0,0.0,1.0,1.0,0.0
00-0035685,2023,11,0.0,0.0,0.0,0.0,0.0,0.0,0.0
00-0035685,2023,12,0.0,0.0,0.0,0.0,0.0,0.0,0.0
00-0035685,2023,13,0.0,0.0,0.0,0.0,0.0,0.0,0.0
00-0035685,2023,16,0.0,0.0,0.0,0.0,0.0,0.0,0.0
00-0035685,2023,17,0.0,0.0,0.0,0.0,0.0,0.0,0.0
00-0035685,2023,18,0.0,0.0,0.0,0.0,0.0,0.0,0.0
00-0035689,2023,2,0.0,0.0,0.0,0.0,0.0,0.0,0.0
00-0035689,2023,18,0.0,0.0,0.0,0.0,0.0,0.0,0.0
00-0035700,2023,4,0.0,0.0,0.0,0.0,0.0,0.0,0.0
00-0035700,2023,5,0.0,0.0,0.0,0.0,0.0,0.0,0.0
00-0035700,2023,8,0.0,0.0,0.0,0.0,0.0,0.0,0.0
00-0035700,2023,9,0.0,0.0,0.0,0.0,0.0,0.0,0.0
00-0035700,2023,12,0.0,0.0,0.0,0.0,1.0,1.0,0.0
00-0035704,2023,14,0.0,0.0,0.0,0.0,0.0,0.0,0.0
00-0035704,2023,15,0.0,0.0,0.0,0.0,0.0,0.0,0.0
00-0035710,2023,1,0.0,0.0,0.0,0.0,0.0,0.0,1.0
00-0035710,2023,2,0.0,0.0,0.0,0.0,0.0,0.0,0.0
00-0035710,2023,4,0.0,0.0,0.0,0.0,0.0,0.0,1.0
00-0035719,2023,2,0.0,0.0,0.0,0.0,0.0,0.0,0.0
00-0035719,2023,3,0.0,0.0,0.0,0.0,0.0,0.0,0.0
00-0035719,2023,10,0.0,0.0,0.0,0.0,0.0,0.0,0.0
00-0035719,2023,12,0.0,0.0,0.0,0.0,0.0,0.0,0.0
00-0035719,2023,13,0.0,0.0,2.0,0.0,0.0,0.0,0.0
00-0035719,2023,14,0.0,0.0,1.0,1.0,0.0,0.0,0.0
00-0035719,2023,15,0.0,0.0,0.0,0.0,0.0,0.0,0.0
00-0035719,2023,17,0.0,0.0,0.0,0.0,0.0,0.0,0.0
00-0035860,2023,2,0.0,0.0,0.0,0.0,0.0,0.0,0.0
00-0035993,2023,9,0.0,0.0,0.0,0.0,0.0,0.0,0.0
00-0035993,2023,17,0.0,0.0,0.0,0.0,0.0,0.0,0.0
00-0035993,2023,18,0.0,0.0,0.0,0.0,0.0,0.0,0.0
00-0036020,2023,6,0.0,0.0,0.0,0.0,0.0,0.0,0.0
00-0036020,2023,11,0.0,0.0,0.0,0.0,0.0,0.0,0.0
00-0036040,2023,9,0.0,0.0,0.0,0.0,0.0,0.0,0.0
00-0036040,2023,15,0.0,0.0,0.0,0.0,0.0,0.0,0.0
00-0036040,2023,16,0.0,0.0,0.0,0.0,0.0,0.0,0.0
00-0036040,2023,17,0.0,0.0,0.0,0.0,0.0,0.0,0.0
00-0036139,2023,3,0.0,0.0,0.0,0.0,0.0,0.0,0.0
00-0036139,2023,10,0.0,0.0,0.0,0.0,0.0,0.0,0.0
00-0036139,2023,12,0.0,0.0,0.0,0.0,0.0,0.0,0.0
00-0036139,2023,14,0.0,0.0,0.0,0.0,0.0,0.0,0.0
00-0036145,2023,10,0.0,0.0,0.0,0.0,0.0,0.0,0.0
00-0036158,2023,1,0.0,0.0,0.0,0.0,0.0,0.0,0.0
00-0036165,2023,2,0.0,0.0,0.0,0.0,0.0,0.0,0.0
00-0036165,2023,12,0.0,0.0,0.0,0.0,0.0,0.0,0.0
00-0036165,2023,14,0.0,0.0,0.0,0.0,0.0,0.0,0.0
00-0036182,2023,2,0.0,0.0,0.0,0.0,0.0,0.0,0.0
00-0036182,2023,4,0.0,0.0,0.0,0.0,0.0,0.0,0.0
00-0036182,2023,8,0.0,0.0,0.0,0.0,0.0,0.0,0.0
00-0036196,2023,2,0.0,0.0,0.0,0.0,0.0,0.0,0.0
00-0036196,2023,3,0.0,0.0,0.0,0.0,0.0,0.0,0.0
00-0036196,2023,4,0.0,0.0,0.0,0.0,0.0,0.0,0.0
00-0036196,2023,5,0.0,0.0,0.0,0.0,0.0,0.0,0.0
00-0036196,2023,8,0.0,0.0,0.0,0.0,0.0,0.0,0.0
00-0036196,2023,12,0.0,0.0,0.0,0.0,0.0,0.0,0.0
00-0036196,2023,16,0.0,0.0,1.0,1.0,0.0,0.0,0.0
00-0036212,2023,1,0.0,0.0,0.0,0.0,0.0,0.0,0.0
00-0036212,2023,2,0.0,0.0,0.0,0.0,0.0,0.0,0.0
00-0036212,2023,3,1.0,1.0,0.0,0.0,0.0,0.0,0.0
00-0036212,2023,4,0.0,0.0,0.0,0.0,0.0,0.0,0.0
00-0036212,2023,5,1.0,1.0,0.0,0.0,0.0,0.0,1.0
00-0036212,2023,6,1.0,0.0,0.0,0.0,0.0,0.0,0.0
00-0036212,2023,7,0.0,0.0,0.0,0.0,0.0,0.0,0.0
00-0036212,2023,8,1.0,0.0,0.0,0.0,0.0,0.0,0.0
00-0036212,2023,9,0.0,0.0,0.0,0.0,0.0,0.0,0.0
00-0036212,2023,11,0.0,0.0,0.0,0.0,0.0,0.0,0.0
00-0036212,2023,12,0.0,0.0,0.0,0.0,0.0,0.0,1.0
00-0036212,2023,13,2.0,2.0,0.0,0.0,0.0,0.0,0.0
00-0036212,2023,15,1.0,1.0,0.0,0.0,0.0,0.0,0.0
00-0036212,2023,16,0.0,0.0,0.0,0.0,0.0,0.0,0.0
00-0036212,2023,17,0.0,0.0,0.0,0.0,0.0,0.0,0.0
00-0036212,2023,18,0.0,0.0,0.0,0.0,0.0,0.0,0.0
00-0036223,2023,7,0.0,0.0,0.0,0.0,0.0,0.0,0.0
00-0036223,2023,9,0.0,0.0,0.0,0.0,0.0,0.0,0.0
00-0036223,2023,10,0.0,0.0,0.0,0.0,0.0,0.0,0.0
00-0036223,2023,12,0.0,0.0,0.0,0.0,0.0,0.0,0.0
00-0036223,2023,16,0.0,0.0,0.0,0.0,0.0,0.0,0.0
00-0036223,2023,17,0.0,0.0,0.0,0.0,0.0,0.0,0.0
00-0036223,2023,18,0.0,0.0,0.0,0.0,1.0,0.0,0.0
00-0036232,2023,1,0.0,0.0,0.0,0.0,0.0,0.0,0.0
00-0036232,2023,12,0.0,0.0,0.0,0.0,0.0,0.0,0.0
00-0036232,2023,13,0.0,0.0,0.0,0.0,0.0,0.0,0.0
00-0036244,2023,14,0.0,0.0,0.0,0.0,0.0,0.0,0.0
00-0036244,2023,16,0.0,0.0,0.0,0.0,0.0,0.0,0.0
00-0036251,2023,2,0.0,0.0,0.0,0.0,0.0,0.0,0.0
00-0036251,2023,3,0.0,0.0,0.0,0.0,0.0,0.0,0.0
00-0036251,2023,5,0.0,0.0,0.0,0.0,1.0,1.0,0.0
00-0036251,2023,6,0.0,0.0,0.0,0.0,0.0,0.0,0.0
00-0036251,2023,8,0.0,0.0,0.0,0.0,0.0,0.0,0.0
00-0036251,2023,15,0.0,0.0,0.0,0.0,0.0,0.0,0.0
00-0036252,2023,1,0.0,0.0,0.0,0.0,0.0,0.0,0.0
00-0036252,2023,7,0.0,0.0,1.0,1.0,0.0,0.0,0.0
00-0036252,2023,8,0.0,0.0,0.0,0.0,0.0,0.0,0.0
00-0036252,2023,13,0.0,0.0,0.0,0.0,0.0,0.0,0.0
00-0036259,2023,13,0.0,0.0,0.0,0.0,0.0,0.0,0.0
00-0036261,2023,1,0.0,0.0,0.0,0.0,0.0,0.0,0.0
00-0036261,2023,10,0.0,0.0,0.0,0.0,0.0,0.0,0.0
00-0036261,2023,11,0.0,0.0,1.0,1.0,0.0,0.0,0.0
00-0036261,2023,12,0.0,0.0,0.0,0.0,0.0,0.0,0.0
00-0036261,2023,13,0.0,0.0,0.0,0.0,0.0,0.0,0.0
00-0036261,2023,17,0.0,0.0,0.0,0.0,0.0,0.0,0.0
00-0036264,2023,1,0.0,0.0,0.0,0.0,0.0,0.0,0.0
00-0036264,2023,2,0.0,0.0,0.0,0.0,0.0,0.0,0.0
00-0036264,2023,3,0.0,0.0,0.0,0.0,0.0,0.0,0.0
00-0036264,2023,4,0.0,0.0,0.0,0.0,0.0,0.0,0.0
00-0036264,2023,7,0.0,0.0,0.0,0.0,0.0,0.0,0.0
00-0036264,2023,8,0.0,0.0,0.0,0.0,0.0,0.0,0.0
00-0036264,2023,9,0.0,0.0,0.0,0.0,0.0,0.0,0.0
00-0036264,2023,10,0.0,0.0,0.0,0.0,0.0,0.0,0.0
00-0036264,2023,11,0.0,0.0,0.0,0.0,0.0,0.0,0.0
00-0036264,2023,12,0.0,0.0,0.0,0.0,0.0,0.0,0.0
00-0036264,2023,13,0.0,0.0,0.0,0.0,0.0,0.0,0.0
00-0036264,2023,14,0.0,0.0,0.0,0.0,0.0,0.0,0.0
00-0036264,2023,15,0.0,0.0,0.0,0.0,0.0,0.0,0.0
00-0036264,2023,16,0.0,0.0,0.0,0.0,0.0,0.0,0.0
00-0036264,2023,17,0.0,0.0,0.0,0.0,0.0,0.0,0.0
00-0036264,2023,18,0.0,0.0,0.0,0.0,0.0,0.0,0.0
00-0036265,2023,5,0.0,0.0,0.0,0.0,0.0,0.0,0.0
00-0036265,2023,16,0.0,0.0,0.0,0.0,0.0,0.0,0.0
00-0036271,2023,18,0.0,0.0,0.0,0.0,0.0,0.0,0.0
00-0036275,2023,2,0.0,0.0,0.0,0.0,0.0,0.0,0.0
00-0036275,2023,4,0.0,0.0,0.0,0.0,0.0,0.0,0.0
00-0036275,2023,6,0.0,0.0,0.0,0.0,0.0,0.0,0.0
00-0036275,2023,8,0.0,0.0,0.0,0.0,0.0,0.0,0.0
00-0036275,2023,11,0.0,0.0,0.0,0.0,0.0,0.0,0.0
00-0036275,2023,16,0.0,0.0,0.0,0.0,0.0,0.0,0.0
00-0036290,2023,4,0.0,0.0,0.0,0.0,0.0,0.0,0.0
00-0036290,2023,5,0.0,0.0,0.0,0.0,0.0,0.0,0.0
00-0036290,2023,9,0.0,0.0,0.0,0.0,0.0,0.0,0.0
00-0036290,2023,15,0.0,0.0,0.0,0.0,0.0,0.0,0.0
00-0036297,2023,8,0.0,0.0,0.0,0.0,0.0,0.0,0.0
00-0036309,2023,1,0.0,0.0,0.0,0.0,0.0,0.0,0.0
00-0036322,2023,3,0.0,0.0,1.0,1.0,0.0,0.0,0.0
00-0036322,2023,4,0.0,0.0,0.0,0.0,0.0,0.0,0.0
00-0036322,2023,16,0.0,0.0,0.0,0.0,0.0,0.0,0.0
00-0036322,2023,18,0.0,0.0,0.0,0.0,0.0,0.0,0.0
00-0036326,2023,2,0.0,0.0,0.0,0.0,0.0,0.0,0.0
00-0036328,2023,6,0.0,0.0,0.0,0.0,0.0,0.0,0.0
00-0036328,2023,10,0.0,0.0,0.0,0.0,0.0,0.0,0.0
00-0036328,2023,16,0.0,0.0,0.0,0.0,0.0,0.0,0.0
00-0036345,2023,2,0.0,0.0,0.0,0.0,0.0,0.0,0.0
00-0036345,2023,3,0.0,0.0,0.0,0.0,0.0,0.0,0.0
00-0036345,2023,16,0.0,0.0,0.0,0.0,0.0,0.0,0.0
00-0036355,2023,1,0.0,0.0,0.0,0.0,0.0,0.0,0.0
00-0036355,2023,2,0.0,0.0,0.0,0.0,0.0,0.0,0.0
00-0036355,2023,3,0.0,0.0,0.0,0.0,0.0,0.0,0.0
00-0036355,2023,4,0.0,0.0,0.0,0.0,0.0,0.0,0.0
00-0036355,2023,6,0.0,0.0,0.0,0.0,0.0,0.0,0.0
00-0036355,2023,7,0.0,0.0,0.0,0.0,0.0,0.0,0.0
00-0036355,2023,8,0.0,0.0,0.0,0.0,0.0,0.0,0.0
00-0036355,2023,10,0.0,0.0,0.0,0.0,0.0,0.0,0.0
00-0036355,2023,11,1.0,1.0,0.0,0.0,0.0,0.0,0.0
00-0036355,2023,12,0.0,0.0,0.0,0.0,0.0,0.0,0.0
00-0036358,2023,4,0.0,0.0,0.0,0.0,0.0,0.0,0.0
00-0036358,2023,8,0.0,0.0,0.0,0.0,0.0,0.0,0.0
00-0036358,2023,10,0.0,0.0,0.0,0.0,0.0,0.0,0.0
00-0036358,2023,11,0.0,0.0,0.0,0.0,0.0,0.0,0.0
00-0036358,2023,12,0.0,0.0,0.0,0.0,0.0,0.0,0.0
00-0036358,2023,13,0.0,0.0,0.0,0.0,0.0,0.0,0.0
00-0036358,2023,14,0.0,0.0,0.0,0.0,0.0,0.0,0.0
00-0036358,2023,15,0.0,0.0,0.0,0.0,0.0,0.0,0.0
00-0036358,2023,16,0.0,0.0,1.0,0.0,0.0,0.0,0.0
00-0036358,2023,17,0.0,0.0,1.0,1.0,0.0,0.0,0.0
00-0036358,2023,18,0.0,0.0,0.0,0.0,0.0,0.0,0.0
00-0036360,2023,3,0.0,0.0,0.0,0.0,0.0,0.0,0.0
00-0036360,2023,15,0.0,0.0,0.0,0.0,0.0,0.0,0.0
00-0036370,2023,1,0.0,0.0,0.0,0.0,0.0,0.0,0.0
00-0036370,2023,7,0.0,0.0,0.0,0.0,1.0,0.0,0.0
00-0036389,2023,1,0.0,0.0,0.0,0.0,0.0,0.0,0.0
00-0036389,2023,2,1.0,1.0,0.0,0.0,0.0,0.0,0.0
00-0036389,2023,3,0.0,0.0,0.0,0.0,0.0,0.0,0.0
00-0036389,2023,4,1.0,1.0,0.0,0.0,0.0,0.0,0.0
00-0036389,2023,5,0.0,0.0,0.0,0.0,0.0,0.0,0.0
00-0036389,2023,6,0.0,0.0,0.0,0.0,0.0,0.0,0.0
00-0036389,2023,7,0.0,0.0,0.0,0.0,0.0,0.0,1.0
00-0036389,2023,8,0.0,0.0,0.0,0.0,0.0,0.0,0.0
00-0036389,2023,9,0.0,0.0,0.0,0.0,0.0,0.0,0.0
00-0036389,2023,11,0.0,0.0,0.0,0.0,0.0,0.0,0.0
00-0036389,2023,12,0.0,0.0,0.0,0.0,0.0,0.0,0.0
00-0036389,2023,13,0.0,0.0,0.0,0.0,0.0,0.0,0.0
00-0036389,2023,15,0.0,0.0,0.0,0.0,0.0,0.0,0.0
00-0036389,2023,16,0.0,0.0,0.0,0.0,0.0,0.0,1.0
00-0036389,2023,17,0.0,0.0,0.0,0.0,0.0,0.0,0.0
00-0036407,2023,8,0.0,0.0,0.0,0.0,0.0,0.0,0.0
00-0036407,2023,18,0.0,0.0,0.0,0.0,0.0,0.0,0.0
00-0036410,2023,2,0.0,0.0,0.0,0.0,0.0,0.0,0.0
00-0036410,2023,15,0.0,0.0,0.0,0.0,0.0,0.0,0.0
00-0036410,2023,16,0.0,0.0,1.0,1.0,0.0,0.0,0.0
00-0036414,2023,1,0.0,0.0,0.0,0.0,0.0,0.0,0.0
00-0036414,2023,8,0.0,0.0,0.0,0.0,0.0,0.0,0.0
00-0036422,2023,5,0.0,0.0,0.0,0.0,0.0,0.0,0.0
00-0036422,2023,12,0.0,0.0,0.0,0.0,0.0,0.0,0.0
00-0036422,2023,14,0.0,0.0,0.0,0.0,0.0,0.0,0.0
00-0036427,2023,18,0.0,0.0,0.0,0.0,0.0,0.0,0.0
00-0036442,2023,2,0.0,0.0,0.0,0.0,0.0,0.0,0.0
00-0036442,2023,5,1.0,1.0,0.0,0.0,0.0,0.0,0.0
00-0036442,2023,6,0.0,0.0,0.0,0.0,0.0,0.0,0.0
00-0036442,2023,8,0.0,0.0,0.0,0.0,0.0,0.0,0.0
00-0036442,2023,9,0.0,0.0,0.0,0.0,0.0,0.0,0.0
00-0036442,2023,10,1.0,1.0,0.0,0.0,0.0,0.0,0.0
00-0036442,2023,11,0.0,0.0,0.0,0.0,0.0,0.0,0.0
00-0036550,2023,11,0.0,0.0,0.0,0.0,0.0,0.0,0.0
00-0036554,2023,2,0.0,0.0,0.0,0.0,0.0,0.0,0.0
00-0036554,2023,4,0.0,0.0,1.0,1.0,0.0,0.0,0.0
00-0036554,2023,9,0.0,0.0,0.0,0.0,0.0,0.0,0.0
00-0036554,2023,12,0.0,0.0,0.0,0.0,0.0,0.0,0.0
00-0036554,2023,13,0.0,0.0,0.0,0.0,0.0,0.0,0.0
00-0036554,2023,16,0.0,0.0,0.0,0.0,0.0,0.0,0.0
00-0036554,2023,18,0.0,0.0,1.0,1.0,0.0,0.0,0.0
00-0036555,2023,6,0.0,0.0,0.0,0.0,0.0,0.0,0.0
00-0036555,2023,12,0.0,0.0,0.0,0.0,0.0,0.0,0.0
00-0036555,2023,13,0.0,0.0,0.0,0.0,0.0,0.0,0.0
00-0036555,2023,16,0.0,0.0,0.0,0.0,0.0,0.0,0.0
00-0036556,2023,3,0.0,0.0,0.0,0.0,0.0,0.0,0.0
00-0036556,2023,17,0.0,0.0,0.0,0.0,0.0,0.0,0.0
00-0036567,2023,17,0.0,0.0,0.0,0.0,0.0,0.0,0.0
00-0036567,2023,18,0.0,0.0,0.0,0.0,0.0,0.0,0.0
00-0036590,2023,6,0.0,0.0,0.0,0.0,0.0,0.0,0.0
00-0036613,2023,5,0.0,0.0,0.0,0.0,0.0,0.0,0.0
00-0036613,2023,6,0.0,0.0,0.0,0.0,0.0,0.0,0.0
00-0036613,2023,8,0.0,0.0,0.0,0.0,0.0,0.0,0.0
00-0036613,2023,15,0.0,0.0,1.0,1.0,0.0,0.0,0.0
00-0036626,2023,10,0.0,0.0,0.0,0.0,0.0,0.0,0.0
00-0036635,2023,16,0.0,0.0,0.0,0.0,0.0,0.0,0.0
00-0036637,2023,4,0.0,0.0,0.0,0.0,0.0,0.0,0.0
00-0036637,2023,13,0.0,0.0,0.0,0.0,0.0,0.0,0.0
00-0036646,2023,8,0.0,0.0,0.0,0.0,0.0,0.0,0.0
00-0036754,2023,10,0.0,0.0,0.0,0.0,0.0,0.0,0.0
00-0036849,2023,3,0.0,0.0,0.0,0.0,0.0,0.0,0.0
00-0036849,2023,5,0.0,0.0,0.0,0.0,0.0,0.0,0.0
00-0036849,2023,7,0.0,0.0,0.0,0.0,0.0,0.0,0.0
00-0036862,2023,8,0.0,0.0,0.0,0.0,0.0,0.0,0.0
00-0036875,2023,2,0.0,0.0,0.0,0.0,0.0,0.0,0.0
00-0036875,2023,6,0.0,0.0,0.0,0.0,0.0,0.0,0.0
00-0036875,2023,9,0.0,0.0,0.0,0.0,1.0,1.0,0.0
00-0036875,2023,12,0.0,0.0,0.0,0.0,0.0,0.0,0.0
00-0036876,2023,2,0.0,0.0,0.0,0.0,0.0,0.0,0.0
00-0036893,2023,7,0.0,0.0,0.0,0.0,0.0,0.0,0.0
00-0036893,2023,9,0.0,0.0,0.0,0.0,0.0,0.0,0.0
00-0036893,2023,10,0.0,0.0,0.0,0.0,0.0,0.0,0.0
00-0036893,2023,12,0.0,0.0,0.0,0.0,0.0,0.0,0.0
00-0036893,2023,16,0.0,0.0,0.0,0.0,0.0,0.0,0.0
00-0036893,2023,17,0.0,0.0,0.0,0.0,0.0,0.0,0.0
00-0036893,2023,18,0.0,0.0,0.0,0.0,0.0,0.0,0.0
00-0036894,2023,1,0.0,0.0,0.0,0.0,0.0,0.0,0.0
00-0036894,2023,3,0.0,0.0,0.0,0.0,0.0,0.0,0.0
00-0036898,2023,16,0.0,0.0,0.0,0.0,0.0,0.0,0.0
00-0036900,2023,5,0.0,0.0,1.0,1.0,0.0,0.0,0.0
00-0036900,2023,8,0.0,0.0,0.0,0.0,0.0,0.0,0.0
00-0036900,2023,10,0.0,0.0,1.0,1.0,0.0,0.0,0.0
00-0036900,2023,11,0.0,0.0,0.0,0.0,0.0,0.0,0.0
00-0036900,2023,13,0.0,0.0,1.0,1.0,0.0,0.0,0.0
00-0036906,2023,4,0.0,0.0,0.0,0.0,0.0,0.0,0.0
00-0036906,2023,16,0.0,0.0,0.0,0.0,0.0,0.0,0.0
00-0036906,2023,17,0.0,0.0,0.0,0.0,0.0,0.0,0.0
00-0036912,2023,1,0.0,0.0,0.0,0.0,0.0,0.0,0.0
00-0036912,2023,2,0.0,0.0,1.0,1.0,0.0,0.0,0.0
00-0036912,2023,8,0.0,0.0,0.0,0.0,0.0,0.0,0.0
00-0036912,2023,9,0.0,0.0,0.0,0.0,0.0,0.0,0.0
00-0036912,2023,12,0.0,0.0,0.0,0.0,0.0,0.0,0.0
00-0036912,2023,13,0.0,0.0,0.0,0.0,0.0,0.0,0.0
00-0036912,2023,16,0.0,0.0,0.0,0.0,0.0,0.0,0.0
00-0036913,2023,6,0.0,0.0,0.0,0.0,0.0,0.0,0.0
00-0036919,2023,7,0.0,0.0,0.0,0.0,0.0,0.0,0.0
00-0036919,2023,9,0.0,0.0,0.0,0.0,0.0,0.0,0.0
00-0036924,2023,17,0.0,0.0,0.0,0.0,0.0,0.0,0.0
00-0036936,2023,3,0.0,0.0,0.0,0.0,1.0,0.0,0.0
00-0036936,2023,11,0.0,0.0,1.0,0.0,0.0,0.0,0.0
00-0036945,2023,1,0.0,0.0,0.0,0.0,0.0,0.0,1.0
00-0036945,2023,2,0.0,0.0,0.0,0.0,0.0,0.0,1.0
00-0036945,2023,3,0.0,0.0,0.0,0.0,0.0,0.0,0.0
00-0036945,2023,4,0.0,0.0,0.0,0.0,0.0,0.0,0.0
00-0036945,2023,5,1.0,1.0,0.0,0.0,0.0,0.0,0.0
00-0036945,2023,11,0.0,0.0,0.0,0.0,0.0,0.0,0.0
00-0036945,2023,14,0.0,0.0,0.0,0.0,0.0,0.0,0.0
00-0036945,2023,15,0.0,0.0,0.0,0.0,0.0,0.0,0.0
00-0036945,2023,16,0.0,0.0,0.0,0.0,0.0,0.0,0.0
00-0036945,2023,17,0.0,0.0,0.0,0.0,0.0,0.0,0.0
00-0036963,2023,1,0.0,0.0,0.0,0.0,0.0,0.0,0.0
00-0036963,2023,4,0.0,0.0,0.0,0.0,0.0,0.0,0.0
00-0036963,2023,6,0.0,0.0,0.0,0.0,0.0,0.0,0.0
00-0036963,2023,10,0.0,0.0,0.0,0.0,0.0,0.0,0.0
00-0036963,2023,11,0.0,0.0,0.0,0.0,0.0,0.0,0.0
00-0036963,2023,13,0.0,0.0,0.0,0.0,0.0,0.0,0.0
00-0036963,2023,15,0.0,0.0,0.0,0.0,0.0,0.0,0.0
00-0036963,2023,16,0.0,0.0,0.0,0.0,0.0,0.0,0.0
00-0036963,2023,17,0.0,0.0,0.0,0.0,0.0,0.0,0.0
00-0036963,2023,18,0.0,0.0,1.0,1.0,0.0,0.0,0.0
00-0036970,2023,6,0.0,0.0,0.0,0.0,0.0,0.0,0.0
00-0036970,2023,14,0.0,0.0,0.0,0.0,0.0,0.0,0.0
00-0036970,2023,16,0.0,0.0,0.0,0.0,0.0,0.0,0.0
00-0036971,2023,1,0.0,0.0,0.0,0.0,0.0,0.0,0.0
00-0036971,2023,3,0.0,0.0,0.0,0.0,0.0,0.0,0.0
00-0036971,2023,4,0.0,0.0,0.0,0.0,0.0,0.0,0.0
00-0036971,2023,5,0.0,0.0,0.0,0.0,0.0,0.0,0.0
00-0036971,2023,6,0.0,0.0,0.0,0.0,0.0,0.0,0.0
00-0036971,2023,7,1.0,0.0,0.0,0.0,0.0,0.0,0.0
00-0036971,2023,8,1.0,1.0,0.0,0.0,0.0,0.0,0.0
00-0036971,2023,11,0.0,0.0,0.0,0.0,0.0,0.0,0.0
00-0036971,2023,12,0.0,0.0,0.0,0.0,0.0,0.0,0.0
00-0036971,2023,13,0.0,0.0,0.0,0.0,0.0,0.0,0.0
00-0036971,2023,14,0.0,0.0,0.0,0.0,0.0,0.0,0.0
00-0036971,2023,15,1.0,1.0,0.0,0.0,0.0,0.0,0.0
00-0036971,2023,16,0.0,0.0,0.0,0.0,0.0,0.0,0.0
00-0036971,2023,18,1.0,1.0,0.0,0.0,0.0,0.0,0.0
00-0036972,2023,1,0.0,0.0,0.0,0.0,0.0,0.0,1.0
00-0036972,2023,2,0.0,0.0,0.0,0.0,0.0,0.0,0.0
00-0036972,2023,3,1.0,1.0,0.0,0.0,0.0,0.0,0.0
00-0036972,2023,4,0.0,0.0,0.0,0.0,0.0,0.0,1.0
00-0036972,2023,5,0.0,0.0,0.0,0.0,0.0,0.0,1.0
00-0036972,2023,7,0.0,0.0,0.0,0.0,0.0,0.0,0.0
00-0036972,2023,8,0.0,0.0,0.0,0.0,0.0,0.0,0.0
00-0036972,2023,9,0.0,0.0,0.0,0.0,0.0,0.0,0.0
00-0036973,2023,1,0.0,0.0,0.0,0.0,0.0,0.0,0.0
00-0036973,2023,5,0.0,0.0,0.0,0.0,0.0,0.0,0.0
00-0036973,2023,6,0.0,0.0,0.0,0.0,0.0,0.0,0.0
00-0036973,2023,7,0.0,0.0,0.0,0.0,0.0,0.0,0.0
00-0036973,2023,8,0.0,0.0,1.0,1.0,0.0,0.0,0.0
00-0036973,2023,13,0.0,0.0,0.0,0.0,0.0,0.0,0.0
00-0036973,2023,14,0.0,0.0,0.0,0.0,0.0,0.0,0.0
00-0036973,2023,17,0.0,0.0,0.0,0.0,1.0,1.0,0.0
00-0036980,2023,10,0.0,0.0,0.0,0.0,0.0,0.0,0.0
00-0036980,2023,17,0.0,0.0,0.0,0.0,0.0,0.0,0.0
00-0036988,2023,3,0.0,0.0,0.0,0.0,0.0,0.0,0.0
00-0036988,2023,15,0.0,0.0,1.0,1.0,0.0,0.0,0.0
00-0036997,2023,8,0.0,0.0,0.0,0.0,0.0,0.0,0.0
00-0036997,2023,10,0.0,0.0,0.0,0.0,0.0,0.0,0.0
00-0036997,2023,14,0.0,0.0,0.0,0.0,0.0,0.0,0.0
00-0036997,2023,16,0.0,0.0,0.0,0.0,0.0,0.0,0.0
00-0036997,2023,18,0.0,0.0,0.0,0.0,0.0,0.0,0.0
00-0037005,2023,5,0.0,0.0,0.0,0.0,0.0,0.0,0.0
00-0037005,2023,8,0.0,0.0,0.0,0.0,0.0,0.0,0.0
00-0037005,2023,11,0.0,0.0,0.0,0.0,0.0,0.0,0.0
00-0037013,2023,1,0.0,0.0,0.0,0.0,0.0,0.0,0.0
00-0037013,2023,2,1.0,1.0,0.0,0.0,0.0,0.0,0.0
00-0037013,2023,4,0.0,0.0,0.0,0.0,0.0,0.0,0.0
00-0037013,2023,8,1.0,1.0,0.0,0.0,0.0,0.0,0.0
00-0037013,2023,11,0.0,0.0,0.0,0.0,0.0,0.0,0.0
00-0037013,2023,14,0.0,0.0,0.0,0.0,0.0,0.0,0.0
00-0037077,2023,1,0.0,0.0,0.0,0.0,0.0,0.0,0.0
00-0037077,2023,2,0.0,0.0,0.0,0.0,0.0,0.0,0.0
00-0037077,2023,3,0.0,0.0,0.0,0.0,0.0,0.0,1.0
00-0037077,2023,4,0.0,0.0,0.0,0.0,0.0,0.0,0.0
00-0037077,2023,5,0.0,0.0,0.0,0.0,0.0,0.0,0.0
00-0037077,2023,6,0.0,0.0,0.0,0.0,0.0,0.0,0.0
00-0037077,2023,8,0.0,0.0,0.0,0.0,0.0,0.0,0.0
00-0037077,2023,9,0.0,0.0,0.0,0.0,0.0,0.0,0.0
00-0037077,2023,10,1.0,1.0,0.0,0.0,0.0,0.0,0.0
00-0037077,2023,11,0.0,0.0,0.0,0.0,0.0,0.0,1.0
00-0037077,2023,12,0.0,0.0,0.0,0.0,0.0,0.0,1.0
00-0037077,2023,13,0.0,0.0,0.0,0.0,0.0,0.0,1.0
00-0037077,2023,15,0.0,0.0,0.0,0.0,0.0,0.0,0.0
00-0037077,2023,17,0.0,0.0,0.0,0.0,0.0,0.0,0.0
00-0037077,2023,18,0.0,0.0,0.0,0.0,0.0,0.0,0.0
00-0037091,2023,17,0.0,0.0,0.0,0.0,0.0,0.0,0.0
00-0037197,2023,3,0.0,0.0,0.0,0.0,0.0,0.0,0.0
00-0037197,2023,4,0.0,0.0,0.0,0.0,1.0,0.0,0.0
00-0037197,2023,5,0.0,0.0,0.0,0.0,0.0,0.0,0.0
00-0037197,2023,7,0.0,0.0,0.0,0.0,0.0,0.0,0.0
00-0037197,2023,12,0.0,0.0,0.0,0.0,0.0,0.0,0.0
00-0037197,2023,13,0.0,0.0,0.0,0.0,0.0,0.0,0.0
00-0037197,2023,16,0.0,0.0,0.0,0.0,0.0,0.0,0.0
00-0037197,2023,17,0.0,0.0,0.0,0.0,0.0,0.0,0.0
00-0037228,2023,7,0.0,0.0,0.0,0.0,0.0,0.0,0.0
00-0037228,2023,10,0.0,0.0,0.0,0.0,0.0,0.0,0.0
00-0037228,2023,11,0.0,0.0,0.0,0.0,1.0,1.0,0.0
00-0037228,2023,17,0.0,0.0,0.0,0.0,0.0,0.0,0.0
00-0037238,2023,2,0.0,0.0,0.0,0.0,0.0,0.0,0.0
00-0037238,2023,4,0.0,0.0,0.0,0.0,0.0,0.0,0.0
00-0037239,2023,5,0.0,0.0,0.0,0.0,0.0,0.0,0.0
00-0037239,2023,9,0.0,0.0,0.0,0.0,0.0,0.0,0.0
00-0037239,2023,10,0.0,0.0,0.0,0.0,0.0,0.0,0.0
00-0037239,2023,14,0.0,0.0,0.0,0.0,0.0,0.0,0.0
00-0037239,2023,18,0.0,0.0,0.0,0.0,0.0,0.0,0.0
00-0037240,2023,6,0.0,0.0,1.0,0.0,0.0,0.0,0.0
00-0037240,2023,11,0.0,0.0,0.0,0.0,0.0,0.0,0.0
00-0037240,2023,13,0.0,0.0,0.0,0.0,0.0,0.0,0.0
00-0037247,2023,2,0.0,0.0,1.0,1.0,0.0,0.0,0.0
00-0037247,2023,5,0.0,0.0,1.0,0.0,0.0,0.0,0.0
00-0037247,2023,8,0.0,0.0,0.0,0.0,0.0,0.0,0.0
00-0037247,2023,16,0.0,0.0,2.0,2.0,0.0,0.0,0.0
00-0037248,2023,4,0.0,0.0,0.0,0.0,0.0,0.0,0.0
00-0037248,2023,7,0.0,0.0,0.0,0.0,0.0,0.0,0.0
00-0037248,2023,11,0.0,0.0,0.0,0.0,0.0,0.0,0.0
00-0037248,2023,14,0.0,0.0,0.0,0.0,0.0,0.0,0.0
00-0037248,2023,15,0.0,0.0,0.0,0.0,0.0,0.0,0.0
00-0037256,2023,2,0.0,0.0,0.0,0.0,0.0,0.0,0.0
00-0037256,2023,9,0.0,0.0,0.0,0.0,0.0,0.0,0.0
00-0037256,2023,10,0.0,0.0,1.0,0.0,0.0,0.0,0.0
00-0037256,2023,11,0.0,0.0,0.0,0.0,0.0,0.0,0.0
00-0037256,2023,13,0.0,0.0,0.0,0.0,0.0,0.0,0.0
00-0037256,2023,14,0.0,0.0,0.0,0.0,0.0,0.0,0.0
00-0037256,2023,15,0.0,0.0,0.0,0.0,0.0,0.0,0.0
00-0037256,2023,16,0.0,0.0,0.0,0.0,0.0,0.0,0.0
00-0037257,2023,14,0.0,0.0,1.0,0.0,0.0,0.0,0.0
00-0037257,2023,18,0.0,0.0,0.0,0.0,0.0,0.0,0.0
00-0037258,2023,3,0.0,0.0,0.0,0.0,0.0,0.0,0.0
00-0037258,2023,13,0.0,0.0,0.0,0.0,0.0,0.0,0.0
00-0037261,2023,2,0.0,0.0,0.0,0.0,0.0,0.0,0.0
00-0037261,2023,11,0.0,0.0,1.0,1.0,0.0,0.0,0.0
00-0037263,2023,1,0.0,0.0,0.0,0.0,0.0,0.0,0.0
00-0037263,2023,9,0.0,0.0,0.0,0.0,0.0,0.0,0.0
00-0037263,2023,16,0.0,0.0,0.0,0.0,0.0,0.0,0.0
00-0037263,2023,17,0.0,0.0,1.0,1.0,0.0,0.0,0.0
00-0037267,2023,2,0.0,0.0,0.0,0.0,0.0,0.0,0.0
00-0037267,2023,3,0.0,0.0,0.0,0.0,0.0,0.0,0.0
00-0037267,2023,7,0.0,0.0,0.0,0.0,1.0,1.0,0.0
00-0037267,2023,11,0.0,0.0,0.0,0.0,0.0,0.0,0.0
00-0037267,2023,13,0.0,0.0,0.0,0.0,0.0,0.0,0.0
00-0037267,2023,16,0.0,0.0,0.0,0.0,0.0,0.0,0.0
00-0037267,2023,17,0.0,0.0,1.0,1.0,0.0,0.0,0.0
00-0037276,2023,10,0.0,0.0,0.0,0.0,0.0,0.0,0.0
00-0037276,2023,15,0.0,0.0,0.0,0.0,0.0,0.0,0.0
00-0037276,2023,16,0.0,0.0,0.0,0.0,0.0,0.0,0.0
00-0037286,2023,15,0.0,0.0,0.0,0.0,0.0,0.0,0.0
00-0037292,2023,4,0.0,0.0,0.0,0.0,0.0,0.0,0.0
00-0037292,2023,8,0.0,0.0,0.0,0.0,0.0,0.0,0.0
00-0037311,2023,15,0.0,0.0,0.0,0.0,0.0,0.0,0.0
00-0037382,2023,2,0.0,0.0,1.0,1.0,0.0,0.0,0.0
00-0037382,2023,4,0.0,0.0,0.0,0.0,0.0,0.0,0.0
00-0037382,2023,16,0.0,0.0,0.0,0.0,0.0,0.0,0.0
00-0037475,2023,11,0.0,0.0,1.0,1.0,0.0,0.0,0.0
00-0037487,2023,4,0.0,0.0,0.0,0.0,0.0,0.0,0.0
00-0037525,2023,5,0.0,0.0,0.0,0.0,0.0,0.0,0.0
00-0037525,2023,6,0.0,0.0,0.0,0.0,0.0,0.0,0.0
00-0037525,2023,14,0.0,0.0,0.0,0.0,0.0,0.0,0.0
00-0037539,2023,16,0.0,0.0,0.0,0.0,0.0,0.0,0.0
00-0037545,2023,1,0.0,0.0,0.0,0.0,0.0,0.0,0.0
00-0037545,2023,6,0.0,0.0,0.0,0.0,0.0,0.0,0.0
00-0037545,2023,8,0.0,0.0,1.0,1.0,0.0,0.0,0.0
00-0037545,2023,16,0.0,0.0,1.0,0.0,0.0,0.0,0.0
00-0037545,2023,18,0.0,0.0,0.0,0.0,0.0,0.0,0.0
00-0037664,2023,13,0.0,0.0,0.0,0.0,0.0,0.0,0.0
00-0037664,2023,17,0.0,0.0,1.0,1.0,0.0,0.0,0.0
00-0037666,2023,9,0.0,0.0,0.0,0.0,0.0,0.0,0.0
00-0037666,2023,18,0.0,0.0,0.0,0.0,0.0,0.0,0.0
00-0037740,2023,1,0.0,0.0,0.0,0.0,0.0,0.0,0.0
00-0037740,2023,2,0.0,0.0,1.0,1.0,0.0,0.0,0.0
00-0037740,2023,12,0.0,0.0,0.0,0.0,0.0,0.0,0.0
00-0037741,2023,4,0.0,0.0,0.0,0.0,0.0,0.0,0.0
00-0037741,2023,8,0.0,0.0,0.0,0.0,0.0,0.0,0.0
00-0037741,2023,9,0.0,0.0,0.0,0.0,0.0,0.0,0.0
00-0037741,2023,11,0.0,0.0,0.0,0.0,0.0,0.0,0.0
00-0037744,2023,8,0.0,0.0,0.0,0.0,0.0,0.0,0.0
00-0037744,2023,13,0.0,0.0,0.0,0.0,0.0,0.0,0.0
00-0037744,2023,18,0.0,0.0,0.0,0.0,0.0,0.0,0.0
00-0037746,2023,1,0.0,0.0,0.0,0.0,0.0,0.0,0.0
00-0037746,2023,2,0.0,0.0,0.0,0.0,0.0,0.0,0.0
00-0037746,2023,4,0.0,0.0,0.0,0.0,0.0,0.0,0.0
00-0037746,2023,6,0.0,0.0,0.0,0.0,0.0,0.0,0.0
00-0037746,2023,7,0.0,0.0,0.0,0.0,0.0,0.0,0.0
00-0037746,2023,9,0.0,0.0,0.0,0.0,0.0,0.0,0.0
00-0037746,2023,10,0.0,0.0,1.0,1.0,0.0,0.0,0.0
00-0037746,2023,18,0.0,0.0,0.0,0.0,0.0,0.0,0.0
00-0037801,2023,1,0.0,0.0,0.0,0.0,0.0,0.0,0.0
00-0037801,2023,5,0.0,0.0,0.0,0.0,0.0,0.0,0.0
00-0037801,2023,9,0.0,0.0,0.0,0.0,0.0,0.0,0.0
00-0037801,2023,12,0.0,0.0,0.0,0.0,0.0,0.0,0.0
00-0037809,2023,16,0.0,0.0,0.0,0.0,0.0,0.0,0.0
00-0037816,2023,1,0.0,0.0,0.0,0.0,0.0,0.0,0.0
00-0037816,2023,3,0.0,0.0,0.0,0.0,0.0,0.0,0.0
00-0037816,2023,7,0.0,0.0,0.0,0.0,0.0,0.0,0.0
00-0037816,2023,8,0.0,0.0,0.0,0.0,0.0,0.0,0.0
00-0037816,2023,10,0.0,0.0,0.0,0.0,0.0,0.0,0.0
00-0037816,2023,11,0.0,0.0,0.0,0.0,0.0,0.0,0.0
00-0037816,2023,16,0.0,0.0,0.0,0.0,0.0,0.0,0.0
00-0037834,2023,1,0.0,0.0,0.0,0.0,0.0,0.0,0.0
00-0037834,2023,2,0.0,0.0,0.0,0.0,0.0,0.0,0.0
00-0037834,2023,3,0.0,0.0,0.0,0.0,0.0,0.0,0.0
00-0037834,2023,4,0.0,0.0,0.0,0.0,0.0,0.0,0.0
00-0037834,2023,5,0.0,0.0,0.0,0.0,0.0,0.0,0.0
00-0037834,2023,6,0.0,0.0,0.0,0.0,0.0,0.0,0.0
00-0037834,2023,7,0.0,0.0,0.0,0.0,0.0,0.0,0.0
00-0037834,2023,8,0.0,0.0,0.0,0.0,0.0,0.0,0.0
00-0037834,2023,10,1.0,1.0,0.0,0.0,0.0,0.0,0.0
00-0037834,2023,11,1.0,1.0,0.0,0.0,0.0,0.0,0.0
00-0037834,2023,12,0.0,0.0,0.0,0.0,0.0,0.0,1.0
00-0037834,2023,13,2.0,0.0,0.0,0.0,0.0,0.0,0.0
00-0037834,2023,14,2.0,1.0,0.0,0.0,0.0,0.0,0.0
00-0037834,2023,15,1.0,0.0,0.0,0.0,0.0,0.0,0.0
00-0037834,2023,17,0.0,0.0,0.0,0.0,0.0,0.0,0.0
00-0037837,2023,3,0.0,0.0,1.0,1.0,0.0,0.0,0.0
00-0037837,2023,16,0.0,0.0,0.0,0.0,0.0,0.0,0.0
00-0037838,2023,14,0.0,0.0,1.0,1.0,0.0,0.0,0.0
00-0037838,2023,15,0.0,0.0,0.0,0.0,0.0,0.0,0.0
00-0037838,2023,17,0.0,0.0,0.0,0.0,0.0,0.0,0.0
00-0037838,2023,18,0.0,0.0,0.0,0.0,0.0,0.0,0.0
00-0037840,2023,1,0.0,0.0,0.0,0.0,0.0,0.0,0.0
00-0037840,2023,2,0.0,0.0,0.0,0.0,0.0,0.0,0.0
00-0037840,2023,4,0.0,0.0,0.0,0.0,0.0,0.0,0.0
00-0037840,2023,6,0.0,0.0,0.0,0.0,0.0,0.0,0.0
00-0037840,2023,12,0.0,0.0,0.0,0.0,0.0,0.0,0.0
00-0037840,2023,13,0.0,0.0,0.0,0.0,0.0,0.0,0.0
00-0037840,2023,15,0.0,0.0,0.0,0.0,0.0,0.0,0.0
00-0037840,2023,16,0.0,0.0,0.0,0.0,0.0,0.0,0.0
00-0037840,2023,17,0.0,0.0,0.0,0.0,0.0,0.0,0.0
00-0038040,2023,15,0.0,0.0,0.0,0.0,0.0,0.0,0.0
00-0038041,2023,2,0.0,0.0,0.0,0.0,0.0,0.0,0.0
00-0038041,2023,8,0.0,0.0,0.0,0.0,0.0,0.0,0.0
00-0038041,2023,9,0.0,0.0,0.0,0.0,0.0,0.0,0.0
00-0038041,2023,10,0.0,0.0,0.0,0.0,0.0,0.0,0.0
00-0038041,2023,13,0.0,0.0,0.0,0.0,0.0,0.0,0.0
00-0038046,2023,17,0.0,0.0,0.0,0.0,0.0,0.0,0.0
00-0038090,2023,2,0.0,0.0,0.0,0.0,0.0,0.0,0.0
00-0038098,2023,2,0.0,0.0,0.0,0.0,0.0,0.0,0.0
00-0038102,2023,1,0.0,0.0,0.0,0.0,0.0,0.0,0.0
00-0038102,2023,2,1.0,1.0,0.0,0.0,0.0,0.0,0.0
00-0038102,2023,3,1.0,1.0,0.0,0.0,0.0,0.0,0.0
00-0038102,2023,5,1.0,0.0,0.0,0.0,0.0,0.0,0.0
00-0038102,2023,7,0.0,0.0,0.0,0.0,0.0,0.0,0.0
00-0038102,2023,9,0.0,0.0,0.0,0.0,0.0,0.0,0.0
00-0038108,2023,14,0.0,0.0,0.0,0.0,0.0,0.0,0.0
00-0038108,2023,15,0.0,0.0,0.0,0.0,0.0,0.0,0.0
00-0038108,2023,16,0.0,0.0,0.0,0.0,0.0,0.0,0.0
00-0038108,2023,17,0.0,0.0,0.0,0.0,0.0,0.0,1.0
00-0038117,2023,9,0.0,0.0,0.0,0.0,0.0,0.0,0.0
00-0038117,2023,17,0.0,0.0,0.0,0.0,0.0,0.0,0.0
00-0038120,2023,5,0.0,0.0,0.0,0.0,1.0,1.0,0.0
00-0038120,2023,6,0.0,0.0,0.0,0.0,0.0,0.0,0.0
00-0038120,2023,8,0.0,0.0,1.0,1.0,0.0,0.0,0.0
00-0038120,2023,11,0.0,0.0,0.0,0.0,0.0,0.0,0.0
00-0038120,2023,14,0.0,0.0,0.0,0.0,0.0,0.0,0.0
00-0038120,2023,16,0.0,0.0,0.0,0.0,0.0,0.0,0.0
00-0038120,2023,17,0.0,0.0,0.0,0.0,0.0,0.0,0.0
00-0038120,2023,18,0.0,0.0,0.0,0.0,1.0,1.0,0.0
00-0038122,2023,1,0.0,0.0,0.0,0.0,0.0,0.0,0.0
00-0038122,2023,2,0.0,0.0,0.0,0.0,0.0,0.0,0.0
00-0038122,2023,4,0.0,0.0,0.0,0.0,0.0,0.0,1.0
00-0038122,2023,5,0.0,0.0,0.0,0.0,0.0,0.0,0.0
00-0038122,2023,6,0.0,0.0,0.0,0.0,0.0,0.0,0.0
00-0038122,2023,7,0.0,0.0,0.0,0.0,0.0,0.0,0.0
00-0038122,2023,10,0.0,0.0,0.0,0.0,0.0,0.0,0.0
00-0038122,2023,12,0.0,0.0,0.0,0.0,0.0,0.0,0.0
00-0038122,2023,13,0.0,0.0,0.0,0.0,0.0,0.0,0.0
00-0038122,2023,14,0.0,0.0,0.0,0.0,0.0,0.0,0.0
00-0038122,2023,15,0.0,0.0,0.0,0.0,0.0,0.0,0.0
00-0038122,2023,18,1.0,1.0,0.0,0.0,0.0,0.0,0.0
00-0038124,2023,4,0.0,0.0,0.0,0.0,0.0,0.0,0.0
00-0038124,2023,11,0.0,0.0,0.0,0.0,0.0,0.0,0.0
00-0038124,2023,12,0.0,0.0,0.0,0.0,0.0,0.0,0.0
00-0038124,2023,13,0.0,0.0,0.0,0.0,0.0,0.0,0.0
00-0038129,2023,4,0.0,0.0,0.0,0.0,0.0,0.0,0.0
00-0038129,2023,9,0.0,0.0,0.0,0.0,0.0,0.0,0.0
00-0038129,2023,14,0.0,0.0,0.0,0.0,0.0,0.0,0.0
00-0038134,2023,2,0.0,0.0,0.0,0.0,0.0,0.0,0.0
00-0038134,2023,3,0.0,0.0,0.0,0.0,0.0,0.0,0.0
00-0038134,2023,4,0.0,0.0,0.0,0.0,0.0,0.0,0.0
00-0038134,2023,6,0.0,0.0,0.0,0.0,0.0,0.0,0.0
00-0038134,2023,10,0.0,0.0,1.0,1.0,0.0,0.0,0.0
00-0038134,2023,15,0.0,0.0,0.0,0.0,0.0,0.0,0.0
00-0038134,2023,17,0.0,0.0,0.0,0.0,0.0,0.0,0.0
00-0038393,2023,2,0.0,0.0,0.0,0.0,0.0,0.0,0.0
00-0038393,2023,16,0.0,0.0,0.0,0.0,0.0,0.0,0.0
00-0038393,2023,18,0.0,0.0,0.0,0.0,0.0,0.0,0.0
00-0038416,2023,6,0.0,0.0,0.0,0.0,0.0,0.0,0.0
00-0038416,2023,7,0.0,0.0,0.0,0.0,0.0,0.0,0.0
00-0038416,2023,8,0.0,0.0,0.0,0.0,0.0,0.0,0.0
00-0038416,2023,9,0.0,0.0,0.0,0.0,0.0,0.0,0.0
00-0038454,2023,9,0.0,0.0,0.0,0.0,1.0,0.0,0.0
00-0038454,2023,10,0.0,0.0,0.0,0.0,0.0,0.0,0.0
00-0038465,2023,14,0.0,0.0,0.0,0.0,0.0,0.0,0.0
00-0038476,2023,8,0.0,0.0,0.0,0.0,0.0,0.0,0.0
00-0038476,2023,9,0.0,0.0,0.0,0.0,0.0,0.0,0.0
00-0038476,2023,10,0.0,0.0,0.0,0.0,0.0,0.0,0.0
00-0038476,2023,11,1.0,0.0,0.0,0.0,0.0,0.0,0.0
00-0038476,2023,12,0.0,0.0,0.0,0.0,0.0,0.0,0.0
00-0038476,2023,14,0.0,0.0,0.0,0.0,0.0,0.0,0.0
00-0038492,2023,16,0.0,0.0,0.0,0.0,0.0,0.0,0.0
00-0038496,2023,14,0.0,0.0,0.0,0.0,0.0,0.0,0.0
00-0038542,2023,1,0.0,0.0,0.0,0.0,0.0,0.0,0.0
00-0038542,2023,5,0.0,0.0,0.0,0.0,0.0,0.0,0.0
00-0038542,2023,8,0.0,0.0,0.0,0.0,0.0,0.0,0.0
00-0038542,2023,10,0.0,0.0,0.0,0.0,0.0,0.0,0.0
00-0038542,2023,12,0.0,0.0,0.0,0.0,0.0,0.0,0.0
00-0038542,2023,14,0.0,0.0,0.0,0.0,0.0,0.0,0.0
00-0038542,2023,18,0.0,0.0,1.0,1.0,0.0,0.0,0.0
00-0038543,2023,7,0.0,0.0,0.0,0.0,0.0,0.0,0.0
00-0038543,2023,8,0.0,0.0,0.0,0.0,0.0,0.0,0.0
00-0038543,2023,15,0.0,0.0,0.0,0.0,0.0,0.0,0.0
00-0038543,2023,17,0.0,0.0,0.0,0.0,0.0,0.0,0.0
00-0038544,2023,10,0.0,0.0,0.0,0.0,0.0,0.0,0.0
00-0038544,2023,15,0.0,0.0,0.0,0.0,0.0,0.0,0.0
00-0038547,2023,2,0.0,0.0,0.0,0.0,0.0,0.0,0.0
00-0038547,2023,11,0.0,0.0,0.0,0.0,0.0,0.0,0.0
00-0038551,2023,18,0.0,0.0,0.0,0.0,0.0,0.0,0.0
00-0038555,2023,1,0.0,0.0,0.0,0.0,0.0,0.0,0.0
00-0038555,2023,3,0.0,0.0,0.0,0.0,0.0,0.0,0.0
00-0038559,2023,4,0.0,0.0,0.0,0.0,0.0,0.0,0.0
00-0038559,2023,17,0.0,0.0,0.0,0.0,0.0,0.0,0.0
00-0038563,2023,15,0.0,0.0,0.0,0.0,0.0,0.0,0.0
00-0038579,2023,4,0.0,0.0,0.0,0.0,0.0,0.0,0.0
00-0038579,2023,7,0.0,0.0,0.0,0.0,0.0,0.0,0.0
00-0038579,2023,10,0.0,0.0,0.0,0.0,0.0,0.0,0.0
00-0038579,2023,11,1.0,0.0,0.0,0.0,0.0,0.0,0.0
00-0038579,2023,12,0.0,0.0,0.0,0.0,0.0,0.0,0.0
00-0038579,2023,15,0.0,0.0,0.0,0.0,0.0,0.0,0.0
00-0038579,2023,17,0.0,0.0,0.0,0.0,0.0,0.0,0.0
00-0038579,2023,18,0.0,0.0,0.0,0.0,0.0,0.0,0.0
00-0038582,2023,10,0.0,0.0,0.0,0.0,0.0,0.0,0.0
00-0038583,2023,12,0.0,0.0,0.0,0.0,0.0,0.0,0.0
00-0038589,2023,4,0.0,0.0,0.0,0.0,0.0,0.0,0.0
00-0038597,2023,14,0.0,0.0,1.0,1.0,0.0,0.0,0.0
00-0038606,2023,13,0.0,0.0,0.0,0.0,0.0,0.0,0.0
00-0038606,2023,14,0.0,0.0,0.0,0.0,0.0,0.0,0.0
00-0038611,2023,16,0.0,0.0,0.0,0.0,0.0,0.0,0.0
00-0038612,2023,10,0.0,0.0,0.0,0.0,0.0,0.0,0.0
00-0038612,2023,16,0.0,0.0,0.0,0.0,0.0,0.0,0.0
00-0038612,2023,18,0.0,0.0,0.0,0.0,0.0,0.0,0.0
00-0038619,2023,6,0.0,0.0,0.0,0.0,0.0,0.0,0.0
00-0038619,2023,8,0.0,0.0,0.0,0.0,0.0,0.0,0.0
00-0038619,2023,18,0.0,0.0,0.0,0.0,0.0,0.0,0.0
00-0038647,2023,3,0.0,0.0,0.0,0.0,0.0,0.0,0.0
00-0038647,2023,16,0.0,0.0,0.0,0.0,0.0,0.0,0.0
00-0038647,2023,18,0.0,0.0,0.0,0.0,0.0,0.0,0.0
00-0038705,2023,5,0.0,0.0,0.0,0.0,0.0,0.0,0.0
00-0038705,2023,15,0.0,0.0,0.0,0.0,1.0,0.0,0.0
00-0038738,2023,4,0.0,0.0,0.0,0.0,0.0,0.0,0.0
00-0038752,2023,3,0.0,0.0,0.0,0.0,0.0,0.0,0.0
00-0038752,2023,7,0.0,0.0,0.0,0.0,0.0,0.0,0.0
00-0038752,2023,8,0.0,0.0,0.0,0.0,0.0,0.0,0.0
00-0038794,2023,2,0.0,0.0,0.0,0.0,0.0,0.0,0.0
00-0038794,2023,4,0.0,0.0,0.0,0.0,0.0,0.0,0.0
00-0038794,2023,5,0.0,0.0,0.0,0.0,0.0,0.0,0.0
00-0038809,2023,13,0.0,0.0,0.0,0.0,0.0,0.0,0.0
00-0038933,2023,8,0.0,0.0,0.0,0.0,0.0,0.0,0.0
00-0038933,2023,10,0.0,0.0,0.0,0.0,0.0,0.0,0.0
00-0038935,2023,6,0.0,0.0,0.0,0.0,0.0,0.0,0.0
00-0038976,2023,2,0.0,0.0,1.0,1.0,0.0,0.0,0.0
00-0038977,2023,2,0.0,0.0,0.0,0.0,0.0,0.0,0.0
00-0038977,2023,3,0.0,0.0,1.0,1.0,0.0,0.0,0.0
00-0038977,2023,9,0.0,0.0,0.0,0.0,0.0,0.0,0.0
00-0038977,2023,10,0.0,0.0,0.0,0.0,0.0,0.0,0.0
00-0038977,2023,11,0.0,0.0,1.0,0.0,0.0,0.0,0.0
00-0038977,2023,12,0.0,0.0,0.0,0.0,0.0,0.0,0.0
00-0038994,2023,1,0.0,0.0,0.0,0.0,0.0,0.0,0.0
00-0038994,2023,2,0.0,0.0,1.0,1.0,0.0,0.0,0.0
00-0038994,2023,5,0.0,0.0,0.0,0.0,0.0,0.0,0.0
00-0038994,2023,6,0.0,0.0,0.0,0.0,0.0,0.0,0.0
00-0038994,2023,7,0.0,0.0,1.0,1.0,0.0,0.0,0.0
00-0038994,2023,8,0.0,0.0,0.0,0.0,0.0,0.0,0.0
00-0038994,2023,15,0.0,0.0,0.0,0.0,0.0,0.0,0.0
00-0038994,2023,18,0.0,0.0,1.0,0.0,0.0,0.0,0.0
00-0038996,2023,12,0.0,0.0,0.0,0.0,0.0,0.0,0.0
00-0038996,2023,15,0.0,0.0,0.0,0.0,0.0,0.0,0.0
00-0038997,2023,6,0.0,0.0,0.0,0.0,0.0,0.0,0.0
00-0038997,2023,7,0.0,0.0,1.0,1.0,0.0,0.0,0.0
00-0039021,2023,1,0.0,0.0,0.0,0.0,0.0,0.0,0.0
00-0039021,2023,17,0.0,0.0,0.0,0.0,0.0,0.0,0.0
00-0039032,2023,5,0.0,0.0,0.0,0.0,0.0,0.0,0.0
00-0039032,2023,18,0.0,0.0,0.0,0.0,0.0,0.0,0.0
00-0039040,2023,3,0.0,0.0,0.0,0.0,1.0,1.0,0.0
00-0039040,2023,4,0.0,0.0,0.0,0.0,0.0,0.0,0.0
00-0039040,2023,5,0.0,0.0,0.0,0.0,1.0,1.0,0.0
00-0039040,2023,13,0.0,0.0,0.0,0.0,0.0,0.0,0.0
00-0039040,2023,17,0.0,0.0,0.0,0.0,0.0,0.0,0.0
00-0039040,2023,18,0.0,0.0,0.0,0.0,0.0,0.0,0.0
00-0039041,2023,15,0.0,0.0,0.0,0.0,0.0,0.0,0.0
00-0039052,2023,1,0.0,0.0,0.0,0.0,0.0,0.0,0.0
00-0039052,2023,4,0.0,0.0,0.0,0.0,0.0,0.0,0.0
00-0039052,2023,17,0.0,0.0,0.0,0.0,0.0,0.0,0.0
00-0039064,2023,6,0.0,0.0,0.0,0.0,0.0,0.0,0.0
00-0039064,2023,12,0.0,0.0,0.0,0.0,0.0,0.0,0.0
00-0039064,2023,14,0.0,0.0,0.0,0.0,0.0,0.0,0.0
00-0039064,2023,16,0.0,0.0,0.0,0.0,0.0,0.0,0.0
00-0039064,2023,17,0.0,0.0,1.0,1.0,0.0,0.0,0.0
00-0039065,2023,3,0.0,0.0,1.0,0.0,0.0,0.0,0.0
00-0039065,2023,5,0.0,0.0,0.0,0.0,0.0,0.0,0.0
00-0039065,2023,8,0.0,0.0,0.0,0.0,0.0,0.0,0.0
00-0039065,2023,12,0.0,0.0,0.0,0.0,0.0,0.0,0.0
00-0039065,2023,13,0.0,0.0,0.0,0.0,0.0,0.0,0.0
00-0039065,2023,15,0.0,0.0,0.0,0.0,0.0,0.0,0.0
00-0039065,2023,18,0.0,0.0,0.0,0.0,0.0,0.0,0.0
00-0039066,2023,10,0.0,0.0,0.0,0.0,0.0,0.0,0.0
00-0039066,2023,15,0.0,0.0,0.0,0.0,0.0,0.0,0.0
00-0039067,2023,1,0.0,0.0,0.0,0.0,0.0,0.0,0.0
00-0039067,2023,5,0.0,0.0,0.0,0.0,0.0,0.0,0.0
00-0039067,2023,7,0.0,0.0,0.0,0.0,0.0,0.0,0.0
00-0039067,2023,9,0.0,0.0,0.0,0.0,0.0,0.0,0.0
00-0039067,2023,12,0.0,0.0,0.0,0.0,0.0,0.0,0.0
00-0039067,2023,14,0.0,0.0,0.0,0.0,0.0,0.0,0.0
00-0039067,2023,15,0.0,0.0,0.0,0.0,0.0,0.0,0.0
00-0039074,2023,14,0.0,0.0,0.0,0.0,0.0,0.0,0.0
00-0039075,2023,4,0.0,0.0,0.0,0.0,0.0,0.0,0.0
00-0039075,2023,5,0.0,0.0,0.0,0.0,0.0,0.0,0.0
00-0039075,2023,11,0.0,0.0,0.0,0.0,0.0,0.0,0.0
00-0039075,2023,13,0.0,0.0,1.0,1.0,0.0,0.0,0.0
00-0039075,2023,16,0.0,0.0,0.0,0.0,0.0,0.0,0.0
00-0039075,2023,18,0.0,0.0,0.0,0.0,0.0,0.0,0.0
00-0039139,2023,7,0.0,0.0,0.0,0.0,0.0,0.0,0.0
00-0039139,2023,8,0.0,0.0,0.0,0.0,0.0,0.0,0.0
00-0039139,2023,10,0.0,0.0,0.0,0.0,0.0,0.0,0.0
00-0039139,2023,11,0.0,0.0,0.0,0.0,0.0,0.0,0.0
00-0039139,2023,14,0.0,0.0,0.0,0.0,0.0,0.0,0.0
00-0039139,2023,15,0.0,0.0,0.0,0.0,0.0,0.0,0.0
00-0039139,2023,16,0.0,0.0,0.0,0.0,0.0,0.0,0.0
00-0039139,2023,18,0.0,0.0,0.0,0.0,0.0,0.0,0.0
00-0039144,2023,9,0.0,0.0,0.0,0.0,0.0,0.0,0.0
00-0039146,2023,2,0.0,0.0,0.0,0.0,0.0,0.0,0.0
00-0039146,2023,7,0.0,0.0,0.0,0.0,0.0,0.0,0.0
00-0039146,2023,10,0.0,0.0,0.0,0.0,0.0,0.0,0.0
00-0039146,2023,11,0.0,0.0,0.0,0.0,0.0,0.0,0.0
00-0039146,2023,12,0.0,0.0,0.0,0.0,0.0,0.0,0.0
00-0039146,2023,14,0.0,0.0,0.0,0.0,0.0,0.0,0.0
00-0039146,2023,15,0.0,0.0,0.0,0.0,0.0,0.0,0.0
00-0039146,2023,17,0.0,0.0,0.0,0.0,0.0,0.0,0.0
00-0039150,2023,1,0.0,0.0,0.0,0.0,0.0,0.0,0.0
00-0039150,2023,2,0.0,0.0,0.0,0.0,0.0,0.0,0.0
00-0039150,2023,5,0.0,0.0,0.0,0.0,0.0,0.0,0.0
00-0039150,2023,6,0.0,0.0,0.0,0.0,0.0,0.0,0.0
00-0039150,2023,8,0.0,0.0,0.0,0.0,0.0,0.0,0.0
00-0039150,2023,9,0.0,0.0,0.0,0.0,0.0,0.0,2.0
00-0039150,2023,11,0.0,0.0,0.0,0.0,0.0,0.0,1.0
00-0039150,2023,16,0.0,0.0,0.0,0.0,0.0,0.0,0.0
00-0039152,2023,8,2.0,1.0,0.0,0.0,0.0,0.0,0.0
00-0039152,2023,11,1.0,0.0,0.0,0.0,0.0,0.0,0.0
00-0039152,2023,13,0.0,0.0,0.0,0.0,0.0,0.0,0.0
00-0039152,2023,14,0.0,0.0,0.0,0.0,0.0,0.0,1.0
00-0039152,2023,15,0.0,0.0,0.0,0.0,0.0,0.0,0.0
00-0039163,2023,2,0.0,0.0,0.0,0.0,0.0,0.0,0.0
00-0039163,2023,3,1.0,1.0,0.0,0.0,0.0,0.0,0.0
00-0039163,2023,4,1.0,1.0,0.0,0.0,0.0,0.0,0.0
00-0039163,2023,5,0.0,0.0,0.0,0.0,0.0,0.0,0.0
00-0039163,2023,6,0.0,0.0,0.0,0.0,0.0,0.0,0.0
00-0039163,2023,8,0.0,0.0,0.0,0.0,0.0,0.0,0.0
00-0039163,2023,9,1.0,1.0,0.0,0.0,0.0,0.0,0.0
00-0039163,2023,10,0.0,0.0,0.0,0.0,0.0,0.0,0.0
00-0039163,2023,11,1.0,0.0,0.0,0.0,0.0,0.0,0.0
00-0039163,2023,12,0.0,0.0,0.0,0.0,0.0,0.0,0.0
00-0039163,2023,13,0.0,0.0,0.0,0.0,0.0,0.0,0.0
00-0039163,2023,17,0.0,0.0,0.0,0.0,0.0,0.0,0.0
00-0039163,2023,18,1.0,1.0,0.0,0.0,0.0,0.0,0.0
00-0039164,2023,1,0.0,0.0,0.0,0.0,0.0,0.0,0.0
00-0039164,2023,2,0.0,0.0,0.0,0.0,0.0,0.0,0.0
00-0039164,2023,4,0.0,0.0,0.0,0.0,0.0,0.0,0.0
00-0039165,2023,13,0.0,0.0,0.0,0.0,0.0,0.0,0.0
00-0023459,2024,1,0.0,0.0,0.0,0.0,0.0,0.0,0.0
00-0023459,2024,2,0.0,0.0,0.0,0.0,0.0,0.0,0.0
00-0023459,2024,3,0.0,0.0,0.0,0.0,0.0,0.0,0.0
00-0023459,2024,5,0.0,0.0,0.0,0.0,0.0,0.0,1.0
00-0023459,2024,6,1.0,1.0,0.0,0.0,0.0,0.0,0.0
00-0023459,2024,7,0.0,0.0,0.0,0.0,0.0,0.0,0.0
00-0023459,2024,8,0.0,0.0,0.0,0.0,0.0,0.0,0.0
00-0023459,2024,9,0.0,0.0,0.0,0.0,0.0,0.0,0.0
00-0023459,2024,11,0.0,0.0,0.0,0.0,0.0,0.0,0.0
00-0023459,2024,13,0.0,0.0,0.0,0.0,0.0,0.0,1.0
00-0023459,2024,14,0.0,0.0,0.0,0.0,0.0,0.0,0.0
00-0023459,2024,15,1.0,1.0,0.0,0.0,0.0,0.0,0.0
00-0023459,2024,16,0.0,0.0,0.0,0.0,0.0,0.0,0.0
00-0023459,2024,18,0.0,0.0,0.0,0.0,0.0,0.0,0.0
00-0026158,2024,4,0.0,0.0,0.0,0.0,0.0,0.0,0.0
00-0026158,2024,5,1.0,1.0,0.0,0.0,0.0,0.0,0.0
00-0026158,2024,6,0.0,0.0,0.0,0.0,0.0,0.0,0.0
00-0026158,2024,10,0.0,0.0,0.0,0.0,0.0,0.0,1.0
00-0026158,2024,17,0.0,0.0,0.0,0.0,0.0,0.0,0.0
00-0026158,2024,18,1.0,0.0,0.0,0.0,0.0,0.0,0.0
00-0026498,2024,1,0.0,0.0,0.0,0.0,0.0,0.0,0.0
00-0026498,2024,3,0.0,0.0,0.0,0.0,0.0,0.0,0.0
00-0026498,2024,5,0.0,0.0,0.0,0.0,0.0,0.0,0.0
00-0026498,2024,8,0.0,0.0,0.0,0.0,0.0,0.0,0.0
00-0026498,2024,9,0.0,0.0,0.0,0.0,0.0,0.0,0.0
00-0026498,2024,11,1.0,1.0,0.0,0.0,0.0,0.0,0.0
00-0026498,2024,12,0.0,0.0,0.0,0.0,0.0,0.0,0.0
00-0026498,2024,13,0.0,0.0,0.0,0.0,0.0,0.0,0.0
00-0026498,2024,14,0.0,0.0,0.0,0.0,0.0,0.0,0.0
00-0026498,2024,16,0.0,0.0,0.0,0.0,0.0,0.0,0.0
00-0027973,2024,3,0.0,0.0,0.0,0.0,0.0,0.0,0.0
00-0027973,2024,4,0.0,0.0,0.0,0.0,0.0,0.0,0.0
00-0027973,2024,6,0.0,0.0,0.0,0.0,0.0,0.0,0.0
00-0027973,2024,7,0.0,0.0,0.0,0.0,0.0,0.0,1.0
00-0028118,2024,1,0.0,0.0,0.0,0.0,0.0,0.0,0.0
00-0028118,2024,17,0.0,0.0,0.0,0.0,0.0,0.0,0.0
00-0029263,2024,7,0.0,0.0,0.0,0.0,0.0,0.0,0.0
00-0029263,2024,8,0.0,0.0,0.0,0.0,0.0,0.0,0.0
00-0029263,2024,10,0.0,0.0,0.0,0.0,0.0,0.0,0.0
00-0029263,2024,12,0.0,0.0,0.0,0.0,0.0,0.0,0.0
00-0029263,2024,13,0.0,0.0,0.0,0.0,0.0,0.0,1.0
00-0029263,2024,14,0.0,0.0,0.0,0.0,0.0,0.0,0.0
00-0029263,2024,15,0.0,0.0,0.0,0.0,0.0,0.0,0.0
00-0029263,2024,16,0.0,0.0,0.0,0.0,0.0,0.0,1.0
00-0029263,2024,17,0.0,0.0,0.0,0.0,0.0,0.0,0.0
00-0029263,2024,18,0.0,0.0,0.0,0.0,0.0,0.0,0.0
00-0029604,2024,1,0.0,0.0,0.0,0.0,0.0,0.0,0.0
00-0029604,2024,2,1.0,0.0,0.0,0.0,0.0,0.0,0.0
00-0029604,2024,3,0.0,0.0,0.0,0.0,0.0,0.0,0.0
00-0029604,2024,5,1.0,0.0,0.0,0.0,0.0,0.0,0.0
00-0029604,2024,6,0.0,0.0,0.0,0.0,0.0,0.0,0.0
00-0029604,2024,7,0.0,0.0,0.0,0.0,0.0,0.0,0.0
00-0029604,2024,8,1.0,0.0,0.0,0.0,0.0,0.0,0.0
00-0029604,2024,9,0.0,0.0,0.0,0.0,0.0,0.0,0.0
00-0029604,2024,13,0.0,0.0,0.0,0.0,0.0,0.0,1.0
00-0029604,2024,15,0.0,0.0,0.0,0.0,0.0,0.0,0.0
00-0029892,2024,6,0.0,0.0,0.0,0.0,0.0,0.0,0.0
00-0029892,2024,17,0.0,0.0,0.0,0.0,0.0,0.0,0.0
00-0029892,2024,18,0.0,0.0,0.0,0.0,0.0,0.0,0.0
00-0030035,2024,3,0.0,0.0,0.0,0.0,0.0,0.0,0.0
00-0030035,2024,13,0.0,0.0,0.0,0.0,0.0,0.0,0.0
00-0030035,2024,16,0.0,0.0,0.0,0.0,0.0,0.0,0.0
00-0030035,2024,17,0.0,0.0,1.0,0.0,0.0,0.0,0.0
00-0030061,2024,7,0.0,0.0,0.0,0.0,0.0,0.0,0.0
00-0030061,2024,11,0.0,0.0,0.0,0.0,0.0,0.0,0.0
00-0030061,2024,12,0.0,0.0,0.0,0.0,0.0,0.0,0.0
00-0030061,2024,13,0.0,0.0,0.0,0.0,0.0,0.0,0.0
00-0030061,2024,17,0.0,0.0,0.0,0.0,0.0,0.0,0.0
00-0030061,2024,18,0.0,0.0,0.0,0.0,0.0,0.0,0.0
00-0030279,2024,6,0.0,0.0,0.0,0.0,0.0,0.0,0.0
00-0030279,2024,12,0.0,0.0,0.0,0.0,0.0,0.0,0.0
00-0030279,2024,13,0.0,0.0,0.0,0.0,0.0,0.0,0.0
00-0030279,2024,15,0.0,0.0,0.0,0.0,0.0,0.0,0.0
00-0030279,2024,16,0.0,0.0,1.0,0.0,0.0,0.0,0.0
00-0030506,2024,8,0.0,0.0,0.0,0.0,0.0,0.0,0.0
00-0030506,2024,10,0.0,0.0,0.0,0.0,0.0,0.0,0.0
00-0030506,2024,17,0.0,0.0,0.0,0.0,0.0,0.0,0.0
00-0030564,2024,3,0.0,0.0,0.0,0.0,0.0,0.0,0.0
00-0030564,2024,9,0.0,0.0,0.0,0.0,0.0,0.0,0.0
00-0030564,2024,12,0.0,0.0,0.0,0.0,0.0,0.0,0.0
00-0030564,2024,14,0.0,0.0,0.0,0.0,0.0,0.0,0.0
00-0030565,2024,1,0.0,0.0,0.0,0.0,0.0,0.0,0.0
00-0030565,2024,2,1.0,1.0,0.0,0.0,0.0,0.0,0.0
00-0030565,2024,3,1.0,1.0,0.0,0.0,0.0,0.0,0.0
00-0030565,2024,4,0.0,0.0,0.0,0.0,0.0,0.0,0.0
00-0030565,2024,5,0.0,0.0,0.0,0.0,0.0,0.0,0.0
00-0030565,2024,6,0.0,0.0,0.0,0.0,0.0,0.0,0.0
00-0030565,2024,7,0.0,0.0,0.0,0.0,0.0,0.0,0.0
00-0030565,2024,9,0.0,0.0,0.0,0.0,0.0,0.0,1.0
00-0030565,2024,11,0.0,0.0,0.0,0.0,0.0,0.0,0.0
00-0030565,2024,12,0.0,0.0,0.0,0.0,0.0,0.0,0.0
00-0030565,2024,13,0.0,0.0,0.0,0.0,0.0,0.0,0.0
00-0030565,2024,14,0.0,0.0,0.0,0.0,0.0,0.0,0.0
00-0030565,2024,16,0.0,0.0,0.0,0.0,0.0,0.0,0.0
00-0030565,2024,18,0.0,0.0,0.0,0.0,0.0,0.0,0.0
00-0030578,2024,16,0.0,0.0,0.0,0.0,0.0,0.0,0.0
00-0031236,2024,1,0.0,0.0,0.0,0.0,0.0,0.0,0.0
00-0031236,2024,13,0.0,0.0,0.0,0.0,0.0,0.0,0.0
00-0031236,2024,14,0.0,0.0,0.0,0.0,0.0,0.0,0.0
00-0031280,2024,1,1.0,1.0,0.0,0.0,0.0,0.0,0.0
00-0031280,2024,2,2.0,2.0,0.0,0.0,0.0,0.0,0.0
00-0031280,2024,3,0.0,0.0,0.0,0.0,0.0,0.0,0.0
00-0031280,2024,4,0.0,0.0,0.0,0.0,0.0,0.0,1.0
00-0031280,2024,5,1.0,0.0,0.0,0.0,0.0,0.0,0.0
00-0031280,2024,9,0.0,0.0,0.0,0.0,0.0,0.0,0.0
00-0031280,2024,10,1.0,0.0,0.0,0.0,0.0,0.0,0.0
00-0031280,2024,11,1.0,1.0,0.0,0.0,0.0,0.0,0.0
00-0031280,2024,13,0.0,0.0,0.0,0.0,0.0,0.0,0.0
00-0031280,2024,14,0.0,0.0,0.0,0.0,0.0,0.0,0.0
00-0031345,2024,18,0.0,0.0,0.0,0.0,0.0,0.0,0.0
00-0031381,2024,2,0.0,0.0,0.0,0.0,0.0,0.0,0.0
00-0031381,2024,9,0.0,0.0,0.0,0.0,0.0,0.0,0.0
00-0031381,2024,13,0.0,0.0,0.0,0.0,0.0,0.0,0.0
00-0031381,2024,14,0.0,0.0,0.0,0.0,0.0,0.0,0.0
00-0031381,2024,15,0.0,0.0,1.0,1.0,0.0,0.0,0.0
00-0031381,2024,16,0.0,0.0,0.0,0.0,0.0,0.0,0.0
00-0031381,2024,18,0.0,0.0,0.0,0.0,0.0,0.0,0.0
00-0031408,2024,1,0.0,0.0,0.0,0.0,0.0,0.0,0.0
00-0031408,2024,4,0.0,0.0,0.0,0.0,0.0,0.0,0.0
00-0031408,2024,5,0.0,0.0,0.0,0.0,0.0,0.0,0.0
00-0031408,2024,7,0.0,0.0,0.0,0.0,0.0,0.0,0.0
00-0031408,2024,13,0.0,0.0,0.0,0.0,0.0,0.0,0.0
00-0031408,2024,15,0.0,0.0,1.0,1.0,0.0,0.0,0.0
00-0031408,2024,17,0.0,0.0,0.0,0.0,0.0,0.0,0.0
00-0031484,2024,9,0.0,0.0,0.0,0.0,0.0,0.0,0.0
00-0031503,2024,7,0.0,0.0,0.0,0.0,0.0,0.0,0.0
00-0031503,2024,8,0.0,0.0,0.0,0.0,0.0,0.0,0.0
00-0031503,2024,9,0.0,0.0,0.0,0.0,0.0,0.0,0.0
00-0031503,2024,11,1.0,1.0,0.0,0.0,0.0,0.0,0.0
00-0031503,2024,12,0.0,0.0,0.0,0.0,0.0,0.0,0.0
00-0031503,2024,13,1.0,1.0,0.0,0.0,0.0,0.0,2.0
00-0031503,2024,14,0.0,0.0,0.0,0.0,0.0,0.0,0.0
00-0031544,2024,3,0.0,0.0,0.0,0.0,0.0,0.0,0.0
00-0031544,2024,7,0.0,0.0,0.0,0.0,0.0,0.0,0.0
00-0031544,2024,13,0.0,0.0,0.0,0.0,0.0,0.0,0.0
00-0031544,2024,17,0.0,0.0,0.0,0.0,0.0,0.0,0.0
00-0031549,2024,8,0.0,0.0,0.0,0.0,0.0,0.0,0.0
00-0031549,2024,10,0.0,0.0,0.0,0.0,0.0,0.0,0.0
00-0031585,2024,16,0.0,0.0,0.0,0.0,0.0,0.0,0.0
00-0031588,2024,1,0.0,0.0,0.0,0.0,0.0,0.0,0.0
00-0031588,2024,4,0.0,0.0,0.0,0.0,0.0,0.0,0.0
00-0031588,2024,6,0.0,0.0,0.0,0.0,0.0,0.0,0.0
00-0031595,2024,13,0.0,0.0,0.0,0.0,0.0,0.0,0.0
00-0031595,2024,16,0.0,0.0,0.0,0.0,0.0,0.0,0.0
00-0031687,2024,8,0.0,0.0,0.0,0.0,0.0,0.0,0.0
00-0031941,2024,16,0.0,0.0,0.0,0.0,0.0,0.0,0.0
00-0032104,2024,5,0.0,0.0,0.0,0.0,0.0,0.0,0.0
00-0032104,2024,11,0.0,0.0,0.0,0.0,0.0,0.0,0.0
00-0032104,2024,12,0.0,0.0,0.0,0.0,0.0,0.0,0.0
00-0032104,2024,15,0.0,0.0,0.0,0.0,0.0,0.0,0.0
00-0032104,2024,16,0.0,0.0,0.0,0.0,0.0,0.0,0.0
00-0032211,2024,6,0.0,0.0,0.0,0.0,0.0,0.0,0.0
00-0032211,2024,9,0.0,0.0,0.0,0.0,0.0,0.0,0.0
00-0032268,2024,7,0.0,0.0,0.0,0.0,0.0,0.0,0.0
00-0032268,2024,18,0.0,0.0,0.0,0.0,0.0,0.0,0.0
00-0032385,2024,5,0.0,0.0,0.0,0.0,0.0,0.0,0.0
00-0032392,2024,4,0.0,0.0,0.0,0.0,0.0,0.0,0.0
00-0032392,2024,12,0.0,0.0,0.0,0.0,0.0,0.0,0.0
00-0032392,2024,13,0.0,0.0,0.0,0.0,0.0,0.0,0.0
00-0032394,2024,3,0.0,0.0,0.0,0.0,0.0,0.0,0.0
00-0032394,2024,9,0.0,0.0,0.0,0.0,0.0,0.0,0.0
00-0032394,2024,17,0.0,0.0,0.0,0.0,0.0,0.0,0.0
00-0032434,2024,12,0.0,0.0,0.0,0.0,0.0,0.0,0.0
00-0032464,2024,7,0.0,0.0,0.0,0.0,0.0,0.0,0.0
00-0032464,2024,8,0.0,0.0,0.0,0.0,0.0,0.0,0.0
00-0032764,2024,1,0.0,0.0,0.0,0.0,0.0,0.0,0.0
00-0032764,2024,2,0.0,0.0,0.0,0.0,0.0,0.0,0.0
00-0032764,2024,3,0.0,0.0,0.0,0.0,0.0,0.0,0.0
00-0032764,2024,4,0.0,0.0,0.0,0.0,1.0,1.0,0.0
00-0032764,2024,5,0.0,0.0,0.0,0.0,0.0,0.0,0.0
00-0032764,2024,6,0.0,0.0,0.0,0.0,0.0,0.0,0.0
00-0032764,2024,7,0.0,0.0,0.0,0.0,0.0,0.0,0.0
00-0032764,2024,8,0.0,0.0,0.0,0.0,0.0,0.0,0.0
00-0032764,2024,9,0.0,0.0,0.0,0.0,0.0,0.0,0.0
00-0032764,2024,10,0.0,0.0,0.0,0.0,0.0,0.0,0.0
00-0032764,2024,11,0.0,0.0,0.0,0.0,0.0,0.0,0.0
00-0032764,2024,17,0.0,0.0,0.0,0.0,0.0,0.0,0.0
00-0032764,2024,18,0.0,0.0,0.0,0.0,1.0,0.0,0.0
00-0032775,2024,5,0.0,0.0,0.0,0.0,0.0,0.0,0.0
00-0032775,2024,8,0.0,0.0,0.0,0.0,0.0,0.0,0.0
00-0032775,2024,9,0.0,0.0,0.0,0.0,0.0,0.0,0.0
00-0032775,2024,12,0.0,0.0,0.0,0.0,0.0,0.0,0.0
00-0032775,2024,13,0.0,0.0,0.0,0.0,0.0,0.0,0.0
00-0032918,2024,5,0.0,0.0,0.0,0.0,0.0,0.0,0.0
00-0033040,2024,1,0.0,0.0,1.0,1.0,0.0,0.0,0.0
00-0033040,2024,10,0.0,0.0,0.0,0.0,0.0,0.0,0.0
00-0033040,2024,11,0.0,0.0,0.0,0.0,0.0,0.0,0.0
00-0033040,2024,13,0.0,0.0,0.0,0.0,0.0,0.0,0.0
00-0033040,2024,14,0.0,0.0,0.0,0.0,0.0,0.0,0.0
00-0033040,2024,16,0.0,0.0,0.0,0.0,0.0,0.0,0.0
00-0033045,2024,1,0.0,0.0,0.0,0.0,0.0,0.0,0.0
00-0033045,2024,8,0.0,0.0,0.0,0.0,0.0,0.0,0.0
00-0033045,2024,16,0.0,0.0,0.0,0.0,0.0,0.0,0.0
00-0033077,2024,1,0.0,0.0,0.0,0.0,0.0,0.0,0.0
00-0033077,2024,2,1.0,1.0,0.0,0.0,0.0,0.0,0.0
00-0033077,2024,3,0.0,0.0,0.0,0.0,0.0,0.0,0.0
00-0033077,2024,4,1.0,1.0,0.0,0.0,0.0,0.0,0.0
00-0033077,2024,5,0.0,0.0,0.0,0.0,0.0,0.0,0.0
00-0033077,2024,8,0.0,0.0,0.0,0.0,0.0,0.0,0.0
00-0033077,2024,9,0.0,0.0,0.0,0.0,0.0,0.0,0.0
00-0033090,2024,6,0.0,0.0,0.0,0.0,0.0,0.0,0.0
00-0033090,2024,16,0.0,0.0,0.0,0.0,0.0,0.0,0.0
00-0033106,2024,1,1.0,1.0,0.0,0.0,0.0,0.0,0.0
00-0033106,2024,3,0.0,0.0,0.0,0.0,0.0,0.0,0.0
00-0033106,2024,4,1.0,1.0,0.0,0.0,0.0,0.0,0.0
00-0033106,2024,6,1.0,1.0,0.0,0.0,0.0,0.0,0.0
00-0033106,2024,7,0.0,0.0,0.0,0.0,0.0,0.0,0.0
00-0033106,2024,8,0.0,0.0,0.0,0.0,0.0,0.0,0.0
00-0033106,2024,9,0.0,0.0,0.0,0.0,0.0,0.0,0.0
00-0033106,2024,10,0.0,0.0,0.0,0.0,0.0,0.0,0.0
00-0033106,2024,11,1.0,1.0,0.0,0.0,0.0,0.0,0.0
00-0033106,2024,13,0.0,0.0,0.0,0.0,0.0,0.0,0.0
00-0033106,2024,14,0.0,0.0,0.0,0.0,0.0,0.0,0.0
00-0033106,2024,15,1.0,1.0,0.0,0.0,0.0,0.0,0.0
00-0033106,2024,16,1.0,1.0,0.0,0.0,0.0,0.0,0.0
00-0033106,2024,17,1.0,0.0,0.0,0.0,0.0,0.0,0.0
00-0033106,2024,18,0.0,0.0,0.0,0.0,0.0,0.0,0.0
00-0033110,2024,16,0.0,0.0,0.0,0.0,0.0,0.0,0.0
00-0033110,2024,18,0.0,0.0,0.0,0.0,0.0,0.0,0.0
00-0033119,2024,2,0.0,0.0,0.0,0.0,0.0,0.0,0.0
00-0033119,2024,4,0.0,0.0,0.0,0.0,0.0,0.0,1.0
00-0033217,2024,5,0.0,0.0,0.0,0.0,0.0,0.0,0.0
00-0033246,2024,3,0.0,0.0,0.0,0.0,0.0,0.0,0.0
00-0033246,2024,13,0.0,0.0,0.0,0.0,0.0,0.0,0.0
00-0033282,2024,11,0.0,0.0,0.0,0.0,0.0,0.0,0.0
00-0033288,2024,2,0.0,0.0,0.0,0.0,0.0,0.0,0.0
00-0033288,2024,4,0.0,0.0,0.0,0.0,0.0,0.0,0.0
00-0033288,2024,5,0.0,0.0,0.0,0.0,0.0,0.0,0.0
00-0033288,2024,6,0.0,0.0,0.0,0.0,0.0,0.0,0.0
00-0033288,2024,8,0.0,0.0,0.0,0.0,0.0,0.0,0.0
00-0033288,2024,10,0.0,0.0,0.0,0.0,0.0,0.0,0.0
00-0033288,2024,12,0.0,0.0,0.0,0.0,0.0,0.0,0.0
00-0033293,2024,1,0.0,0.0,0.0,0.0,0.0,0.0,0.0
00-0033293,2024,3,0.0,0.0,0.0,0.0,0.0,0.0,0.0
00-0033293,2024,7,0.0,0.0,0.0,0.0,0.0,0.0,0.0
00-0033293,2024,12,0.0,0.0,0.0,0.0,0.0,0.0,0.0
00-0033293,2024,13,0.0,0.0,0.0,0.0,0.0,0.0,0.0
00-0033293,2024,14,0.0,0.0,0.0,0.0,0.0,0.0,0.0
00-0033293,2024,15,0.0,0.0,0.0,0.0,0.0,0.0,0.0
00-0033307,2024,11,0.0,0.0,0.0,0.0,0.0,0.0,0.0
00-0033357,2024,4,0.0,0.0,0.0,0.0,0.0,0.0,0.0
00-0033357,2024,9,0.0,0.0,0.0,0.0,0.0,0.0,0.0
00-0033357,2024,11,0.0,0.0,0.0,0.0,1.0,1.0,0.0
00-0033375,2024,14,0.0,0.0,0.0,0.0,0.0,0.0,0.0
00-0033375,2024,15,0.0,0.0,0.0,0.0,0.0,0.0,0.0
00-0033376,2024,9,0.0,0.0,0.0,0.0,0.0,0.0,0.0
00-0033526,2024,4,0.0,0.0,0.0,0.0,0.0,0.0,0.0
00-0033526,2024,9,0.0,0.0,0.0,0.0,0.0,0.0,0.0
00-0033536,2024,10,0.0,0.0,0.0,0.0,0.0,0.0,0.0
00-0033537,2024,1,0.0,0.0,0.0,0.0,0.0,0.0,0.0
00-0033537,2024,2,0.0,0.0,0.0,0.0,0.0,0.0,0.0
00-0033537,2024,3,0.0,0.0,0.0,0.0,0.0,0.0,0.0
00-0033537,2024,4,0.0,0.0,0.0,0.0,0.0,0.0,0.0
00-0033537,2024,5,0.0,0.0,0.0,0.0,0.0,0.0,0.0
00-0033553,2024,1,0.0,0.0,0.0,0.0,0.0,0.0,0.0
00-0033553,2024,2,0.0,0.0,0.0,0.0,0.0,0.0,0.0
00-0033553,2024,4,0.0,0.0,0.0,0.0,0.0,0.0,0.0
00-0033553,2024,8,0.0,0.0,0.0,0.0,0.0,0.0,0.0
00-0033553,2024,10,0.0,0.0,0.0,0.0,0.0,0.0,0.0
00-0033553,2024,14,0.0,0.0,0.0,0.0,0.0,0.0,0.0
00-0033553,2024,15,0.0,0.0,0.0,0.0,0.0,0.0,0.0
00-0033553,2024,16,0.0,0.0,0.0,0.0,0.0,0.0,0.0
00-0033555,2024,1,0.0,0.0,0.0,0.0,0.0,0.0,0.0
00-0033555,2024,6,0.0,0.0,0.0,0.0,0.0,0.0,0.0
00-0033555,2024,9,0.0,0.0,0.0,0.0,0.0,0.0,0.0
00-0033555,2024,13,0.0,0.0,0.0,0.0,0.0,0.0,0.0
00-0033555,2024,14,0.0,0.0,0.0,0.0,0.0,0.0,0.0
00-0033576,2024,16,0.0,0.0,0.0,0.0,0.0,0.0,0.0
00-0033589,2024,12,0.0,0.0,0.0,0.0,0.0,0.0,0.0
00-0033589,2024,16,0.0,0.0,0.0,0.0,0.0,0.0,0.0
00-0033589,2024,18,0.0,0.0,0.0,0.0,0.0,0.0,0.0
00-0033591,2024,8,0.0,0.0,1.0,1.0,0.0,0.0,0.0
00-0033662,2024,9,0.0,0.0,0.0,0.0,0.0,0.0,0.0
00-0033662,2024,11,1.0,1.0,0.0,0.0,0.0,0.0,0.0
00-0033662,2024,12,0.0,0.0,0.0,0.0,0.0,0.0,0.0
00-0033662,2024,13,0.0,0.0,0.0,0.0,0.0,0.0,0.0
00-0033662,2024,14,0.0,0.0,0.0,0.0,0.0,0.0,0.0
00-0033662,2024,15,0.0,0.0,0.0,0.0,0.0,0.0,0.0
00-0033662,2024,16,0.0,0.0,0.0,0.0,0.0,0.0,0.0
00-0033662,2024,17,0.0,0.0,0.0,0.0,0.0,0.0,1.0
00-0033699,2024,3,0.0,0.0,0.0,0.0,0.0,0.0,0.0
00-0033699,2024,9,0.0,0.0,0.0,0.0,0.0,0.0,0.0
00-0033699,2024,10,0.0,0.0,0.0,0.0,0.0,0.0,0.0
00-0033854,2024,4,0.0,0.0,0.0,0.0,0.0,0.0,0.0
00-0033857,2024,3,0.0,0.0,0.0,0.0,0.0,0.0,0.0
00-0033857,2024,15,0.0,0.0,0.0,0.0,0.0,0.0,0.0
00-0033858,2024,7,0.0,0.0,0.0,0.0,0.0,0.0,0.0
00-0033858,2024,11,0.0,0.0,1.0,1.0,0.0,0.0,0.0
00-0033858,2024,12,0.0,0.0,0.0,0.0,0.0,0.0,0.0
00-0033858,2024,14,0.0,0.0,0.0,0.0,0.0,0.0,0.0
00-0033858,2024,15,0.0,0.0,0.0,0.0,0.0,0.0,0.0
00-0033858,2024,17,0.0,0.0,0.0,0.0,0.0,0.0,0.0
00-0033858,2024,18,0.0,0.0,0.0,0.0,0.0,0.0,0.0
00-0033863,2024,15,0.0,0.0,0.0,0.0,0.0,0.0,0.0
00-0033869,2024,17,1.0,1.0,0.0,0.0,0.0,0.0,0.0
00-0033869,2024,18,0.0,0.0,0.0,0.0,0.0,0.0,0.0
00-0033873,2024,1,0.0,0.0,0.0,0.0,0.0,0.0,0.0
00-0033873,2024,2,1.0,0.0,0.0,0.0,0.0,0.0,0.0
00-0033873,2024,3,0.0,0.0,0.0,0.0,0.0,0.0,0.0
00-0033873,2024,4,1.0,1.0,0.0,0.0,0.0,0.0,0.0
00-0033873,2024,7,0.0,0.0,0.0,0.0,0.0,0.0,0.0
00-0033873,2024,8,0.0,0.0,0.0,0.0,0.0,0.0,0.0
00-0033873,2024,9,0.0,0.0,0.0,0.0,0.0,0.0,0.0
00-0033873,2024,10,0.0,0.0,0.0,0.0,0.0,0.0,0.0
00-0033873,2024,11,0.0,0.0,0.0,0.0,0.0,0.0,0.0
00-0033873,2024,12,0.0,0.0,0.0,0.0,0.0,0.0,0.0
00-0033873,2024,13,0.0,0.0,0.0,0.0,0.0,0.0,0.0
00-0033873,2024,14,0.0,0.0,0.0,0.0,0.0,0.0,0.0
00-0033873,2024,15,0.0,0.0,0.0,0.0,0.0,0.0,0.0
00-0033873,2024,16,0.0,0.0,0.0,0.0,0.0,0.0,0.0
00-0033873,2024,17,0.0,0.0,0.0,0.0,0.0,0.0,0.0
00-0033881,2024,8,0.0,0.0,0.0,0.0,0.0,0.0,0.0
00-0033885,2024,7,0.0,0.0,0.0,0.0,0.0,0.0,0.0
00-0033885,2024,8,0.0,0.0,0.0,0.0,0.0,0.0,0.0
00-0033885,2024,13,0.0,0.0,0.0,0.0,0.0,0.0,0.0
00-0033885,2024,14,0.0,0.0,0.0,0.0,0.0,0.0,0.0
00-0033897,2024,1,0.0,0.0,0.0,0.0,0.0,0.0,0.0
00-0033897,2024,6,0.0,0.0,0.0,0.0,0.0,0.0,0.0
00-0033897,2024,7,0.0,0.0,0.0,0.0,0.0,0.0,0.0
00-0033897,2024,8,0.0,0.0,0.0,0.0,0.0,0.0,0.0
00-0033897,2024,9,0.0,0.0,0.0,0.0,0.0,0.0,0.0
00-0033897,2024,10,0.0,0.0,0.0,0.0,0.0,0.0,0.0
00-0033897,2024,11,0.0,0.0,0.0,0.0,1.0,0.0,0.0
00-0033897,2024,13,0.0,0.0,0.0,0.0,0.0,0.0,0.0
00-0033906,2024,1,0.0,0.0,0.0,0.0,0.0,0.0,0.0
00-0033906,2024,2,0.0,0.0,1.0,1.0,0.0,0.0,0.0
00-0033906,2024,4,0.0,0.0,0.0,0.0,0.0,0.0,0.0
00-0033906,2024,6,0.0,0.0,0.0,0.0,0.0,0.0,0.0
00-0033906,2024,15,0.0,0.0,0.0,0.0,0.0,0.0,0.0
00-0033908,2024,1,0.0,0.0,0.0,0.0,0.0,0.0,0.0
00-0033908,2024,8,0.0,0.0,0.0,0.0,0.0,0.0,0.0
00-0033908,2024,11,0.0,0.0,1.0,1.0,0.0,0.0,0.0
00-0033908,2024,12,0.0,0.0,0.0,0.0,0.0,0.0,0.0
00-0033908,2024,14,0.0,0.0,0.0,0.0,0.0,0.0,0.0
00-0033921,2024,1,0.0,0.0,0.0,0.0,0.0,0.0,0.0
00-0033921,2024,2,0.0,0.0,1.0,0.0,0.0,0.0,0.0
00-0033921,2024,3,0.0,0.0,0.0,0.0,0.0,0.0,0.0
00-0033921,2024,6,0.0,0.0,1.0,1.0,0.0,0.0,0.0
00-0033923,2024,5,0.0,0.0,0.0,0.0,0.0,0.0,0.0
00-0033923,2024,7,0.0,0.0,0.0,0.0,0.0,0.0,0.0
00-0033923,2024,8,0.0,0.0,0.0,0.0,0.0,0.0,0.0
00-0033923,2024,9,0.0,0.0,0.0,0.0,0.0,0.0,0.0
00-0033923,2024,16,0.0,0.0,0.0,0.0,0.0,0.0,0.0
00-0033923,2024,17,0.0,0.0,0.0,0.0,0.0,0.0,0.0
00-0033943,2024,5,0.0,0.0,0.0,0.0,0.0,0.0,0.0
00-0033948,2024,1,0.0,0.0,0.0,0.0,0.0,0.0,0.0
00-0033949,2024,17,0.0,0.0,0.0,0.0,0.0,0.0,0.0
00-0033949,2024,18,0.0,0.0,0.0,0.0,0.0,0.0,0.0
00-0033955,2024,4,0.0,0.0,0.0,0.0,0.0,0.0,0.0
00-0033955,2024,5,0.0,0.0,0.0,0.0,0.0,0.0,0.0
00-0033955,2024,10,0.0,0.0,0.0,0.0,0.0,0.0,0.0
00-0034159,2024,11,0.0,0.0,0.0,0.0,0.0,0.0,0.0
00-0034159,2024,18,0.0,0.0,0.0,0.0,0.0,0.0,0.0
00-0034177,2024,15,0.0,0.0,0.0,0.0,0.0,0.0,0.0
00-0034184,2024,12,0.0,0.0,0.0,0.0,0.0,0.0,0.0
00-0034184,2024,14,0.0,0.0,0.0,0.0,0.0,0.0,0.0
00-0034184,2024,16,0.0,0.0,0.0,0.0,0.0,0.0,0.0
00-0034270,2024,7,0.0,0.0,0.0,0.0,0.0,0.0,0.0
00-0034270,2024,8,0.0,0.0,0.0,0.0,0.0,0.0,0.0
00-0034270,2024,17,0.0,0.0,0.0,0.0,0.0,0.0,0.0
00-0034270,2024,18,0.0,0.0,0.0,0.0,0.0,0.0,0.0
00-0034272,2024,10,0.0,0.0,1.0,0.0,0.0,0.0,0.0
00-0034272,2024,11,0.0,0.0,1.0,1.0,0.0,0.0,0.0
00-0034272,2024,13,0.0,0.0,0.0,0.0,0.0,0.0,0.0
00-0034348,2024,4,0.0,0.0,0.0,0.0,0.0,0.0,0.0
00-0034348,2024,6,0.0,0.0,0.0,0.0,0.0,0.0,0.0
00-0034348,2024,9,0.0,0.0,0.0,0.0,0.0,0.0,0.0
00-0034348,2024,10,0.0,0.0,0.0,0.0,0.0,0.0,0.0
00-0034348,2024,12,0.0,0.0,0.0,0.0,0.0,0.0,0.0
00-0034348,2024,15,0.0,0.0,0.0,0.0,0.0,0.0,0.0
00-0034348,2024,17,0.0,0.0,0.0,0.0,0.0,0.0,0.0
00-0034348,2024,18,0.0,0.0,0.0,0.0,0.0,0.0,0.0
00-0034351,2024,10,0.0,0.0,0.0,0.0,0.0,0.0,0.0
00-0034351,2024,13,0.0,0.0,0.0,0.0,0.0,0.0,0.0
00-0034364,2024,5,0.0,0.0,0.0,0.0,0.0,0.0,0.0
00-0034364,2024,18,0.0,0.0,0.0,0.0,0.0,0.0,0.0
00-0034383,2024,13,0.0,0.0,0.0,0.0,0.0,0.0,0.0
00-0034383,2024,16,0.0,0.0,0.0,0.0,0.0,0.0,0.0
00-0034386,2024,13,0.0,0.0,0.0,0.0,0.0,0.0,0.0
00-0034386,2024,17,0.0,0.0,0.0,0.0,0.0,0.0,0.0
00-0034407,2024,9,0.0,0.0,0.0,0.0,0.0,0.0,0.0
00-0034418,2024,7,0.0,0.0,0.0,0.0,0.0,0.0,0.0
00-0034418,2024,15,0.0,0.0,0.0,0.0,0.0,0.0,0.0
00-0034487,2024,8,0.0,0.0,0.0,0.0,0.0,0.0,0.0
00-0034521,2024,1,0.0,0.0,0.0,0.0,0.0,0.0,0.0
00-0034521,2024,3,0.0,0.0,0.0,0.0,0.0,0.0,0.0
00-0034521,2024,5,0.0,0.0,0.0,0.0,0.0,0.0,0.0
00-0034521,2024,6,0.0,0.0,1.0,1.0,0.0,0.0,0.0
00-0034521,2024,18,0.0,0.0,0.0,0.0,0.0,0.0,0.0
00-0034571,2024,3,0.0,0.0,0.0,0.0,0.0,0.0,0.0
00-0034613,2024,10,0.0,0.0,0.0,0.0,0.0,0.0,0.0
00-0034753,2024,6,0.0,0.0,0.0,0.0,0.0,0.0,0.0
00-0034753,2024,7,0.0,0.0,0.0,0.0,0.0,0.0,0.0
00-0034753,2024,8,0.0,0.0,0.0,0.0,0.0,0.0,0.0
00-0034753,2024,10,0.0,0.0,0.0,0.0,0.0,0.0,0.0
00-0034753,2024,12,0.0,0.0,0.0,0.0,0.0,0.0,0.0
00-0034753,2024,13,0.0,0.0,0.0,0.0,0.0,0.0,0.0
00-0034753,2024,15,0.0,0.0,0.0,0.0,0.0,0.0,0.0
00-0034753,2024,16,0.0,0.0,0.0,0.0,0.0,0.0,0.0
00-0034753,2024,17,0.0,0.0,0.0,0.0,0.0,0.0,0.0
00-0034753,2024,18,0.0,0.0,0.0,0.0,0.0,0.0,0.0
00-0034771,2024,7,0.0,0.0,0.0,0.0,0.0,0.0,0.0
00-0034771,2024,8,0.0,0.0,0.0,0.0,0.0,0.0,0.0
00-0034771,2024,9,0.0,0.0,0.0,0.0,0.0,0.0,0.0
00-0034771,2024,15,0.0,0.0,0.0,0.0,0.0,0.0,0.0
00-0034771,2024,16,0.0,0.0,0.0,0.0,0.0,0.0,0.0
00-0034771,2024,17,0.0,0.0,0.0,0.0,0.0,0.0,0.0
00-0034775,2024,4,0.0,0.0,0.0,0.0,0.0,0.0,0.0
00-0034777,2024,18,0.0,0.0,0.0,0.0,0.0,0.0,0.0
00-0034791,2024,7,0.0,0.0,0.0,0.0,0.0,0.0,0.0
00-0034791,2024,12,0.0,0.0,0.0,0.0,0.0,0.0,0.0
00-0034791,2024,13,0.0,0.0,0.0,0.0,0.0,0.0,0.0
00-0034796,2024,1,1.0,0.0,0.0,0.0,0.0,0.0,0.0
00-0034796,2024,2,0.0,0.0,0.0,0.0,0.0,0.0,0.0
00-0034796,2024,3,0.0,0.0,0.0,0.0,0.0,0.0,0.0
00-0034796,2024,4,0.0,0.0,0.0,0.0,0.0,0.0,0.0
00-0034796,2024,5,0.0,0.0,0.0,0.0,0.0,0.0,0.0
00-0034796,2024,6,0.0,0.0,0.0,0.0,0.0,0.0,0.0
00-0034796,2024,7,1.0,0.0,0.0,0.0,0.0,0.0,0.0
00-0034796,2024,8,0.0,0.0,0.0,0.0,0.0,0.0,0.0
00-0034796,2024,9,1.0,1.0,0.0,0.0,0.0,0.0,0.0
00-0034796,2024,10,1.0,1.0,0.0,0.0,0.0,0.0,0.0
00-0034796,2024,11,0.0,0.0,0.0,0.0,0.0,0.0,0.0
00-0034796,2024,12,1.0,0.0,0.0,0.0,0.0,0.0,0.0
00-0034796,2024,13,0.0,0.0,0.0,0.0,0.0,0.0,0.0
00-0034796,2024,15,1.0,0.0,0.0,0.0,0.0,0.0,0.0
00-0034796,2024,16,0.0,0.0,0.0,0.0,0.0,0.0,0.0
00-0034796,2024,17,0.0,0.0,0.0,0.0,1.0,0.0,0.0
00-0034796,2024,18,0.0,0.0,0.0,0.0,0.0,0.0,0.0
00-0034827,2024,4,0.0,0.0,0.0,0.0,0.0,0.0,0.0
00-0034827,2024,5,0.0,0.0,0.0,0.0,0.0,0.0,0.0
00-0034827,2024,12,0.0,0.0,0.0,0.0,0.0,0.0,0.0
00-0034827,2024,13,0.0,0.0,0.0,0.0,0.0,0.0,0.0
00-0034827,2024,18,0.0,0.0,0.0,0.0,0.0,0.0,0.0
00-0034829,2024,9,0.0,0.0,1.0,0.0,0.0,0.0,0.0
00-0034834,2024,15,0.0,0.0,0.0,0.0,0.0,0.0,0.0
00-0034837,2024,2,0.0,0.0,1.0,0.0,0.0,0.0,0.0
00-0034837,2024,10,0.0,0.0,1.0,0.0,0.0,0.0,0.0
00-0034837,2024,16,0.0,0.0,0.0,0.0,0.0,0.0,0.0
00-0034844,2024,1,0.0,0.0,0.0,0.0,0.0,0.0,0.0
00-0034844,2024,3,0.0,0.0,0.0,0.0,1.0,1.0,0.0
00-0034844,2024,7,0.0,0.0,0.0,0.0,0.0,0.0,0.0
00-0034844,2024,9,0.0,0.0,0.0,0.0,0.0,0.0,0.0
00-0034844,2024,11,0.0,0.0,0.0,0.0,0.0,0.0,0.0
00-0034844,2024,12,0.0,0.0,0.0,0.0,2.0,2.0,0.0
00-0034844,2024,13,0.0,0.0,0.0,0.0,0.0,0.0,0.0
00-0034844,2024,16,0.0,0.0,0.0,0.0,1.0,1.0,0.0
00-0034854,2024,5,0.0,0.0,1.0,0.0,0.0,0.0,0.0
00-0034855,2024,1,0.0,0.0,0.0,0.0,0.0,0.0,0.0
00-0034855,2024,2,1.0,0.0,0.0,0.0,0.0,0.0,0.0
00-0034855,2024,3,0.0,0.0,0.0,0.0,0.0,0.0,0.0
00-0034855,2024,4,0.0,0.0,0.0,0.0,0.0,0.0,0.0
00-0034855,2024,5,0.0,0.0,0.0,0.0,0.0,0.0,0.0
00-0034855,2024,6,1.0,1.0,0.0,0.0,0.0,0.0,0.0
00-0034855,2024,7,0.0,0.0,0.0,0.0,0.0,0.0,0.0
00-0034855,2024,8,0.0,0.0,0.0,0.0,0.0,0.0,0.0
00-0034855,2024,9,0.0,0.0,0.0,0.0,0.0,0.0,0.0
00-0034855,2024,10,0.0,0.0,0.0,0.0,0.0,0.0,0.0
00-0034855,2024,12,0.0,0.0,0.0,0.0,0.0,0.0,0.0
00-0034855,2024,13,0.0,0.0,0.0,0.0,0.0,0.0,0.0
00-0034855,2024,14,0.0,0.0,0.0,0.0,0.0,0.0,0.0
00-0034855,2024,15,1.0,1.0,0.0,0.0,0.0,0.0,0.0
00-0034855,2024,16,0.0,0.0,0.0,0.0,0.0,0.0,0.0
00-0034855,2024,17,0.0,0.0,0.0,0.0,0.0,0.0,0.0
00-0034855,2024,18,0.0,0.0,0.0,0.0,0.0,0.0,0.0
00-0034857,2024,1,0.0,0.0,0.0,0.0,0.0,0.0,0.0
00-0034857,2024,2,0.0,0.0,0.0,0.0,0.0,0.0,0.0
00-0034857,2024,3,0.0,0.0,0.0,0.0,0.0,0.0,0.0
00-0034857,2024,5,1.0,0.0,0.0,0.0,0.0,0.0,0.0
00-0034857,2024,6,0.0,0.0,0.0,0.0,0.0,0.0,0.0
00-0034857,2024,7,0.0,0.0,0.0,0.0,0.0,0.0,0.0
00-0034857,2024,8,0.0,0.0,0.0,0.0,0.0,0.0,0.0
00-0034857,2024,9,1.0,1.0,0.0,0.0,0.0,0.0,0.0
00-0034857,2024,10,0.0,0.0,0.0,0.0,0.0,0.0,0.0
00-0034857,2024,11,0.0,0.0,0.0,0.0,0.0,0.0,0.0
00-0034857,2024,13,0.0,0.0,0.0,0.0,0.0,0.0,0.0
00-0034857,2024,14,2.0,1.0,0.0,0.0,0.0,0.0,0.0
00-0034857,2024,15,0.0,0.0,0.0,0.0,0.0,0.0,0.0
00-0034857,2024,16,0.0,0.0,0.0,0.0,0.0,0.0,0.0
00-0034857,2024,17,0.0,0.0,0.0,0.0,0.0,0.0,0.0
00-0034860,2024,18,0.0,0.0,0.0,0.0,0.0,0.0,0.0
00-0034869,2024,1,0.0,0.0,0.0,0.0,0.0,0.0,0.0
00-0034869,2024,2,1.0,1.0,0.0,0.0,0.0,0.0,0.0
00-0034869,2024,3,0.0,0.0,0.0,0.0,0.0,0.0,0.0
00-0034869,2024,4,0.0,0.0,0.0,0.0,0.0,0.0,0.0
00-0034869,2024,7,0.0,0.0,0.0,0.0,0.0,0.0,0.0
00-0034869,2024,8,0.0,0.0,0.0,0.0,0.0,0.0,0.0
00-0034869,2024,9,0.0,0.0,0.0,0.0,0.0,0.0,0.0
00-0034869,2024,11,1.0,0.0,0.0,0.0,0.0,0.0,0.0
00-0034869,2024,12,0.0,0.0,0.0,0.0,0.0,0.0,0.0
00-0034869,2024,13,0.0,0.0,0.0,0.0,0.0,0.0,0.0
00-0034869,2024,14,2.0,1.0,0.0,0.0,0.0,0.0,0.0
00-0034869,2024,15,0.0,0.0,0.0,0.0,0.0,0.0,0.0
00-0034869,2024,16,0.0,0.0,0.0,0.0,0.0,0.0,0.0
00-0034869,2024,17,0.0,0.0,0.0,0.0,0.0,0.0,0.0
00-0034960,2024,3,0.0,0.0,0.0,0.0,0.0,0.0,0.0
00-0034960,2024,8,0.0,0.0,0.0,0.0,0.0,0.0,0.0
00-0034960,2024,17,0.0,0.0,0.0,0.0,0.0,0.0,0.0
00-0034960,2024,18,0.0,0.0,0.0,0.0,0.0,0.0,0.0
00-0034972,2024,1,0.0,0.0,0.0,0.0,0.0,0.0,0.0
00-0034972,2024,2,0.0,0.0,0.0,0.0,0.0,0.0,0.0
00-0034972,2024,3,0.0,0.0,0.0,0.0,0.0,0.0,0.0
00-0034972,2024,6,0.0,0.0,0.0,0.0,0.0,0.0,0.0
00-0034972,2024,16,0.0,0.0,0.0,0.0,0.0,0.0,0.0
00-0034975,2024,4,0.0,0.0,0.0,0.0,0.0,0.0,0.0
00-0034975,2024,7,0.0,0.0,0.0,0.0,0.0,0.0,0.0
00-0034975,2024,12,0.0,0.0,0.0,0.0,1.0,1.0,0.0
00-0034975,2024,15,0.0,0.0,0.0,0.0,0.0,0.0,0.0
00-0034981,2024,1,0.0,0.0,0.0,0.0,0.0,0.0,0.0
00-0034981,2024,5,0.0,0.0,0.0,0.0,0.0,0.0,0.0
00-0034981,2024,9,0.0,0.0,0.0,0.0,0.0,0.0,0.0
00-0034981,2024,15,0.0,0.0,0.0,0.0,0.0,0.0,0.0
00-0034981,2024,17,0.0,0.0,0.0,0.0,0.0,0.0,0.0
00-0035021,2024,1,0.0,0.0,1.0,1.0,0.0,0.0,0.0
00-0035125,2024,5,0.0,0.0,0.0,0.0,0.0,0.0,0.0
00-0035140,2024,7,0.0,0.0,0.0,0.0,0.0,0.0,0.0
00-0035208,2024,16,0.0,0.0,1.0,0.0,0.0,0.0,0.0
00-0035208,2024,17,0.0,0.0,0.0,0.0,0.0,0.0,0.0
00-0035216,2024,3,0.0,0.0,0.0,0.0,0.0,0.0,0.0
00-0035216,2024,4,0.0,0.0,0.0,0.0,0.0,0.0,0.0
00-0035216,2024,6,0.0,0.0,0.0,0.0,0.0,0.0,0.0
00-0035228,2024,1,0.0,0.0,0.0,0.0,0.0,0.0,0.0
00-0035228,2024,2,1.0,1.0,0.0,0.0,0.0,0.0,0.0
00-0035228,2024,3,0.0,0.0,0.0,0.0,0.0,0.0,0.0
00-0035228,2024,4,0.0,0.0,0.0,0.0,0.0,0.0,0.0
00-0035228,2024,5,0.0,0.0,0.0,0.0,1.0,1.0,0.0
00-0035228,2024,6,0.0,0.0,0.0,0.0,0.0,0.0,0.0
00-0035228,2024,7,0.0,0.0,0.0,0.0,1.0,0.0,0.0
00-0035228,2024,8,0.0,0.0,0.0,0.0,0.0,0.0,0.0
00-0035228,2024,10,0.0,0.0,0.0,0.0,0.0,0.0,0.0
00-0035228,2024,12,0.0,0.0,0.0,0.0,0.0,0.0,1.0
00-0035228,2024,13,0.0,0.0,0.0,0.0,0.0,0.0,0.0
00-0035228,2024,14,1.0,0.0,0.0,0.0,0.0,0.0,0.0
00-0035228,2024,16,0.0,0.0,0.0,0.0,0.0,0.0,0.0
00-0035228,2024,17,0.0,0.0,0.0,0.0,0.0,0.0,0.0
00-0035228,2024,18,0.0,0.0,0.0,0.0,0.0,0.0,0.0
00-0035243,2024,3,0.0,0.0,0.0,0.0,0.0,0.0,0.0
00-0035243,2024,18,0.0,0.0,0.0,0.0,0.0,0.0,0.0
00-0035249,2024,4,0.0,0.0,0.0,0.0,0.0,0.0,0.0
00-0035249,2024,8,0.0,0.0,0.0,0.0,0.0,0.0,0.0
00-0035249,2024,9,0.0,0.0,0.0,0.0,0.0,0.0,0.0
00-0035250,2024,2,0.0,0.0,0.0,0.0,0.0,0.0,0.0
00-0035250,2024,3,0.0,0.0,0.0,0.0,0.0,0.0,0.0
00-0035250,2024,12,0.0,0.0,0.0,0.0,0.0,0.0,0.0
00-0035250,2024,15,0.0,0.0,0.0,0.0,0.0,0.0,0.0
00-0035261,2024,1,0.0,0.0,0.0,0.0,0.0,0.0,0.0
00-0035261,2024,4,0.0,0.0,0.0,0.0,0.0,0.0,0.0
00-0035261,2024,6,0.0,0.0,0.0,0.0,0.0,0.0,0.0
00-0035261,2024,12,0.0,0.0,0.0,0.0,0.0,0.0,0.0
00-0035261,2024,15,0.0,0.0,0.0,0.0,0.0,0.0,0.0
00-0035289,2024,1,0.0,0.0,0.0,0.0,0.0,0.0,0.0
00-0035289,2024,2,0.0,0.0,0.0,0.0,0.0,0.0,0.0
00-0035289,2024,3,0.0,0.0,0.0,0.0,0.0,0.0,0.0
00-0035289,2024,5,1.0,1.0,0.0,0.0,0.0,0.0,1.0
00-0035289,2024,8,0.0,0.0,0.0,0.0,0.0,0.0,0.0
00-0035289,2024,11,0.0,0.0,0.0,0.0,0.0,0.0,0.0
00-0035289,2024,12,0.0,0.0,0.0,0.0,0.0,0.0,0.0
00-0035406,2024,11,0.0,0.0,1.0,0.0,0.0,0.0,0.0
00-0035500,2024,7,0.0,0.0,0.0,0.0,0.0,0.0,0.0
00-0035500,2024,18,0.0,0.0,0.0,0.0,0.0,0.0,0.0
00-0035535,2024,5,0.0,0.0,0.0,0.0,0.0,0.0,0.0
00-0035535,2024,17,0.0,0.0,0.0,0.0,0.0,0.0,0.0
00-0035537,2024,3,0.0,0.0,0.0,0.0,0.0,0.0,0.0
00-0035537,2024,4,0.0,0.0,0.0,0.0,0.0,0.0,0.0
00-0035537,2024,7,0.0,0.0,0.0,0.0,0.0,0.0,0.0
00-0035537,2024,14,0.0,0.0,1.0,0.0,0.0,0.0,0.0
00-0035631,2024,9,0.0,0.0,0.0,0.0,0.0,0.0,0.0
00-0035639,2024,4,0.0,0.0,0.0,0.0,0.0,0.0,0.0
00-0035640,2024,2,0.0,0.0,1.0,1.0,0.0,0.0,0.0
00-0035640,2024,3,0.0,0.0,1.0,1.0,0.0,0.0,0.0
00-0035640,2024,7,0.0,0.0,0.0,0.0,0.0,0.0,0.0
00-0035640,2024,16,0.0,0.0,0.0,0.0,0.0,0.0,0.0
00-0035640,2024,18,0.0,0.0,0.0,0.0,0.0,0.0,0.0
00-0035644,2024,18,0.0,0.0,0.0,0.0,0.0,0.0,0.0
00-0035659,2024,3,0.0,0.0,0.0,0.0,0.0,0.0,0.0
00-0035659,2024,4,0.0,0.0,0.0,0.0,0.0,0.0,0.0
00-0035659,2024,6,0.0,0.0,0.0,0.0,0.0,0.0,0.0
00-0035659,2024,9,0.0,0.0,0.0,0.0,0.0,0.0,0.0
00-0035659,2024,12,0.0,0.0,1.0,1.0,0.0,0.0,0.0
00-0035659,2024,13,0.0,0.0,0.0,0.0,0.0,0.0,0.0
00-0035659,2024,15,0.0,0.0,0.0,0.0,0.0,0.0,0.0
00-0035659,2024,16,0.0,0.0,0.0,0.0,0.0,0.0,0.0
00-0035659,2024,18,0.0,0.0,0.0,0.0,0.0,0.0,0.0
00-0035676,2024,1,0.0,0.0,1.0,1.0,0.0,0.0,0.0
00-0035676,2024,6,0.0,0.0,0.0,0.0,0.0,0.0,0.0
00-0035676,2024,7,0.0,0.0,1.0,0.0,0.0,0.0,0.0
00-0035676,2024,12,0.0,0.0,0.0,0.0,0.0,0.0,0.0
00-0035676,2024,15,0.0,0.0,0.0,0.0,0.0,0.0,0.0
00-0035676,2024,16,0.0,0.0,0.0,0.0,0.0,0.0,0.0
00-0035676,2024,17,0.0,0.0,0.0,0.0,0.0,0.0,0.0
00-0035685,2024,1,0.0,0.0,0.0,0.0,0.0,0.0,0.0
00-0035685,2024,2,0.0,0.0,0.0,0.0,0.0,0.0,0.0
00-0035685,2024,3,0.0,0.0,0.0,0.0,0.0,0.0,0.0
00-0035685,2024,4,0.0,0.0,0.0,0.0,0.0,0.0,0.0
00-0035685,2024,6,0.0,0.0,0.0,0.0,0.0,0.0,0.0
00-0035685,2024,8,0.0,0.0,0.0,0.0,0.0,0.0,0.0
00-0035685,2024,10,0.0,0.0,0.0,0.0,0.0,0.0,0.0
00-0035685,2024,11,0.0,0.0,0.0,0.0,0.0,0.0,0.0
00-0035685,2024,12,0.0,0.0,0.0,0.0,0.0,0.0,0.0
00-0035685,2024,14,0.0,0.0,0.0,0.0,0.0,0.0,0.0
00-0035689,2024,6,0.0,0.0,0.0,0.0,0.0,0.0,0.0
00-0035700,2024,5,0.0,0.0,0.0,0.0,0.0,0.0,0.0
00-0035700,2024,7,0.0,0.0,0.0,0.0,0.0,0.0,0.0
00-0035700,2024,8,0.0,0.0,0.0,0.0,0.0,0.0,0.0
00-0035700,2024,11,0.0,0.0,0.0,0.0,0.0,0.0,0.0
00-0035700,2024,12,0.0,0.0,0.0,0.0,0.0,0.0,0.0
00-0035700,2024,13,0.0,0.0,0.0,0.0,0.0,0.0,0.0
00-0035700,2024,14,0.0,0.0,0.0,0.0,0.0,0.0,0.0
00-0035700,2024,15,0.0,0.0,0.0,0.0,0.0,0.0,0.0
00-0035700,2024,16,0.0,0.0,0.0,0.0,0.0,0.0,0.0
00-0035700,2024,17,0.0,0.0,0.0,0.0,0.0,0.0,0.0
00-0035700,2024,18,0.0,0.0,0.0,0.0,0.0,0.0,0.0
00-0035704,2024,13,0.0,0.0,0.0,0.0,0.0,0.0,1.0
00-0035704,2024,16,0.0,0.0,0.0,0.0,0.0,0.0,2.0
00-0035704,2024,17,1.0,1.0,0.0,0.0,0.0,0.0,0.0
00-0035704,2024,18,1.0,0.0,0.0,0.0,0.0,0.0,0.0
00-0035710,2024,1,0.0,0.0,0.0,0.0,0.0,0.0,1.0
00-0035710,2024,2,0.0,0.0,0.0,0.0,0.0,0.0,0.0
00-0035710,2024,3,0.0,0.0,0.0,0.0,0.0,0.0,0.0
00-0035710,2024,5,0.0,0.0,0.0,0.0,0.0,0.0,0.0
00-0035710,2024,9,0.0,0.0,0.0,0.0,0.0,0.0,0.0
00-0035710,2024,10,0.0,0.0,0.0,0.0,0.0,0.0,0.0
00-0035719,2024,1,0.0,0.0,0.0,0.0,0.0,0.0,0.0
00-0035719,2024,6,0.0,0.0,1.0,1.0,0.0,0.0,0.0
00-0035719,2024,16,0.0,0.0,0.0,0.0,0.0,0.0,0.0
00-0035719,2024,17,0.0,0.0,0.0,0.0,0.0,0.0,0.0
00-0035806,2024,7,0.0,0.0,0.0,0.0,0.0,0.0,0.0
00-0035860,2024,18,0.0,0.0,0.0,0.0,1.0,0.0,0.0
00-0035973,2024,14,0.0,0.0,0.0,0.0,0.0,0.0,0.0
00-0035993,2024,4,0.0,0.0,0.0,0.0,0.0,0.0,0.0
00-0035993,2024,7,0.0,0.0,0.0,0.0,0.0,0.0,0.0
00-0035993,2024,17,0.0,0.0,0.0,0.0,0.0,0.0,0.0
00-0035993,2024,18,0.0,0.0,0.0,0.0,0.0,0.0,0.0
00-0036040,2024,1,0.0,0.0,0.0,0.0,0.0,0.0,0.0
00-0036040,2024,11,0.0,0.0,0.0,0.0,0.0,0.0,0.0
00-0036040,2024,14,0.0,0.0,0.0,0.0,0.0,0.0,0.0
00-0036139,2024,4,0.0,0.0,0.0,0.0,0.0,0.0,0.0
00-0036139,2024,5,0.0,0.0,0.0,0.0,0.0,0.0,0.0
00-0036139,2024,9,0.0,0.0,0.0,0.0,0.0,0.0,0.0
00-0036139,2024,13,0.0,0.0,0.0,0.0,0.0,0.0,0.0
00-0036139,2024,18,0.0,0.0,0.0,0.0,0.0,0.0,0.0
00-0036158,2024,1,0.0,0.0,0.0,0.0,0.0,0.0,0.0
00-0036158,2024,2,0.0,0.0,0.0,0.0,1.0,0.0,0.0
00-0036158,2024,6,0.0,0.0,0.0,0.0,0.0,0.0,0.0
00-0036158,2024,8,0.0,0.0,0.0,0.0,0.0,0.0,0.0
00-0036158,2024,9,0.0,0.0,0.0,0.0,0.0,0.0,0.0
00-0036158,2024,11,0.0,0.0,0.0,0.0,0.0,0.0,0.0
00-0036158,2024,17,0.0,0.0,0.0,0.0,0.0,0.0,0.0
00-0036182,2024,6,0.0,0.0,0.0,0.0,0.0,0.0,0.0
00-0036182,2024,7,0.0,0.0,0.0,0.0,0.0,0.0,0.0
00-0036182,2024,8,0.0,0.0,0.0,0.0,0.0,0.0,0.0
00-0036182,2024,9,0.0,0.0,0.0,0.0,0.0,0.0,0.0
00-0036182,2024,11,0.0,0.0,1.0,1.0,0.0,0.0,0.0
00-0036182,2024,12,0.0,0.0,0.0,0.0,0.0,0.0,0.0
00-0036182,2024,13,0.0,0.0,0.0,0.0,0.0,0.0,0.0
00-0036182,2024,16,0.0,0.0,0.0,0.0,0.0,0.0,0.0
00-0036183,2024,6,0.0,0.0,0.0,0.0,0.0,0.0,0.0
00-0036196,2024,6,0.0,0.0,0.0,0.0,0.0,0.0,0.0
00-0036212,2024,1,1.0,1.0,0.0,0.0,0.0,0.0,0.0
00-0036212,2024,2,0.0,0.0,0.0,0.0,0.0,0.0,1.0
00-0036212,2024,8,0.0,0.0,0.0,0.0,0.0,0.0,0.0
00-0036212,2024,9,0.0,0.0,0.0,0.0,0.0,0.0,0.0
00-0036212,2024,10,0.0,0.0,0.0,0.0,0.0,0.0,0.0
00-0036212,2024,11,1.0,1.0,0.0,0.0,0.0,0.0,0.0
00-0036212,2024,12,0.0,0.0,0.0,0.0,0.0,0.0,0.0
00-0036212,2024,13,0.0,0.0,0.0,0.0,0.0,0.0,0.0
00-0036212,2024,14,0.0,0.0,0.0,0.0,0.0,0.0,0.0
00-0036212,2024,15,0.0,0.0,0.0,0.0,0.0,0.0,0.0
00-0036212,2024,16,0.0,0.0,0.0,0.0,0.0,0.0,0.0
00-0036223,2024,1,0.0,0.0,0.0,0.0,0.0,0.0,0.0
00-0036223,2024,3,0.0,0.0,0.0,0.0,0.0,0.0,0.0
00-0036223,2024,4,0.0,0.0,0.0,0.0,0.0,0.0,0.0
00-0036223,2024,8,0.0,0.0,0.0,0.0,0.0,0.0,0.0
00-0036223,2024,13,0.0,0.0,0.0,0.0,0.0,0.0,0.0
00-0036223,2024,16,0.0,0.0,0.0,0.0,2.0,2.0,0.0
00-0036223,2024,17,0.0,0.0,0.0,0.0,0.0,0.0,0.0
00-0036223,2024,18,0.0,0.0,0.0,0.0,0.0,0.0,0.0
00-0036244,2024,11,0.0,0.0,0.0,0.0,0.0,0.0,0.0
00-0036251,2024,1,0.0,0.0,0.0,0.0,0.0,0.0,0.0
00-0036251,2024,3,0.0,0.0,0.0,0.0,0.0,0.0,0.0
00-0036251,2024,4,0.0,0.0,0.0,0.0,0.0,0.0,0.0
00-0036252,2024,5,0.0,0.0,0.0,0.0,0.0,0.0,0.0
00-0036252,2024,6,0.0,0.0,0.0,0.0,0.0,0.0,0.0
00-0036252,2024,17,0.0,0.0,0.0,0.0,0.0,0.0,0.0
00-0036259,2024,3,0.0,0.0,0.0,0.0,0.0,0.0,0.0
00-0036259,2024,11,0.0,0.0,0.0,0.0,0.0,0.0,0.0
00-0036259,2024,14,0.0,0.0,0.0,0.0,0.0,0.0,0.0
00-0036264,2024,1,1.0,1.0,0.0,0.0,0.0,0.0,0.0
00-0036264,2024,4,0.0,0.0,0.0,0.0,0.0,0.0,0.0
00-0036264,2024,5,1.0,1.0,0.0,0.0,0.0,0.0,1.0
00-0036264,2024,6,1.0,0.0,0.0,0.0,0.0,0.0,0.0
00-0036264,2024,7,0.0,0.0,0.0,0.0,0.0,0.0,0.0
00-0036264,2024,9,0.0,0.0,0.0,0.0,0.0,0.0,1.0
00-0036264,2024,11,0.0,0.0,0.0,0.0,0.0,0.0,0.0
00-0036264,2024,12,0.0,0.0,0.0,0.0,0.0,0.0,0.0
00-0036264,2024,13,0.0,0.0,0.0,0.0,0.0,0.0,0.0
00-0036264,2024,14,0.0,0.0,0.0,0.0,0.0,0.0,0.0
00-0036264,2024,15,0.0,0.0,0.0,0.0,0.0,0.0,0.0
00-0036264,2024,16,0.0,0.0,0.0,0.0,0.0,0.0,0.0
00-0036264,2024,17,0.0,0.0,0.0,0.0,0.0,0.0,0.0
00-0036275,2024,4,0.0,0.0,0.0,0.0,0.0,0.0,0.0
00-0036275,2024,5,0.0,0.0,0.0,0.0,0.0,0.0,0.0
00-0036275,2024,6,0.0,0.0,0.0,0.0,0.0,0.0,0.0
00-0036275,2024,8,0.0,0.0,0.0,0.0,1.0,1.0,0.0
00-0036275,2024,11,0.0,0.0,0.0,0.0,0.0,0.0,0.0
00-0036275,2024,18,0.0,0.0,0.0,0.0,0.0,0.0,0.0
00-0036290,2024,3,0.0,0.0,0.0,0.0,0.0,0.0,0.0
00-0036290,2024,6,0.0,0.0,0.0,0.0,0.0,0.0,0.0
00-0036290,2024,16,0.0,0.0,0.0,0.0,0.0,0.0,0.0
00-0036309,2024,2,0.0,0.0,1.0,0.0,0.0,0.0,0.0
00-0036309,2024,5,0.0,0.0,0.0,0.0,0.0,0.0,0.0
00-0036309,2024,8,0.0,0.0,0.0,0.0,0.0,0.0,0.0
00-0036309,2024,9,0.0,0.0,0.0,0.0,0.0,0.0,0.0
00-0036322,2024,1,0.0,0.0,0.0,0.0,0.0,0.0,0.0
00-0036322,2024,2,0.0,0.0,1.0,1.0,0.0,0.0,0.0
00-0036322,2024,3,0.0,0.0,0.0,0.0,0.0,0.0,0.0
00-0036322,2024,4,0.0,0.0,0.0,0.0,0.0,0.0,0.0
00-0036322,2024,7,0.0,0.0,0.0,0.0,0.0,0.0,0.0
00-0036322,2024,14,0.0,0.0,1.0,1.0,0.0,0.0,0.0
00-0036322,2024,15,0.0,0.0,0.0,0.0,0.0,0.0,0.0
00-0036322,2024,16,0.0,0.0,0.0,0.0,0.0,0.0,0.0
00-0036328,2024,13,0.0,0.0,0.0,0.0,0.0,0.0,0.0
00-0036345,2024,7,0.0,0.0,0.0,0.0,0.0,0.0,0.0
00-0036355,2024,1,0.0,0.0,0.0,0.0,0.0,0.0,0.0
00-0036355,2024,2,0.0,0.0,0.0,0.0,0.0,0.0,0.0
00-0036355,2024,3,0.0,0.0,0.0,0.0,0.0,0.0,0.0
00-0036355,2024,4,0.0,0.0,0.0,0.0,0.0,0.0,0.0
00-0036355,2024,6,0.0,0.0,0.0,0.0,0.0,0.0,0.0
00-0036355,2024,8,1.0,1.0,0.0,0.0,0.0,0.0,0.0
00-0036355,2024,9,1.0,1.0,0.0,0.0,0.0,0.0,0.0
00-0036355,2024,10,0.0,0.0,0.0,0.0,0.0,0.0,0.0
00-0036355,2024,11,0.0,0.0,0.0,0.0,0.0,0.0,0.0
00-0036355,2024,12,0.0,0.0,0.0,0.0,0.0,0.0,0.0
00-0036355,2024,14,0.0,0.0,0.0,0.0,0.0,0.0,0.0
00-0036355,2024,15,0.0,0.0,0.0,0.0,0.0,0.0,0.0
00-0036355,2024,16,0.0,0.0,0.0,0.0,0.0,0.0,0.0
00-0036355,2024,17,1.0,0.0,0.0,0.0,0.0,0.0,0.0
00-0036355,2024,18,0.0,0.0,0.0,0.0,0.0,0.0,0.0
00-0036358,2024,2,0.0,0.0,1.0,1.0,0.0,0.0,0.0
00-0036358,2024,4,0.0,0.0,1.0,1.0,0.0,0.0,0.0
00-0036358,2024,8,0.0,0.0,0.0,0.0,0.0,0.0,0.0
00-0036358,2024,14,0.0,0.0,0.0,0.0,0.0,0.0,0.0
00-0036358,2024,15,0.0,0.0,0.0,0.0,0.0,0.0,0.0
00-0036389,2024,1,1.0,1.0,0.0,0.0,0.0,0.0,0.0
00-0036389,2024,2,0.0,0.0,0.0,0.0,0.0,0.0,0.0
00-0036389,2024,4,0.0,0.0,0.0,0.0,0.0,0.0,0.0
00-0036389,2024,6,1.0,0.0,0.0,0.0,0.0,0.0,0.0
00-0036389,2024,7,1.0,0.0,0.0,0.0,0.0,0.0,0.0
00-0036389,2024,8,1.0,0.0,0.0,0.0,0.0,0.0,0.0
00-0036389,2024,9,0.0,0.0,0.0,0.0,0.0,0.0,0.0
00-0036389,2024,10,0.0,0.0,0.0,0.0,0.0,0.0,0.0
00-0036389,2024,11,0.0,0.0,0.0,0.0,0.0,0.0,0.0
00-0036389,2024,12,0.0,0.0,0.0,0.0,0.0,0.0,0.0
00-0036389,2024,13,0.0,0.0,0.0,0.0,0.0,0.0,0.0
00-0036389,2024,14,0.0,0.0,0.0,0.0,0.0,0.0,0.0
00-0036389,2024,15,0.0,0.0,0.0,0.0,0.0,0.0,0.0
00-0036407,2024,1,0.0,0.0,0.0,0.0,0.0,0.0,0.0
00-0036407,2024,11,0.0,0.0,1.0,1.0,0.0,0.0,0.0
00-0036407,2024,13,0.0,0.0,1.0,1.0,0.0,0.0,0.0
00-0036407,2024,14,0.0,0.0,0.0,0.0,0.0,0.0,0.0
00-0036410,2024,5,0.0,0.0,0.0,0.0,0.0,0.0,0.0
00-0036410,2024,7,0.0,0.0,0.0,0.0,0.0,0.0,0.0
00-0036410,2024,11,0.0,0.0,1.0,0.0,0.0,0.0,0.0
00-0036410,2024,13,0.0,0.0,0.0,0.0,0.0,0.0,0.0
00-0036410,2024,15,0.0,0.0,0.0,0.0,0.0,0.0,0.0
00-0036410,2024,16,0.0,0.0,0.0,0.0,0.0,0.0,0.0
00-0036410,2024,17,0.0,0.0,0.0,0.0,0.0,0.0,0.0
00-0036414,2024,3,0.0,0.0,0.0,0.0,0.0,0.0,0.0
00-0036414,2024,5,0.0,0.0,0.0,0.0,0.0,0.0,0.0
00-0036414,2024,11,0.0,0.0,0.0,0.0,0.0,0.0,0.0
00-0036414,2024,15,0.0,0.0,0.0,0.0,0.0,0.0,0.0
00-0036414,2024,17,0.0,0.0,0.0,0.0,0.0,0.0,0.0
00-0036415,2024,7,0.0,0.0,0.0,0.0,0.0,0.0,0.0
00-0036415,2024,14,0.0,0.0,0.0,0.0,0.0,0.0,0.0
00-0036422,2024,8,0.0,0.0,0.0,0.0,0.0,0.0,0.0
00-0036422,2024,15,0.0,0.0,0.0,0.0,0.0,0.0,0.0
00-0036425,2024,16,0.0,0.0,0.0,0.0,0.0,0.0,0.0
00-0036427,2024,18,0.0,0.0,0.0,0.0,0.0,0.0,0.0
00-0036442,2024,2,0.0,0.0,0.0,0.0,0.0,0.0,0.0
00-0036442,2024,3,1.0,0.0,0.0,0.0,0.0,0.0,0.0
00-0036442,2024,4,1.0,1.0,0.0,0.0,0.0,0.0,0.0
00-0036442,2024,5,2.0,1.0,0.0,0.0,0.0,0.0,0.0
00-0036442,2024,6,0.0,0.0,0.0,0.0,1.0,0.0,0.0
00-0036442,2024,7,0.0,0.0,0.0,0.0,0.0,0.0,0.0
00-0036442,2024,8,0.0,0.0,0.0,0.0,0.0,0.0,0.0
00-0036442,2024,9,1.0,0.0,0.0,0.0,0.0,0.0,1.0
00-0036442,2024,10,2.0,2.0,0.0,0.0,0.0,0.0,0.0
00-0036442,2024,11,1.0,0.0,0.0,0.0,0.0,0.0,0.0
00-0036442,2024,13,0.0,0.0,0.0,0.0,0.0,0.0,0.0
00-0036442,2024,14,1.0,0.0,0.0,0.0,0.0,0.0,0.0
00-0036442,2024,15,0.0,0.0,0.0,0.0,0.0,0.0,0.0
00-0036442,2024,16,0.0,0.0,0.0,0.0,0.0,0.0,0.0
00-0036442,2024,17,0.0,0.0,0.0,0.0,0.0,0.0,0.0
00-0036442,2024,18,0.0,0.0,0.0,0.0,0.0,0.0,0.0
00-0036510,2024,11,0.0,0.0,0.0,0.0,0.0,0.0,0.0
00-0036527,2024,4,0.0,0.0,0.0,0.0,0.0,0.0,0.0
00-0036527,2024,8,0.0,0.0,0.0,0.0,0.0,0.0,0.0
00-0036550,2024,3,0.0,0.0,0.0,0.0,0.0,0.0,0.0
00-0036550,2024,5,0.0,0.0,0.0,0.0,0.0,0.0,0.0
00-0036550,2024,7,0.0,0.0,1.0,0.0,0.0,0.0,0.0
00-0036550,2024,10,0.0,0.0,0.0,0.0,0.0,0.0,0.0
00-0036550,2024,12,0.0,0.0,1.0,0.0,0.0,0.0,0.0
00-0036550,2024,15,0.0,0.0,1.0,0.0,0.0,0.0,0.0
00-0036550,2024,16,0.0,0.0,0.0,0.0,0.0,0.0,0.0
00-0036550,2024,18,0.0,0.0,0.0,0.0,0.0,0.0,0.0
00-0036554,2024,2,0.0,0.0,0.0,0.0,0.0,0.0,0.0
00-0036554,2024,4,0.0,0.0,0.0,0.0,0.0,0.0,0.0
00-0036554,2024,5,0.0,0.0,1.0,1.0,0.0,0.0,0.0
00-0036554,2024,12,0.0,0.0,0.0,0.0,0.0,0.0,0.0
00-0036554,2024,15,0.0,0.0,0.0,0.0,0.0,0.0,0.0
00-0036554,2024,18,0.0,0.0,0.0,0.0,0.0,0.0,0.0
00-0036555,2024,3,0.0,0.0,0.0,0.0,0.0,0.0,0.0
00-0036555,2024,4,0.0,0.0,0.0,0.0,0.0,0.0,0.0
00-0036555,2024,5,0.0,0.0,0.0,0.0,0.0,0.0,0.0
00-0036555,2024,7,0.0,0.0,0.0,0.0,0.0,0.0,0.0
00-0036555,2024,9,0.0,0.0,0.0,0.0,0.0,0.0,0.0
00-0036555,2024,10,0.0,0.0,0.0,0.0,0.0,0.0,0.0
00-0036555,2024,12,0.0,0.0,0.0,0.0,0.0,0.0,0.0
00-0036555,2024,14,0.0,0.0,0.0,0.0,0.0,0.0,0.0
00-0036555,2024,16,0.0,0.0,0.0,0.0,0.0,0.0,0.0
00-0036590,2024,9,0.0,0.0,0.0,0.0,0.0,0.0,0.0
00-0036613,2024,9,0.0,0.0,0.0,0.0,0.0,0.0,0.0
00-0036613,2024,12,0.0,0.0,0.0,0.0,0.0,0.0,0.0
00-0036626,2024,5,0.0,0.0,1.0,0.0,0.0,0.0,0.0
00-0036630,2024,10,0.0,0.0,1.0,1.0,0.0,0.0,0.0
00-0036637,2024,11,0.0,0.0,0.0,0.0,0.0,0.0,0.0
00-0036637,2024,12,0.0,0.0,0.0,0.0,0.0,0.0,0.0
00-0036637,2024,15,0.0,0.0,0.0,0.0,0.0,0.0,0.0
00-0036754,2024,8,0.0,0.0,0.0,0.0,0.0,0.0,0.0
00-0036754,2024,11,0.0,0.0,0.0,0.0,0.0,0.0,0.0
00-0036875,2024,1,0.0,0.0,0.0,0.0,0.0,0.0,0.0
00-0036875,2024,2,0.0,0.0,0.0,0.0,0.0,0.0,0.0
00-0036875,2024,5,0.0,0.0,0.0,0.0,0.0,0.0,0.0
00-0036875,2024,8,0.0,0.0,0.0,0.0,0.0,0.0,0.0
00-0036875,2024,9,0.0,0.0,0.0,0.0,0.0,0.0,0.0
00-0036875,2024,16,0.0,0.0,0.0,0.0,0.0,0.0,0.0
00-0036893,2024,6,0.0,0.0,0.0,0.0,0.0,0.0,0.0
00-0036893,2024,7,0.0,0.0,0.0,0.0,0.0,0.0,0.0
00-0036893,2024,10,0.0,0.0,0.0,0.0,0.0,0.0,0.0
00-0036893,2024,13,0.0,0.0,0.0,0.0,0.0,0.0,0.0
00-0036893,2024,14,0.0,0.0,0.0,0.0,0.0,0.0,0.0
00-0036893,2024,18,0.0,0.0,0.0,0.0,0.0,0.0,0.0
00-0036894,2024,4,0.0,0.0,0.0,0.0,0.0,0.0,0.0
00-0036894,2024,5,0.0,0.0,0.0,0.0,0.0,0.0,0.0
00-0036894,2024,10,0.0,0.0,0.0,0.0,0.0,0.0,0.0
00-0036894,2024,13,0.0,0.0,0.0,0.0,0.0,0.0,0.0
00-0036894,2024,14,0.0,0.0,0.0,0.0,0.0,0.0,0.0
00-0036894,2024,15,0.0,0.0,0.0,0.0,0.0,0.0,0.0
00-0036894,2024,18,0.0,0.0,0.0,0.0,0.0,0.0,0.0
00-0036900,2024,3,0.0,0.0,1.0,0.0,0.0,0.0,0.0
00-0036900,2024,4,0.0,0.0,1.0,1.0,0.0,0.0,0.0
00-0036900,2024,5,0.0,0.0,2.0,1.0,0.0,0.0,0.0
00-0036900,2024,7,0.0,0.0,0.0,0.0,0.0,0.0,0.0
00-0036900,2024,8,0.0,0.0,0.0,0.0,0.0,0.0,0.0
00-0036900,2024,10,0.0,0.0,2.0,2.0,0.0,0.0,0.0
00-0036900,2024,11,0.0,0.0,0.0,0.0,0.0,0.0,0.0
00-0036900,2024,13,0.0,0.0,0.0,0.0,0.0,0.0,0.0
00-0036900,2024,14,0.0,0.0,1.0,0.0,0.0,0.0,0.0
00-0036900,2024,16,0.0,0.0,0.0,0.0,0.0,0.0,0.0
00-0036900,2024,18,0.0,0.0,0.0,0.0,0.0,0.0,0.0
00-0036906,2024,2,0.0,0.0,0.0,0.0,0.0,0.0,0.0
00-0036912,2024,2,0.0,0.0,0.0,0.0,0.0,0.0,0.0
00-0036912,2024,6,0.0,0.0,1.0,0.0,0.0,0.0,0.0
00-0036912,2024,8,0.0,0.0,1.0,0.0,0.0,0.0,0.0
00-0036912,2024,9,0.0,0.0,0.0,0.0,0.0,0.0,0.0
00-0036912,2024,14,0.0,0.0,0.0,0.0,0.0,0.0,0.0
00-0036912,2024,15,0.0,0.0,0.0,0.0,0.0,0.0,0.0
00-0036912,2024,17,0.0,0.0,0.0,0.0,0.0,0.0,0.0
00-0036919,2024,12,0.0,0.0,0.0,0.0,0.0,0.0,0.0
00-0036924,2024,18,0.0,0.0,0.0,0.0,0.0,0.0,0.0
00-0036945,2024,2,0.0,0.0,0.0,0.0,0.0,0.0,0.0
00-0036945,2024,3,1.0,1.0,0.0,0.0,0.0,0.0,0.0
00-0036945,2024,4,0.0,0.0,0.0,0.0,0.0,0.0,0.0
00-0036945,2024,5,0.0,0.0,0.0,0.0,0.0,0.0,0.0
00-0036945,2024,6,0.0,0.0,0.0,0.0,0.0,0.0,0.0
00-0036963,2024,3,0.0,0.0,0.0,0.0,0.0,0.0,0.0
00-0036963,2024,4,0.0,0.0,0.0,0.0,0.0,0.0,0.0
00-0036963,2024,6,0.0,0.0,0.0,0.0,0.0,0.0,0.0
00-0036963,2024,7,0.0,0.0,0.0,0.0,0.0,0.0,0.0
00-0036963,2024,8,0.0,0.0,0.0,0.0,0.0,0.0,0.0
00-0036963,2024,9,0.0,0.0,0.0,0.0,0.0,0.0,0.0
00-0036963,2024,10,0.0,0.0,0.0,0.0,0.0,0.0,0.0
00-0036963,2024,11,0.0,0.0,0.0,0.0,0.0,0.0,0.0
00-0036963,2024,15,0.0,0.0,1.0,1.0,0.0,0.0,0.0
00-0036963,2024,16,0.0,0.0,0.0,0.0,0.0,0.0,0.0
00-0036963,2024,17,0.0,0.0,1.0,0.0,0.0,0.0,0.0
00-0036970,2024,1,0.0,0.0,0.0,0.0,0.0,0.0,0.0
00-0036970,2024,8,0.0,0.0,1.0,0.0,0.0,0.0,0.0
00-0036970,2024,17,0.0,0.0,0.0,0.0,0.0,0.0,0.0
00-0036971,2024,1,0.0,0.0,0.0,0.0,0.0,0.0,0.0
00-0036971,2024,3,0.0,0.0,0.0,0.0,0.0,0.0,0.0
00-0036971,2024,4,0.0,0.0,0.0,0.0,0.0,0.0,0.0
00-0036971,2024,5,1.0,1.0,0.0,0.0,0.0,0.0,0.0
00-0036971,2024,6,0.0,0.0,0.0,0.0,0.0,0.0,0.0
00-0036971,2024,7,0.0,0.0,0.0,0.0,0.0,0.0,0.0
00-0036971,2024,8,0.0,0.0,0.0,0.0,0.0,0.0,0.0
00-0036971,2024,9,0.0,0.0,0.0,0.0,0.0,0.0,0.0
00-0036972,2024,10,0.0,0.0,0.0,0.0,0.0,0.0,0.0
00-0036972,2024,13,0.0,0.0,0.0,0.0,0.0,0.0,0.0
00-0036972,2024,15,0.0,0.0,0.0,0.0,0.0,0.0,0.0
00-0036972,2024,16,1.0,1.0,0.0,0.0,0.0,0.0,0.0
00-0036972,2024,17,0.0,0.0,0.0,0.0,0.0,0.0,0.0
00-0036972,2024,18,0.0,0.0,0.0,0.0,0.0,0.0,0.0
00-0036973,2024,1,0.0,0.0,0.0,0.0,0.0,0.0,0.0
00-0036973,2024,2,0.0,0.0,0.0,0.0,0.0,0.0,0.0
00-0036980,2024,11,0.0,0.0,0.0,0.0,0.0,0.0,0.0
00-0036984,2024,3,0.0,0.0,0.0,0.0,0.0,0.0,0.0
00-0036984,2024,5,0.0,0.0,0.0,0.0,0.0,0.0,0.0
00-0036988,2024,9,0.0,0.0,0.0,0.0,0.0,0.0,0.0
00-0036997,2024,7,0.0,0.0,0.0,0.0,0.0,0.0,0.0
00-0036997,2024,11,0.0,0.0,0.0,0.0,0.0,0.0,0.0
00-0036997,2024,13,0.0,0.0,0.0,0.0,0.0,0.0,0.0
00-0037005,2024,14,0.0,0.0,0.0,0.0,0.0,0.0,0.0
00-0037005,2024,18,0.0,0.0,0.0,0.0,0.0,0.0,0.0
00-0037086,2024,14,0.0,0.0,0.0,0.0,0.0,0.0,0.0
00-0037120,2024,7,0.0,0.0,0.0,0.0,0.0,0.0,0.0
00-0037120,2024,10,0.0,0.0,0.0,0.0,0.0,0.0,0.0
00-0037197,2024,1,0.0,0.0,0.0,0.0,0.0,0.0,0.0
00-0037228,2024,12,0.0,0.0,0.0,0.0,0.0,0.0,0.0
00-0037238,2024,2,0.0,0.0,0.0,0.0,0.0,0.0,0.0
00-0037238,2024,3,0.0,0.0,0.0,0.0,0.0,0.0,0.0
00-0037238,2024,5,0.0,0.0,0.0,0.0,0.0,0.0,0.0
00-0037238,2024,6,0.0,0.0,0.0,0.0,0.0,0.0,0.0
00-0037238,2024,7,0.0,0.0,0.0,0.0,0.0,0.0,0.0
00-0037238,2024,9,0.0,0.0,0.0,0.0,0.0,0.0,0.0
00-0037238,2024,15,0.0,0.0,0.0,0.0,0.0,0.0,0.0
00-0037238,2024,18,0.0,0.0,0.0,0.0,0.0,0.0,0.0
00-0037239,2024,3,0.0,0.0,0.0,0.0,0.0,0.0,0.0
00-0037240,2024,1,0.0,0.0,1.0,1.0,0.0,0.0,0.0
00-0037240,2024,4,0.0,0.0,1.0,1.0,0.0,0.0,0.0
00-0037240,2024,6,0.0,0.0,0.0,0.0,0.0,0.0,0.0
00-0037240,2024,11,0.0,0.0,1.0,1.0,0.0,0.0,0.0
00-0037240,2024,15,0.0,0.0,0.0,0.0,0.0,0.0,0.0
00-0037240,2024,16,0.0,0.0,1.0,1.0,0.0,0.0,0.0
00-0037240,2024,17,0.0,0.0,0.0,0.0,0.0,0.0,0.0
00-0037247,2024,7,0.0,0.0,0.0,0.0,0.0,0.0,0.0
00-0037247,2024,10,0.0,0.0,0.0,0.0,0.0,0.0,0.0
00-0037247,2024,13,0.0,0.0,0.0,0.0,0.0,0.0,0.0
00-0037248,2024,2,0.0,0.0,0.0,0.0,1.0,0.0,0.0
00-0037248,2024,3,0.0,0.0,0.0,0.0,0.0,0.0,0.0
00-0037248,2024,5,0.0,0.0,0.0,0.0,0.0,0.0,0.0
00-0037248,2024,7,0.0,0.0,0.0,0.0,0.0,0.0,0.0
00-0037248,2024,8,0.0,0.0,0.0,0.0,0.0,0.0,0.0
00-0037248,2024,10,0.0,0.0,0.0,0.0,0.0,0.0,0.0
00-0037248,2024,11,0.0,0.0,0.0,0.0,0.0,0.0,0.0
00-0037248,2024,13,0.0,0.0,0.0,0.0,1.0,1.0,0.0
00-0037248,2024,15,0.0,0.0,0.0,0.0,1.0,0.0,0.0
00-0037248,2024,16,0.0,0.0,0.0,0.0,1.0,0.0,0.0
00-0037248,2024,17,0.0,0.0,0.0,0.0,0.0,0.0,0.0
00-0037248,2024,18,0.0,0.0,0.0,0.0,0.0,0.0,0.0
00-0037256,2024,7,0.0,0.0,0.0,0.0,0.0,0.0,0.0
00-0037256,2024,8,0.0,0.0,0.0,0.0,0.0,0.0,0.0
00-0037256,2024,9,0.0,0.0,0.0,0.0,0.0,0.0,0.0
00-0037256,2024,10,0.0,0.0,0.0,0.0,0.0,0.0,0.0
00-0037256,2024,12,0.0,0.0,0.0,0.0,0.0,0.0,0.0
00-0037256,2024,14,0.0,0.0,0.0,0.0,0.0,0.0,0.0
00-0037256,2024,15,0.0,0.0,0.0,0.0,0.0,0.0,0.0
00-0037258,2024,6,0.0,0.0,0.0,0.0,1.0,1.0,0.0
00-0037258,2024,18,0.0,0.0,0.0,0.0,1.0,1.0,0.0
00-0037261,2024,1,0.0,0.0,0.0,0.0,0.0,0.0,0.0
00-0037261,2024,3,0.0,0.0,0.0,0.0,0.0,0.0,0.0
00-0037261,2024,14,0.0,0.0,1.0,1.0,0.0,0.0,0.0
00-0037261,2024,15,0.0,0.0,0.0,0.0,0.0,0.0,0.0
00-0037263,2024,6,0.0,0.0,0.0,0.0,0.0,0.0,0.0
00-0037263,2024,9,0.0,0.0,0.0,0.0,0.0,0.0,0.0
00-0037263,2024,14,0.0,0.0,0.0,0.0,0.0,0.0,0.0
00-0037267,2024,1,0.0,0.0,0.0,0.0,0.0,0.0,0.0
00-0037267,2024,15,0.0,0.0,0.0,0.0,1.0,1.0,0.0
00-0037267,2024,16,0.0,0.0,0.0,0.0,0.0,0.0,0.0
00-0037287,2024,11,0.0,0.0,0.0,0.0,0.0,0.0,0.0
00-0037291,2024,1,0.0,0.0,0.0,0.0,0.0,0.0,0.0
00-0037291,2024,2,0.0,0.0,0.0,0.0,0.0,0.0,0.0
00-0037291,2024,3,0.0,0.0,0.0,0.0,0.0,0.0,0.0
00-0037291,2024,9,0.0,0.0,0.0,0.0,0.0,0.0,0.0
00-0037291,2024,12,0.0,0.0,0.0,0.0,0.0,0.0,0.0
00-0037291,2024,17,0.0,0.0,0.0,0.0,0.0,0.0,0.0
00-0037292,2024,4,0.0,0.0,0.0,0.0,0.0,0.0,0.0
00-0037304,2024,5,0.0,0.0,0.0,0.0,0.0,0.0,0.0
00-0037524,2024,18,0.0,0.0,1.0,0.0,0.0,0.0,0.0
00-0037525,2024,1,0.0,0.0,0.0,0.0,0.0,0.0,0.0
00-0037525,2024,2,0.0,0.0,0.0,0.0,0.0,0.0,0.0
00-0037525,2024,4,0.0,0.0,0.0,0.0,0.0,0.0,0.0
00-0037545,2024,1,0.0,0.0,1.0,1.0,0.0,0.0,0.0
00-0037545,2024,2,0.0,0.0,1.0,1.0,0.0,0.0,0.0
00-0037545,2024,5,0.0,0.0,1.0,0.0,0.0,0.0,0.0
00-0037614,2024,10,0.0,0.0,0.0,0.0,0.0,0.0,0.0
00-0037617,2024,10,0.0,0.0,0.0,0.0,0.0,0.0,0.0
00-0037617,2024,16,0.0,0.0,0.0,0.0,0.0,0.0,0.0
00-0037617,2024,18,0.0,0.0,0.0,0.0,0.0,0.0,0.0
00-0037664,2024,1,0.0,0.0,1.0,1.0,0.0,0.0,0.0
00-0037664,2024,2,0.0,0.0,0.0,0.0,0.0,0.0,0.0
00-0037664,2024,5,0.0,0.0,1.0,1.0,0.0,0.0,0.0
00-0037664,2024,10,0.0,0.0,0.0,0.0,0.0,0.0,0.0
00-0037664,2024,13,0.0,0.0,0.0,0.0,0.0,0.0,0.0
00-0037664,2024,17,0.0,0.0,0.0,0.0,0.0,0.0,0.0
00-0037664,2024,18,0.0,0.0,1.0,0.0,0.0,0.0,0.0
00-0037666,2024,3,0.0,0.0,0.0,0.0,0.0,0.0,0.0
00-0037666,2024,5,0.0,0.0,0.0,0.0,0.0,0.0,0.0
00-0037666,2024,9,0.0,0.0,0.0,0.0,0.0,0.0,0.0
00-0037666,2024,12,0.0,0.0,0.0,0.0,0.0,0.0,0.0
00-0037666,2024,15,0.0,0.0,0.0,0.0,0.0,0.0,0.0
00-0037666,2024,16,0.0,0.0,0.0,0.0,0.0,0.0,0.0
00-0037666,2024,17,0.0,0.0,0.0,0.0,0.0,0.0,0.0
00-0037740,2024,3,0.0,0.0,0.0,0.0,0.0,0.0,0.0
00-0037740,2024,5,0.0,0.0,0.0,0.0,0.0,0.0,0.0
00-0037740,2024,6,0.0,0.0,0.0,0.0,0.0,0.0,0.0
00-0037740,2024,9,0.0,0.0,0.0,0.0,0.0,0.0,0.0
00-0037740,2024,15,0.0,0.0,0.0,0.0,0.0,0.0,0.0
00-0037740,2024,17,0.0,0.0,0.0,0.0,0.0,0.0,0.0
00-0037744,2024,9,0.0,0.0,0.0,0.0,0.0,0.0,0.0
00-0037744,2024,17,0.0,0.0,0.0,0.0,0.0,0.0,0.0
00-0037744,2024,18,0.0,0.0,0.0,0.0,0.0,0.0,0.0
00-0037746,2024,1,0.0,0.0,0.0,0.0,0.0,0.0,0.0
00-0037746,2024,3,0.0,0.0,0.0,0.0,0.0,0.0,0.0
00-0037746,2024,4,0.0,0.0,0.0,0.0,0.0,0.0,0.0
00-0037746,2024,5,0.0,0.0,0.0,0.0,0.0,0.0,0.0
00-0037746,2024,7,0.0,0.0,0.0,0.0,0.0,0.0,0.0
00-0037746,2024,11,0.0,0.0,0.0,0.0,0.0,0.0,0.0
00-0037746,2024,13,0.0,0.0,0.0,0.0,1.0,0.0,0.0
00-0037801,2024,3,0.0,0.0,0.0,0.0,0.0,0.0,0.0
00-0037801,2024,11,0.0,0.0,1.0,1.0,0.0,0.0,0.0
00-0037809,2024,1,0.0,0.0,0.0,0.0,0.0,0.0,0.0
00-0037809,2024,12,0.0,0.0,1.0,1.0,0.0,0.0,0.0
00-0037816,2024,6,0.0,0.0,0.0,0.0,0.0,0.0,0.0
00-0037816,2024,15,0.0,0.0,0.0,0.0,0.0,0.0,0.0
00-0037834,2024,2,0.0,0.0,0.0,0.0,0.0,0.0,0.0
00-0037834,2024,3,0.0,0.0,0.0,0.0,0.0,0.0,0.0
00-0037834,2024,4,0.0,0.0,0.0,0.0,0.0,0.0,0.0
00-0037834,2024,5,0.0,0.0,0.0,0.0,0.0,0.0,0.0
00-0037834,2024,6,1.0,1.0,0.0,0.0,0.0,0.0,0.0
00-0037834,2024,7,0.0,0.0,0.0,0.0,0.0,0.0,0.0
00-0037834,2024,8,0.0,0.0,0.0,0.0,0.0,0.0,0.0
00-0037834,2024,10,1.0,0.0,0.0,0.0,0.0,0.0,0.0
00-0037834,2024,11,0.0,0.0,0.0,0.0,0.0,0.0,0.0
00-0037834,2024,14,0.0,0.0,0.0,0.0,0.0,0.0,0.0
00-0037834,2024,16,0.0,0.0,0.0,0.0,0.0,0.0,0.0
00-0037834,2024,17,0.0,0.0,0.0,0.0,0.0,0.0,0.0
00-0037837,2024,3,0.0,0.0,1.0,1.0,0.0,0.0,0.0
00-0037837,2024,8,0.0,0.0,0.0,0.0,0.0,0.0,0.0
00-0037837,2024,12,0.0,0.0,0.0,0.0,0.0,0.0,0.0
00-0037837,2024,13,0.0,0.0,0.0,0.0,0.0,0.0,0.0
00-0037838,2024,1,0.0,0.0,1.0,0.0,0.0,0.0,0.0
00-0037838,2024,5,0.0,0.0,0.0,0.0,0.0,0.0,0.0
00-0037838,2024,13,0.0,0.0,0.0,0.0,0.0,0.0,0.0
00-0037838,2024,16,0.0,0.0,0.0,0.0,0.0,0.0,0.0
00-0037838,2024,17,0.0,0.0,0.0,0.0,0.0,0.0,0.0
00-0037840,2024,1,0.0,0.0,0.0,0.0,0.0,0.0,0.0
00-0037840,2024,2,0.0,0.0,0.0,0.0,0.0,0.0,0.0
00-0037840,2024,3,0.0,0.0,0.0,0.0,0.0,0.0,0.0
00-0037840,2024,4,0.0,0.0,0.0,0.0,0.0,0.0,0.0
00-0037840,2024,5,0.0,0.0,0.0,0.0,0.0,0.0,0.0
00-0037840,2024,7,0.0,0.0,0.0,0.0,0.0,0.0,0.0
00-0037840,2024,8,0.0,0.0,0.0,0.0,0.0,0.0,0.0
00-0037840,2024,12,0.0,0.0,0.0,0.0,0.0,0.0,0.0
00-0037840,2024,13,0.0,0.0,0.0,0.0,0.0,0.0,0.0
00-0037840,2024,14,0.0,0.0,0.0,0.0,0.0,0.0,0.0
00-0037840,2024,16,0.0,0.0,0.0,0.0,0.0,0.0,0.0
00-0037840,2024,17,0.0,0.0,0.0,0.0,0.0,0.0,0.0
00-0038040,2024,9,0.0,0.0,0.0,0.0,0.0,0.0,0.0
00-0038046,2024,5,0.0,0.0,0.0,0.0,0.0,0.0,0.0
00-0038102,2024,16,0.0,0.0,0.0,0.0,0.0,0.0,0.0
00-0038102,2024,17,0.0,0.0,0.0,0.0,0.0,0.0,0.0
00-0038108,2024,18,0.0,0.0,0.0,0.0,0.0,0.0,1.0
00-0038117,2024,2,0.0,0.0,0.0,0.0,0.0,0.0,0.0
00-0038117,2024,5,0.0,0.0,0.0,0.0,0.0,0.0,0.0
00-0038117,2024,17,0.0,0.0,0.0,0.0,0.0,0.0,0.0
00-0038120,2024,1,0.0,0.0,0.0,0.0,0.0,0.0,0.0
00-0038120,2024,2,0.0,0.0,0.0,0.0,0.0,0.0,0.0
00-0038120,2024,3,0.0,0.0,0.0,0.0,0.0,0.0,0.0
00-0038120,2024,7,0.0,0.0,0.0,0.0,0.0,0.0,0.0
00-0038120,2024,11,0.0,0.0,0.0,0.0,0.0,0.0,0.0
00-0038120,2024,15,0.0,0.0,0.0,0.0,0.0,0.0,0.0
00-0038120,2024,18,0.0,0.0,0.0,0.0,0.0,0.0,0.0
00-0038122,2024,9,0.0,0.0,0.0,0.0,0.0,0.0,0.0
00-0038122,2024,15,0.0,0.0,0.0,0.0,0.0,0.0,0.0
00-0038124,2024,1,0.0,0.0,0.0,0.0,0.0,0.0,0.0
00-0038124,2024,6,0.0,0.0,1.0,0.0,0.0,0.0,0.0
00-0038128,2024,2,0.0,0.0,0.0,0.0,0.0,0.0,0.0
00-0038128,2024,3,0.0,0.0,0.0,0.0,0.0,0.0,0.0
00-0038128,2024,8,0.0,0.0,0.0,0.0,0.0,0.0,0.0
00-0038129,2024,6,0.0,0.0,0.0,0.0,0.0,0.0,0.0
00-0038129,2024,8,0.0,0.0,0.0,0.0,0.0,0.0,0.0
00-0038129,2024,9,0.0,0.0,0.0,0.0,0.0,0.0,0.0
00-0038134,2024,1,0.0,0.0,0.0,0.0,0.0,0.0,0.0
00-0038134,2024,4,0.0,0.0,0.0,0.0,0.0,0.0,0.0
00-0038134,2024,6,0.0,0.0,0.0,0.0,0.0,0.0,0.0
00-0038134,2024,7,0.0,0.0,0.0,0.0,0.0,0.0,0.0
00-0038134,2024,11,0.0,0.0,0.0,0.0,0.0,0.0,0.0
00-0038393,2024,2,0.0,0.0,0.0,0.0,0.0,0.0,0.0
00-0038393,2024,4,0.0,0.0,0.0,0.0,0.0,0.0,0.0
00-0038393,2024,7,0.0,0.0,0.0,0.0,0.0,0.0,0.0
00-0038393,2024,16,0.0,0.0,0.0,0.0,0.0,0.0,0.0
00-0038400,2024,17,0.0,0.0,0.0,0.0,0.0,0.0,0.0
00-0038400,2024,18,0.0,0.0,0.0,0.0,0.0,0.0,0.0
00-0038465,2024,12,0.0,0.0,0.0,0.0,0.0,0.0,0.0
00-0038465,2024,17,0.0,0.0,0.0,0.0,0.0,0.0,0.0
00-0038496,2024,8,0.0,0.0,0.0,0.0,0.0,0.0,0.0
00-0038498,2024,18,0.0,0.0,0.0,0.0,0.0,0.0,0.0
00-0038542,2024,3,0.0,0.0,0.0,0.0,0.0,0.0,0.0
00-0038542,2024,6,0.0,0.0,0.0,0.0,0.0,0.0,0.0
00-0038542,2024,7,0.0,0.0,0.0,0.0,0.0,0.0,0.0
00-0038542,2024,8,0.0,0.0,0.0,0.0,0.0,0.0,0.0
00-0038542,2024,10,0.0,0.0,0.0,0.0,0.0,0.0,0.0
00-0038542,2024,13,0.0,0.0,0.0,0.0,0.0,0.0,0.0
00-0038542,2024,14,0.0,0.0,0.0,0.0,0.0,0.0,0.0
00-0038542,2024,16,0.0,0.0,0.0,0.0,0.0,0.0,0.0
00-0038542,2024,17,0.0,0.0,0.0,0.0,0.0,0.0,0.0
00-0038542,2024,18,0.0,0.0,0.0,0.0,0.0,0.0,0.0
00-0038543,2024,5,0.0,0.0,0.0,0.0,0.0,0.0,0.0
00-0038543,2024,9,0.0,0.0,0.0,0.0,0.0,0.0,0.0
00-0038543,2024,12,0.0,0.0,0.0,0.0,0.0,0.0,0.0
00-0038543,2024,14,0.0,0.0,0.0,0.0,0.0,0.0,0.0
00-0038543,2024,16,0.0,0.0,0.0,0.0,0.0,0.0,0.0
00-0038544,2024,2,0.0,0.0,0.0,0.0,0.0,0.0,0.0
00-0038544,2024,3,0.0,0.0,0.0,0.0,0.0,0.0,0.0
00-0038544,2024,9,0.0,0.0,1.0,1.0,0.0,0.0,0.0
00-0038544,2024,10,0.0,0.0,0.0,0.0,0.0,0.0,0.0
00-0038544,2024,11,0.0,0.0,0.0,0.0,0.0,0.0,0.0
00-0038544,2024,14,0.0,0.0,0.0,0.0,0.0,0.0,0.0
00-0038544,2024,15,0.0,0.0,0.0,0.0,0.0,0.0,0.0
00-0038547,2024,12,0.0,0.0,0.0,0.0,0.0,0.0,0.0
00-0038551,2024,14,0.0,0.0,0.0,0.0,0.0,0.0,0.0
00-0038555,2024,5,0.0,0.0,0.0,0.0,1.0,1.0,0.0
00-0038555,2024,7,0.0,0.0,0.0,0.0,0.0,0.0,0.0
00-0038555,2024,14,0.0,0.0,0.0,0.0,0.0,0.0,0.0
00-0038555,2024,16,0.0,0.0,0.0,0.0,0.0,0.0,0.0
00-0038555,2024,18,0.0,0.0,0.0,0.0,0.0,0.0,0.0
00-0038558,2024,2,0.0,0.0,0.0,0.0,0.0,0.0,0.0
00-0038559,2024,1,0.0,0.0,0.0,0.0,0.0,0.0,0.0
00-0038559,2024,6,0.0,0.0,0.0,0.0,0.0,0.0,0.0
00-0038559,2024,8,0.0,0.0,0.0,0.0,0.0,0.0,0.0
00-0038559,2024,14,0.0,0.0,1.0,0.0,0.0,0.0,0.0
00-0038563,2024,3,0.0,0.0,0.0,0.0,0.0,0.0,0.0
00-0038563,2024,4,0.0,0.0,0.0,0.0,0.0,0.0,0.0
00-0038563,2024,13,0.0,0.0,1.0,1.0,0.0,0.0,0.0
00-0038563,2024,17,0.0,0.0,0.0,0.0,0.0,0.0,0.0
00-0038573,2024,16,0.0,0.0,0.0,0.0,0.0,0.0,0.0
00-0038573,2024,17,0.0,0.0,0.0,0.0,0.0,0.0,0.0
00-0038579,2024,3,0.0,0.0,0.0,0.0,0.0,0.0,0.0
00-0038579,2024,6,0.0,0.0,0.0,0.0,0.0,0.0,0.0
00-0038579,2024,13,1.0,1.0,0.0,0.0,0.0,0.0,0.0
00-0038579,2024,14,0.0,0.0,0.0,0.0,0.0,0.0,0.0
00-0038579,2024,17,0.0,0.0,0.0,0.0,0.0,0.0,0.0
00-0038579,2024,18,0.0,0.0,0.0,0.0,0.0,0.0,0.0
00-0038589,2024,15,0.0,0.0,0.0,0.0,0.0,0.0,0.0
00-0038597,2024,4,0.0,0.0,0.0,0.0,0.0,0.0,0.0
00-0038597,2024,5,0.0,0.0,0.0,0.0,0.0,0.0,0.0
00-0038597,2024,6,0.0,0.0,0.0,0.0,0.0,0.0,0.0
00-0038597,2024,8,0.0,0.0,0.0,0.0,0.0,0.0,0.0
00-0038597,2024,9,0.0,0.0,0.0,0.0,0.0,0.0,0.0
00-0038597,2024,10,0.0,0.0,0.0,0.0,0.0,0.0,0.0
00-0038597,2024,13,0.0,0.0,0.0,0.0,0.0,0.0,0.0
00-0038597,2024,14,0.0,0.0,0.0,0.0,0.0,0.0,0.0
00-0038597,2024,15,0.0,0.0,0.0,0.0,0.0,0.0,0.0
00-0038606,2024,13,0.0,0.0,0.0,0.0,0.0,0.0,0.0
00-0038606,2024,17,0.0,0.0,0.0,0.0,0.0,0.0,0.0
00-0038606,2024,18,0.0,0.0,0.0,0.0,0.0,0.0,0.0
00-0038608,2024,6,0.0,0.0,1.0,0.0,0.0,0.0,0.0
00-0038608,2024,16,0.0,0.0,0.0,0.0,0.0,0.0,0.0
00-0038608,2024,18,0.0,0.0,1.0,0.0,0.0,0.0,0.0
00-0038611,2024,13,0.0,0.0,0.0,0.0,0.0,0.0,0.0
00-0038611,2024,17,0.0,0.0,0.0,0.0,0.0,0.0,0.0
00-0038619,2024,2,0.0,0.0,0.0,0.0,0.0,0.0,0.0
00-0038619,2024,3,0.0,0.0,0.0,0.0,0.0,0.0,0.0
00-0038619,2024,9,0.0,0.0,0.0,0.0,0.0,0.0,0.0
00-0038619,2024,13,0.0,0.0,0.0,0.0,0.0,0.0,0.0
00-0038619,2024,16,0.0,0.0,0.0,0.0,0.0,0.0,0.0
00-0038621,2024,6,0.0,0.0,0.0,0.0,0.0,0.0,0.0
00-0038621,2024,15,0.0,0.0,0.0,0.0,0.0,0.0,0.0
00-0038621,2024,17,0.0,0.0,0.0,0.0,0.0,0.0,0.0
00-0038640,2024,15,0.0,0.0,0.0,0.0,0.0,0.0,0.0
00-0038679,2024,17,0.0,0.0,1.0,1.0,0.0,0.0,0.0
00-0038685,2024,16,0.0,0.0,0.0,0.0,0.0,0.0,0.0
00-0038705,2024,9,0.0,0.0,0.0,0.0,1.0,1.0,0.0
00-0038710,2024,4,0.0,0.0,0.0,0.0,0.0,0.0,0.0
00-0038752,2024,18,0.0,0.0,0.0,0.0,0.0,0.0,0.0
00-0038783,2024,8,0.0,0.0,0.0,0.0,0.0,0.0,0.0
00-0038783,2024,11,0.0,0.0,0.0,0.0,0.0,0.0,0.0
00-0038783,2024,15,0.0,0.0,0.0,0.0,0.0,0.0,0.0
00-0038794,2024,3,0.0,0.0,0.0,0.0,0.0,0.0,0.0
00-0038794,2024,5,0.0,0.0,0.0,0.0,0.0,0.0,0.0
00-0038794,2024,8,0.0,0.0,0.0,0.0,0.0,0.0,0.0
00-0038797,2024,3,0.0,0.0,0.0,0.0,0.0,0.0,0.0
00-0038797,2024,9,0.0,0.0,0.0,0.0,0.0,0.0,0.0
00-0038797,2024,16,0.0,0.0,0.0,0.0,0.0,0.0,0.0
00-0038797,2024,17,0.0,0.0,0.0,0.0,0.0,0.0,0.0
00-0038797,2024,18,0.0,0.0,0.0,0.0,0.0,0.0,0.0
00-0038824,2024,9,0.0,0.0,0.0,0.0,0.0,0.0,0.0
00-0038824,2024,16,0.0,0.0,0.0,0.0,0.0,0.0,0.0
00-0038933,2024,3,0.0,0.0,0.0,0.0,0.0,0.0,0.0
00-0038933,2024,8,0.0,0.0,0.0,0.0,0.0,0.0,0.0
00-0038935,2024,3,0.0,0.0,0.0,0.0,0.0,0.0,0.0
00-0038935,2024,5,0.0,0.0,0.0,0.0,0.0,0.0,0.0
00-0038951,2024,6,0.0,0.0,0.0,0.0,0.0,0.0,0.0
00-0038951,2024,12,0.0,0.0,0.0,0.0,0.0,0.0,0.0
00-0038976,2024,11,0.0,0.0,0.0,0.0,0.0,0.0,0.0
00-0038976,2024,13,0.0,0.0,1.0,1.0,0.0,0.0,0.0
00-0038976,2024,17,0.0,0.0,1.0,1.0,0.0,0.0,0.0
00-0038976,2024,18,0.0,0.0,0.0,0.0,0.0,0.0,0.0
00-0038977,2024,6,0.0,0.0,0.0,0.0,0.0,0.0,0.0
00-0038977,2024,8,0.0,0.0,0.0,0.0,0.0,0.0,0.0
00-0038977,2024,16,0.0,0.0,0.0,0.0,0.0,0.0,0.0
00-0038979,2024,8,0.0,0.0,0.0,0.0,0.0,0.0,0.0
00-0038979,2024,9,0.0,0.0,0.0,0.0,0.0,0.0,0.0
00-0038981,2024,2,0.0,0.0,0.0,0.0,0.0,0.0,0.0
00-0038994,2024,4,0.0,0.0,0.0,0.0,0.0,0.0,0.0
00-0038994,2024,9,0.0,0.0,0.0,0.0,0.0,0.0,0.0
00-0038994,2024,11,0.0,0.0,1.0,0.0,0.0,0.0,0.0
00-0038994,2024,12,0.0,0.0,0.0,0.0,0.0,0.0,0.0
00-0038994,2024,14,0.0,0.0,1.0,0.0,0.0,0.0,0.0
00-0038994,2024,16,0.0,0.0,0.0,0.0,0.0,0.0,0.0
00-0038994,2024,17,0.0,0.0,0.0,0.0,0.0,0.0,0.0
00-0038996,2024,4,0.0,0.0,0.0,0.0,0.0,0.0,0.0
00-0038996,2024,5,0.0,0.0,1.0,1.0,0.0,0.0,0.0
00-0038996,2024,7,0.0,0.0,0.0,0.0,0.0,0.0,0.0
00-0038996,2024,8,0.0,0.0,0.0,0.0,0.0,0.0,0.0
00-0038996,2024,12,0.0,0.0,0.0,0.0,0.0,0.0,0.0
00-0038996,2024,14,0.0,0.0,0.0,0.0,0.0,0.0,0.0
00-0038997,2024,4,0.0,0.0,0.0,0.0,0.0,0.0,0.0
00-0038997,2024,6,0.0,0.0,0.0,0.0,0.0,0.0,0.0
00-0038997,2024,8,0.0,0.0,1.0,1.0,0.0,0.0,0.0
00-0038997,2024,11,0.0,0.0,0.0,0.0,0.0,0.0,0.0
00-0038997,2024,16,0.0,0.0,0.0,0.0,0.0,0.0,0.0
00-0038998,2024,7,0.0,0.0,0.0,0.0,0.0,0.0,0.0
00-0039021,2024,4,0.0,0.0,0.0,0.0,0.0,0.0,0.0
00-0039021,2024,5,0.0,0.0,0.0,0.0,0.0,0.0,0.0
00-0039021,2024,8,0.0,0.0,0.0,0.0,0.0,0.0,0.0
00-0039021,2024,11,0.0,0.0,0.0,0.0,0.0,0.0,0.0
00-0039021,2024,12,0.0,0.0,0.0,0.0,0.0,0.0,0.0
00-0039032,2024,4,0.0,0.0,0.0,0.0,0.0,0.0,0.0
00-0039032,2024,15,0.0,0.0,0.0,0.0,0.0,0.0,0.0
00-0039032,2024,16,0.0,0.0,0.0,0.0,0.0,0.0,0.0
00-0039040,2024,1,0.0,0.0,0.0,0.0,0.0,0.0,0.0
00-0039040,2024,2,0.0,0.0,0.0,0.0,0.0,0.0,0.0
00-0039040,2024,8,0.0,0.0,0.0,0.0,0.0,0.0,0.0
00-0039040,2024,9,0.0,0.0,0.0,0.0,0.0,0.0,0.0
00-0039040,2024,11,0.0,0.0,0.0,0.0,0.0,0.0,0.0
00-0039040,2024,12,0.0,0.0,0.0,0.0,0.0,0.0,0.0
00-0039040,2024,13,0.0,0.0,0.0,0.0,0.0,0.0,0.0
00-0039040,2024,14,0.0,0.0,0.0,0.0,0.0,0.0,0.0
00-0039040,2024,16,0.0,0.0,0.0,0.0,1.0,1.0,0.0
00-0039040,2024,18,0.0,0.0,0.0,0.0,0.0,0.0,0.0
00-0039041,2024,2,0.0,0.0,0.0,0.0,0.0,0.0,0.0
00-0039041,2024,5,0.0,0.0,0.0,0.0,0.0,0.0,0.0
00-0039050,2024,17,0.0,0.0,0.0,0.0,0.0,0.0,0.0
00-0039050,2024,18,0.0,0.0,0.0,0.0,0.0,0.0,0.0
00-0039052,2024,4,0.0,0.0,0.0,0.0,0.0,0.0,0.0
00-0039064,2024,2,0.0,0.0,0.0,0.0,0.0,0.0,0.0
00-0039064,2024,9,0.0,0.0,1.0,1.0,0.0,0.0,0.0
00-0039064,2024,11,0.0,0.0,0.0,0.0,0.0,0.0,0.0
00-0039065,2024,6,0.0,0.0,1.0,1.0,0.0,0.0,0.0
00-0039065,2024,8,0.0,0.0,0.0,0.0,0.0,0.0,0.0
00-0039065,2024,10,0.0,0.0,0.0,0.0,0.0,0.0,0.0
00-0039065,2024,13,0.0,0.0,0.0,0.0,0.0,0.0,0.0
00-0039065,2024,16,0.0,0.0,0.0,0.0,0.0,0.0,0.0
00-0039065,2024,17,0.0,0.0,0.0,0.0,0.0,0.0,0.0
00-0039067,2024,2,0.0,0.0,1.0,0.0,0.0,0.0,0.0
00-0039067,2024,3,0.0,0.0,0.0,0.0,0.0,0.0,0.0
00-0039075,2024,11,0.0,0.0,0.0,0.0,0.0,0.0,0.0
00-0039075,2024,13,0.0,0.0,0.0,0.0,0.0,0.0,0.0
00-0039075,2024,14,0.0,0.0,0.0,0.0,0.0,0.0,0.0
00-0039139,2024,1,0.0,0.0,0.0,0.0,0.0,0.0,0.0
00-0039139,2024,4,0.0,0.0,0.0,0.0,0.0,0.0,0.0
00-0039139,2024,7,0.0,0.0,0.0,0.0,1.0,0.0,0.0
00-0039139,2024,8,0.0,0.0,0.0,0.0,1.0,1.0,0.0
00-0039139,2024,9,0.0,0.0,0.0,0.0,0.0,0.0,0.0
00-0039139,2024,11,0.0,0.0,0.0,0.0,0.0,0.0,0.0
00-0039139,2024,12,0.0,0.0,0.0,0.0,0.0,0.0,0.0
00-0039139,2024,14,0.0,0.0,0.0,0.0,0.0,0.0,0.0
00-0039139,2024,15,0.0,0.0,0.0,0.0,0.0,0.0,0.0
00-0039139,2024,16,0.0,0.0,0.0,0.0,0.0,0.0,0.0
00-0039139,2024,17,0.0,0.0,0.0,0.0,0.0,0.0,0.0
00-0039139,2024,18,0.0,0.0,0.0,0.0,0.0,0.0,0.0
00-0039146,2024,1,0.0,0.0,1.0,1.0,0.0,0.0,0.0
00-0039146,2024,4,0.0,0.0,0.0,0.0,0.0,0.0,0.0
00-0039146,2024,6,0.0,0.0,0.0,0.0,0.0,0.0,0.0
00-0039146,2024,11,0.0,0.0,0.0,0.0,0.0,0.0,0.0
00-0039146,2024,13,0.0,0.0,0.0,0.0,0.0,0.0,0.0
00-0039150,2024,1,0.0,0.0,0.0,0.0,0.0,0.0,0.0
00-0039150,2024,8,0.0,0.0,0.0,0.0,0.0,0.0,0.0
00-0039150,2024,9,0.0,0.0,0.0,0.0,0.0,0.0,0.0
00-0039150,2024,10,0.0,0.0,0.0,0.0,0.0,0.0,0.0
00-0039150,2024,12,0.0,0.0,0.0,0.0,0.0,0.0,0.0
00-0039150,2024,13,0.0,0.0,0.0,0.0,0.0,0.0,0.0
00-0039150,2024,14,0.0,0.0,0.0,0.0,0.0,0.0,0.0
00-0039150,2024,15,1.0,1.0,0.0,0.0,0.0,0.0,0.0
00-0039150,2024,16,0.0,0.0,0.0,0.0,0.0,0.0,0.0
00-0039150,2024,17,1.0,0.0,0.0,0.0,0.0,0.0,0.0
00-0039150,2024,18,0.0,0.0,0.0,0.0,0.0,0.0,0.0
00-0039152,2024,1,0.0,0.0,0.0,0.0,0.0,0.0,1.0
00-0039152,2024,2,1.0,0.0,0.0,0.0,0.0,0.0,0.0
00-0039152,2024,3,0.0,0.0,0.0,0.0,0.0,0.0,1.0
00-0039152,2024,6,0.0,0.0,0.0,0.0,0.0,0.0,0.0
00-0039152,2024,10,1.0,0.0,0.0,0.0,0.0,0.0,0.0
00-0039152,2024,11,1.0,1.0,0.0,0.0,0.0,0.0,0.0
00-0039152,2024,12,1.0,1.0,0.0,0.0,0.0,0.0,1.0
00-0039152,2024,13,0.0,0.0,0.0,0.0,0.0,0.0,0.0
00-0039152,2024,15,0.0,0.0,0.0,0.0,0.0,0.0,1.0
00-0039152,2024,18,1.0,0.0,0.0,0.0,0.0,0.0,0.0
00-0039163,2024,1,0.0,0.0,0.0,0.0,0.0,0.0,0.0
00-0039163,2024,2,0.0,0.0,0.0,0.0,0.0,0.0,0.0
00-0039163,2024,3,0.0,0.0,0.0,0.0,0.0,0.0,0.0
00-0039163,2024,4,0.0,0.0,0.0,0.0,0.0,0.0,0.0
00-0039163,2024,5,1.0,1.0,0.0,0.0,0.0,0.0,0.0
00-0039163,2024,6,0.0,0.0,0.0,0.0,0.0,0.0,0.0
00-0039163,2024,8,0.0,0.0,0.0,0.0,0.0,0.0,0.0
00-0039163,2024,10,0.0,0.0,0.0,0.0,0.0,0.0,0.0
00-0039163,2024,12,0.0,0.0,0.0,0.0,0.0,0.0,0.0
00-0039163,2024,13,0.0,0.0,0.0,0.0,0.0,0.0,0.0
00-0039163,2024,15,0.0,0.0,0.0,0.0,0.0,0.0,0.0
00-0039163,2024,16,0.0,0.0,0.0,0.0,0.0,0.0,0.0
00-0039163,2024,18,0.0,0.0,0.0,0.0,0.0,0.0,0.0
00-0039164,2024,1,2.0,2.0,0.0,0.0,0.0,0.0,0.0
00-0039164,2024,2,0.0,0.0,0.0,0.0,0.0,0.0,0.0
00-0039164,2024,8,1.0,1.0,0.0,0.0,0.0,0.0,0.0
00-0039164,2024,11,0.0,0.0,0.0,0.0,0.0,0.0,0.0
00-0039164,2024,13,0.0,0.0,0.0,0.0,0.0,0.0,0.0
00-0039164,2024,15,0.0,0.0,0.0,0.0,0.0,0.0,0.0
00-0039164,2024,16,0.0,0.0,0.0,0.0,0.0,0.0,0.0
00-0039165,2024,1,0.0,0.0,0.0,0.0,0.0,0.0,0.0
00-0039165,2024,2,0.0,0.0,0.0,0.0,0.0,0.0,0.0
00-0039165,2024,3,0.0,0.0,0.0,0.0,0.0,0.0,0.0
00-0039165,2024,8,0.0,0.0,0.0,0.0,0.0,0.0,0.0
00-0039165,2024,13,0.0,0.0,0.0,0.0,0.0,0.0,0.0
00-0039165,2024,14,0.0,0.0,0.0,0.0,1.0,1.0,0.0
00-0039165,2024,15,0.0,0.0,0.0,0.0,0.0,0.0,0.0
00-0039236,2024,10,0.0,0.0,0.0,0.0,0.0,0.0,0.0
00-0039337,2024,2,0.0,0.0,0.0,0.0,0.0,0.0,0.0
00-0039337,2024,3,0.0,0.0,0.0,0.0,0.0,0.0,0.0
00-0039337,2024,15,0.0,0.0,0.0,0.0,0.0,0.0,0.0
00-0039337,2024,17,0.0,0.0,1.0,1.0,0.0,0.0,0.0
00-0039337,2024,18,0.0,0.0,1.0,0.0,0.0,0.0,0.0
00-0039338,2024,5,0.0,0.0,1.0,1.0,0.0,0.0,0.0
00-0039338,2024,9,0.0,0.0,0.0,0.0,0.0,0.0,0.0
00-0039338,2024,11,0.0,0.0,0.0,0.0,0.0,0.0,0.0
00-0039338,2024,13,0.0,0.0,0.0,0.0,0.0,0.0,0.0
00-0039338,2024,18,0.0,0.0,0.0,0.0,0.0,0.0,0.0
00-0039342,2024,4,0.0,0.0,0.0,0.0,0.0,0.0,0.0
00-0039342,2024,6,0.0,0.0,0.0,0.0,0.0,0.0,0.0
00-0039342,2024,8,0.0,0.0,0.0,0.0,0.0,0.0,0.0
00-0039342,2024,9,0.0,0.0,0.0,0.0,0.0,0.0,0.0
00-0039356,2024,10,0.0,0.0,0.0,0.0,0.0,0.0,0.0
00-0039359,2024,12,0.0,0.0,0.0,0.0,0.0,0.0,0.0
00-0039361,2024,4,0.0,0.0,0.0,0.0,0.0,0.0,0.0
00-0039361,2024,6,0.0,0.0,0.0,0.0,0.0,0.0,0.0
00-0039361,2024,7,0.0,0.0,0.0,0.0,0.0,0.0,0.0
00-0039361,2024,10,0.0,0.0,0.0,0.0,0.0,0.0,0.0
00-0039361,2024,12,0.0,0.0,0.0,0.0,0.0,0.0,0.0
00-0039361,2024,13,0.0,0.0,0.0,0.0,0.0,0.0,0.0
00-0039361,2024,16,0.0,0.0,0.0,0.0,0.0,0.0,0.0
00-0039361,2024,18,0.0,0.0,0.0,0.0,0.0,0.0,0.0
00-0039363,2024,8,0.0,0.0,0.0,0.0,0.0,0.0,0.0
00-0039363,2024,13,0.0,0.0,0.0,0.0,0.0,0.0,0.0
00-0039363,2024,14,0.0,0.0,0.0,0.0,0.0,0.0,0.0
00-0039373,2024,16,0.0,0.0,0.0,0.0,0.0,0.0,0.0
00-0039373,2024,18,0.0,0.0,0.0,0.0,0.0,0.0,0.0
00-0039376,2024,6,0.0,0.0,0.0,0.0,0.0,0.0,0.0
00-0039376,2024,15,0.0,0.0,0.0,0.0,0.0,0.0,0.0
00-0039376,2024,17,0.0,0.0,0.0,0.0,0.0,0.0,0.0
00-0039376,2024,18,0.0,0.0,0.0,0.0,0.0,0.0,0.0
00-0039384,2024,6,0.0,0.0,0.0,0.0,0.0,0.0,0.0
00-0039384,2024,8,0.0,0.0,0.0,0.0,1.0,0.0,0.0
00-0039384,2024,10,0.0,0.0,0.0,0.0,0.0,0.0,0.0
00-0039384,2024,13,0.0,0.0,0.0,0.0,0.0,0.0,0.0
00-0039384,2024,14,0.0,0.0,0.0,0.0,0.0,0.0,0.0
00-0039384,2024,16,0.0,0.0,0.0,0.0,0.0,0.0,0.0
00-0039386,2024,6,0.0,0.0,0.0,0.0,0.0,0.0,0.0
00-0039391,2024,6,0.0,0.0,0.0,0.0,0.0,0.0,0.0
00-0039398,2024,18,1.0,0.0,0.0,0.0,0.0,0.0,0.0
00-0039424,2024,10,0.0,0.0,0.0,0.0,0.0,0.0,0.0
00-0039424,2024,16,0.0,0.0,0.0,0.0,0.0,0.0,0.0
00-0039424,2024,18,0.0,0.0,0.0,0.0,0.0,0.0,0.0
00-0039491,2024,8,0.0,0.0,0.0,0.0,0.0,0.0,0.0
00-0039491,2024,15,0.0,0.0,1.0,1.0,0.0,0.0,0.0
00-0039732,2024,1,0.0,0.0,0.0,0.0,0.0,0.0,0.0
00-0039732,2024,3,0.0,0.0,0.0,0.0,0.0,0.0,0.0
00-0039732,2024,4,0.0,0.0,0.0,0.0,0.0,0.0,0.0
00-0039732,2024,5,0.0,0.0,0.0,0.0,0.0,0.0,0.0
00-0039732,2024,6,0.0,0.0,0.0,0.0,0.0,0.0,0.0
00-0039732,2024,8,0.0,0.0,0.0,0.0,0.0,0.0,0.0
00-0039732,2024,9,0.0,0.0,0.0,0.0,0.0,0.0,0.0
00-0039732,2024,10,0.0,0.0,0.0,0.0,0.0,0.0,0.0
00-0039732,2024,11,1.0,0.0,0.0,0.0,0.0,0.0,0.0
00-0039732,2024,12,0.0,0.0,0.0,0.0,0.0,0.0,0.0
00-0039732,2024,13,1.0,1.0,0.0,0.0,0.0,0.0,0.0
00-0039732,2024,15,0.0,0.0,0.0,0.0,0.0,0.0,0.0
00-0039732,2024,16,0.0,0.0,0.0,0.0,0.0,0.0,0.0
00-0039732,2024,17,1.0,1.0,0.0,0.0,0.0,0.0,0.0
00-0039732,2024,18,0.0,0.0,0.0,0.0,0.0,0.0,0.0
00-0039747,2024,18,0.0,0.0,0.0,0.0,0.0,0.0,0.0
00-0039792,2024,15,0.0,0.0,0.0,0.0,0.0,0.0,0.0
00-0039793,2024,4,0.0,0.0,0.0,0.0,0.0,0.0,0.0
00-0039793,2024,13,0.0,0.0,0.0,0.0,0.0,0.0,0.0
00-0039793,2024,16,0.0,0.0,0.0,0.0,0.0,0.0,0.0
00-0039793,2024,18,0.0,0.0,0.0,0.0,0.0,0.0,0.0
00-0039794,2024,2,0.0,0.0,0.0,0.0,0.0,0.0,0.0
00-0039794,2024,8,0.0,0.0,0.0,0.0,0.0,0.0,0.0
00-0039798,2024,13,0.0,0.0,0.0,0.0,0.0,0.0,0.0
00-0039798,2024,14,0.0,0.0,0.0,0.0,0.0,0.0,0.0
00-0039847,2024,9,0.0,0.0,0.0,0.0,0.0,0.0,0.0
00-0039849,2024,2,0.0,0.0,1.0,1.0,0.0,0.0,0.0
00-0039849,2024,3,0.0,0.0,0.0,0.0,0.0,0.0,0.0
00-0039849,2024,4,0.0,0.0,0.0,0.0,0.0,0.0,0.0
00-0039849,2024,8,0.0,0.0,0.0,0.0,0.0,0.0,0.0
00-0039849,2024,10,0.0,0.0,0.0,0.0,0.0,0.0,0.0
00-0039849,2024,13,0.0,0.0,0.0,0.0,0.0,0.0,0.0
00-0039849,2024,18,0.0,0.0,0.0,0.0,0.0,0.0,0.0
00-0039851,2024,6,1.0,0.0,0.0,0.0,0.0,0.0,0.0
00-0039851,2024,7,0.0,0.0,0.0,0.0,0.0,0.0,0.0
00-0039851,2024,8,0.0,0.0,0.0,0.0,0.0,0.0,0.0
00-0039851,2024,9,0.0,0.0,0.0,0.0,0.0,0.0,0.0
00-0039851,2024,10,0.0,0.0,0.0,0.0,0.0,0.0,0.0
00-0039851,2024,11,0.0,0.0,0.0,0.0,0.0,0.0,0.0
00-0039851,2024,12,0.0,0.0,0.0,0.0,0.0,0.0,0.0
00-0039851,2024,13,0.0,0.0,0.0,0.0,0.0,0.0,0.0
00-0039851,2024,15,0.0,0.0,0.0,0.0,0.0,0.0,0.0
00-0039851,2024,16,0.0,0.0,0.0,0.0,0.0,0.0,0.0
00-0039851,2024,17,0.0,0.0,0.0,0.0,0.0,0.0,0.0
00-0039855,2024,1,0.0,0.0,0.0,0.0,0.0,0.0,0.0
00-0039855,2024,14,0.0,0.0,0.0,0.0,0.0,0.0,0.0
00-0039855,2024,15,0.0,0.0,0.0,0.0,0.0,0.0,0.0
00-0039855,2024,16,0.0,0.0,0.0,0.0,0.0,0.0,0.0
00-0039855,2024,17,0.0,0.0,0.0,0.0,0.0,0.0,0.0
00-0039855,2024,18,0.0,0.0,0.0,0.0,0.0,0.0,0.0
00-0039868,2024,6,0.0,0.0,0.0,0.0,0.0,0.0,0.0
00-0039868,2024,11,0.0,0.0,0.0,0.0,0.0,0.0,0.0
00-0039875,2024,3,0.0,0.0,0.0,0.0,0.0,0.0,0.0
00-0039875,2024,7,0.0,0.0,0.0,0.0,0.0,0.0,0.0
00-0039875,2024,9,0.0,0.0,1.0,1.0,0.0,0.0,0.0
00-0039875,2024,13,0.0,0.0,0.0,0.0,0.0,0.0,0.0
00-0039875,2024,15,0.0,0.0,0.0,0.0,0.0,0.0,0.0
00-0039875,2024,18,0.0,0.0,0.0,0.0,0.0,0.0,0.0
00-0039880,2024,10,0.0,0.0,0.0,0.0,0.0,0.0,0.0
00-0039893,2024,1,0.0,0.0,0.0,0.0,0.0,0.0,0.0
00-0039893,2024,4,0.0,0.0,0.0,0.0,0.0,0.0,0.0
00-0039893,2024,5,0.0,0.0,1.0,1.0,0.0,0.0,0.0
00-0039893,2024,7,0.0,0.0,0.0,0.0,0.0,0.0,0.0
00-0039893,2024,8,0.0,0.0,0.0,0.0,0.0,0.0,0.0
00-0039893,2024,13,0.0,0.0,0.0,0.0,0.0,0.0,0.0
00-0039893,2024,15,0.0,0.0,0.0,0.0,0.0,0.0,0.0
00-0039893,2024,16,0.0,0.0,1.0,1.0,0.0,0.0,0.0
00-0039893,2024,17,0.0,0.0,0.0,0.0,0.0,0.0,0.0
00-0039894,2024,1,0.0,0.0,0.0,0.0,0.0,0.0,0.0
00-0039894,2024,4,0.0,0.0,1.0,1.0,0.0,0.0,0.0
00-0039894,2024,5,0.0,0.0,0.0,0.0,0.0,0.0,0.0
00-0039894,2024,8,0.0,0.0,0.0,0.0,0.0,0.0,0.0
00-0039894,2024,11,0.0,0.0,0.0,0.0,0.0,0.0,0.0
00-0039894,2024,15,0.0,0.0,0.0,0.0,0.0,0.0,0.0
00-0039894,2024,16,0.0,0.0,0.0,0.0,0.0,0.0,0.0
00-0039894,2024,17,0.0,0.0,0.0,0.0,0.0,0.0,0.0
00-0039901,2024,3,0.0,0.0,0.0,0.0,0.0,0.0,0.0
00-0039901,2024,5,0.0,0.0,1.0,0.0,0.0,0.0,0.0
00-0039901,2024,8,0.0,0.0,0.0,0.0,0.0,0.0,0.0
00-0039901,2024,17,0.0,0.0,0.0,0.0,0.0,0.0,0.0
00-0039907,2024,2,0.0,0.0,0.0,0.0,0.0,0.0,0.0
00-0039907,2024,10,0.0,0.0,0.0,0.0,0.0,0.0,0.0
00-0039910,2024,1,0.0,0.0,0.0,0.0,0.0,0.0,0.0
00-0039910,2024,3,0.0,0.0,0.0,0.0,0.0,0.0,0.0
00-0039910,2024,4,0.0,0.0,0.0,0.0,0.0,0.0,0.0
00-0039910,2024,5,1.0,0.0,0.0,0.0,0.0,0.0,0.0
00-0039910,2024,6,0.0,0.0,0.0,0.0,0.0,0.0,0.0
00-0039910,2024,8,1.0,1.0,0.0,0.0,0.0,0.0,0.0
00-0039910,2024,9,0.0,0.0,0.0,0.0,0.0,0.0,0.0
00-0039910,2024,11,0.0,0.0,0.0,0.0,0.0,0.0,0.0
00-0039910,2024,12,1.0,1.0,0.0,0.0,0.0,0.0,0.0
00-0039910,2024,13,0.0,0.0,0.0,0.0,0.0,0.0,0.0
00-0039910,2024,15,0.0,0.0,0.0,0.0,0.0,0.0,0.0
00-0039910,2024,16,1.0,0.0,0.0,0.0,0.0,0.0,0.0
00-0039910,2024,17,0.0,0.0,0.0,0.0,0.0,0.0,0.0
00-0039912,2024,7,0.0,0.0,0.0,0.0,0.0,0.0,0.0
00-0039915,2024,1,0.0,0.0,0.0,0.0,0.0,0.0,0.0
00-0039915,2024,4,0.0,0.0,0.0,0.0,0.0,0.0,0.0
00-0039915,2024,8,0.0,0.0,1.0,1.0,0.0,0.0,0.0
00-0039915,2024,15,0.0,0.0,0.0,0.0,0.0,0.0,0.0
00-0039915,2024,17,0.0,0.0,1.0,0.0,0.0,0.0,0.0
00-0039916,2024,10,0.0,0.0,1.0,0.0,0.0,0.0,0.0
00-0039916,2024,17,0.0,0.0,0.0,0.0,0.0,0.0,0.0
00-0039916,2024,18,0.0,0.0,0.0,0.0,0.0,0.0,0.0
00-0039917,2024,17,0.0,0.0,0.0,0.0,0.0,0.0,0.0
00-0039917,2024,18,0.0,0.0,0.0,0.0,0.0,0.0,0.0
00-0039918,2024,3,0.0,0.0,0.0,0.0,0.0,0.0,0.0
00-0039918,2024,4,0.0,0.0,0.0,0.0,0.0,0.0,0.0
00-0039918,2024,5,0.0,0.0,0.0,0.0,0.0,0.0,0.0
00-0039918,2024,6,0.0,0.0,0.0,0.0,0.0,0.0,0.0
00-0039918,2024,12,0.0,0.0,0.0,0.0,0.0,0.0,0.0
00-0039918,2024,13,0.0,0.0,0.0,0.0,0.0,0.0,0.0
00-0039918,2024,14,0.0,0.0,0.0,0.0,0.0,0.0,0.0
00-0039918,2024,15,0.0,0.0,0.0,0.0,0.0,0.0,0.0
00-0039918,2024,16,1.0,0.0,0.0,0.0,0.0,0.0,0.0
00-0039918,2024,18,0.0,0.0,0.0,0.0,0.0,0.0,0.0
00-0039919,2024,3,0.0,0.0,0.0,0.0,0.0,0.0,0.0
00-0039919,2024,14,0.0,0.0,0.0,0.0,0.0,0.0,0.0
00-0039921,2024,9,0.0,0.0,0.0,0.0,0.0,0.0,0.0
00-0022942,2025,15,0.0,0.0,0.0,0.0,0.0,0.0,0.0
00-0022942,2025,16,0.0,0.0,0.0,0.0,0.0,0.0,1.0
00-0022942,2025,17,0.0,0.0,0.0,0.0,0.0,0.0,0.0
00-0023459,2025,1,0.0,0.0,0.0,0.0,0.0,0.0,0.0
00-0023459,2025,2,0.0,0.0,0.0,0.0,0.0,0.0,0.0
00-0023459,2025,3,0.0,0.0,0.0,0.0,0.0,0.0,0.0
00-0023459,2025,4,1.0,1.0,0.0,0.0,0.0,0.0,0.0
00-0023459,2025,6,0.0,0.0,0.0,0.0,0.0,0.0,0.0
00-0023459,2025,7,1.0,1.0,0.0,0.0,0.0,0.0,0.0
00-0023459,2025,8,0.0,0.0,0.0,0.0,0.0,0.0,0.0
00-0023459,2025,9,0.0,0.0,0.0,0.0,0.0,0.0,0.0
00-0023459,2025,10,0.0,0.0,0.0,0.0,0.0,0.0,0.0
00-0023459,2025,11,0.0,0.0,0.0,0.0,0.0,0.0,0.0
00-0023459,2025,14,0.0,0.0,0.0,0.0,0.0,0.0,0.0
00-0023459,2025,15,0.0,0.0,0.0,0.0,0.0,0.0,0.0
00-0023459,2025,16,1.0,0.0,0.0,0.0,0.0,0.0,0.0
00-0023459,2025,18,0.0,0.0,0.0,0.0,0.0,0.0,0.0
00-0026158,2025,1,0.0,0.0,0.0,0.0,0.0,0.0,0.0
00-0026158,2025,2,0.0,0.0,0.0,0.0,0.0,0.0,0.0
00-0026158,2025,6,0.0,0.0,0.0,0.0,0.0,0.0,0.0
00-0026158,2025,7,0.0,0.0,0.0,0.0,0.0,0.0,0.0
00-0026158,2025,8,1.0,0.0,0.0,0.0,0.0,0.0,0.0
00-0026158,2025,9,1.0,0.0,0.0,0.0,0.0,0.0,0.0
00-0026158,2025,11,0.0,0.0,0.0,0.0,0.0,0.0,1.0
00-0026158,2025,12,0.0,0.0,0.0,0.0,0.0,0.0,1.0
00-0026300,2025,18,0.0,0.0,0.0,0.0,0.0,0.0,0.0
00-0026498,2025,1,0.0,0.0,0.0,0.0,0.0,0.0,0.0
00-0026498,2025,2,0.0,0.0,0.0,0.0,0.0,0.0,0.0
00-0026498,2025,3,1.0,0.0,0.0,0.0,0.0,0.0,0.0
00-0026498,2025,4,1.0,1.0,0.0,0.0,0.0,0.0,0.0
00-0026498,2025,5,0.0,0.0,0.0,0.0,0.0,0.0,0.0
00-0026498,2025,6,0.0,0.0,0.0,0.0,0.0,0.0,0.0
00-0026498,2025,7,0.0,0.0,0.0,0.0,0.0,0.0,0.0
00-0026498,2025,9,0.0,0.0,0.0,0.0,0.0,0.0,0.0
00-0026498,2025,10,0.0,0.0,0.0,0.0,0.0,0.0,0.0
00-0026498,2025,11,0.0,0.0,0.0,0.0,0.0,0.0,0.0
00-0026498,2025,12,0.0,0.0,0.0,0.0,0.0,0.0,0.0
00-0026498,2025,13,0.0,0.0,0.0,0.0,0.0,0.0,1.0
00-0026498,2025,14,0.0,0.0,0.0,0.0,0.0,0.0,0.0
00-0026498,2025,15,0.0,0.0,0.0,0.0,0.0,0.0,0.0
00-0026498,2025,16,1.0,0.0,0.0,0.0,0.0,0.0,0.0
00-0026498,2025,17,0.0,0.0,0.0,0.0,0.0,0.0,1.0
00-0026498,2025,18,0.0,0.0,0.0,0.0,0.0,0.0,0.0
00-0027973,2025,4,0.0,0.0,0.0,0.0,0.0,0.0,0.0
00-0028118,2025,2,0.0,0.0,0.0,0.0,0.0,0.0,0.0
00-0028118,2025,3,0.0,0.0,0.0,0.0,0.0,0.0,1.0
00-0028118,2025,12,0.0,0.0,0.0,0.0,0.0,0.0,0.0
00-0028118,2025,13,1.0,1.0,0.0,0.0,0.0,0.0,0.0
00-0029263,2025,2,1.0,0.0,0.0,0.0,0.0,0.0,0.0
00-0029604,2025,12,1.0,0.0,0.0,0.0,0.0,0.0,1.0
00-0029604,2025,13,0.0,0.0,0.0,0.0,0.0,0.0,0.0
00-0029604,2025,15,0.0,0.0,0.0,0.0,0.0,0.0,0.0
00-0029604,2025,16,0.0,0.0,0.0,0.0,0.0,0.0,0.0
00-0029604,2025,17,0.0,0.0,0.0,0.0,0.0,0.0,0.0
00-0029604,2025,18,0.0,0.0,0.0,0.0,0.0,0.0,0.0
00-0029892,2025,3,0.0,0.0,0.0,0.0,0.0,0.0,0.0
00-0029892,2025,17,0.0,0.0,0.0,0.0,0.0,0.0,0.0
00-0030061,2025,1,0.0,0.0,0.0,0.0,0.0,0.0,0.0
00-0030061,2025,2,0.0,0.0,0.0,0.0,0.0,0.0,0.0
00-0030061,2025,6,0.0,0.0,0.0,0.0,0.0,0.0,0.0
00-0030061,2025,7,0.0,0.0,0.0,0.0,0.0,0.0,0.0
00-0030279,2025,1,0.0,0.0,0.0,0.0,0.0,0.0,0.0
00-0030279,2025,2,0.0,0.0,0.0,0.0,0.0,0.0,0.0
00-0030279,2025,3,0.0,0.0,0.0,0.0,0.0,0.0,0.0
00-0030279,2025,7,0.0,0.0,0.0,0.0,0.0,0.0,0.0
00-0030506,2025,1,0.0,0.0,0.0,0.0,0.0,0.0,0.0
00-0030506,2025,5,0.0,0.0,0.0,0.0,0.0,0.0,0.0
00-0030506,2025,8,0.0,0.0,0.0,0.0,0.0,0.0,0.0
00-0030506,2025,11,0.0,0.0,0.0,0.0,0.0,0.0,0.0
00-0030506,2025,13,0.0,0.0,0.0,0.0,0.0,0.0,0.0
00-0030564,2025,1,0.0,0.0,0.0,0.0,0.0,0.0,0.0
00-0030564,2025,2,0.0,0.0,0.0,0.0,0.0,0.0,0.0
00-0030565,2025,1,0.0,0.0,0.0,0.0,0.0,0.0,0.0
00-0030565,2025,3,1.0,1.0,0.0,0.0,0.0,0.0,0.0
00-0030565,2025,4,0.0,0.0,0.0,0.0,0.0,0.0,0.0
00-0030565,2025,6,0.0,0.0,0.0,0.0,0.0,0.0,0.0
00-0030565,2025,9,0.0,0.0,0.0,0.0,0.0,0.0,0.0
00-0030565,2025,11,0.0,0.0,0.0,0.0,0.0,0.0,0.0
00-0030565,2025,12,0.0,0.0,0.0,0.0,0.0,0.0,0.0
00-0030565,2025,13,0.0,0.0,0.0,0.0,0.0,0.0,0.0
00-0030565,2025,14,0.0,0.0,0.0,0.0,0.0,0.0,0.0
00-0030565,2025,16,1.0,1.0,0.0,0.0,0.0,0.0,1.0
00-0030565,2025,17,0.0,0.0,0.0,0.0,0.0,0.0,0.0
00-0031381,2025,2,0.0,0.0,0.0,0.0,0.0,0.0,0.0
00-0031381,2025,3,0.0,0.0,1.0,0.0,0.0,0.0,0.0
00-0031381,2025,4,0.0,0.0,0.0,0.0,0.0,0.0,0.0
00-0031381,2025,7,0.0,0.0,0.0,0.0,0.0,0.0,0.0
00-0031381,2025,9,0.0,0.0,0.0,0.0,0.0,0.0,0.0
00-0031381,2025,10,0.0,0.0,0.0,0.0,0.0,0.0,0.0
00-0031381,2025,11,0.0,0.0,0.0,0.0,0.0,0.0,0.0
00-0031381,2025,12,0.0,0.0,0.0,0.0,0.0,0.0,0.0
00-0031381,2025,13,0.0,0.0,0.0,0.0,0.0,0.0,0.0
00-0031408,2025,3,0.0,0.0,0.0,0.0,0.0,0.0,0.0
00-0031408,2025,16,0.0,0.0,0.0,0.0,0.0,0.0,0.0
00-0031408,2025,17,0.0,0.0,0.0,0.0,0.0,0.0,0.0
00-0031503,2025,11,0.0,0.0,0.0,0.0,0.0,0.0,0.0
00-0031503,2025,12,0.0,0.0,0.0,0.0,0.0,0.0,0.0
00-0031588,2025,8,0.0,0.0,0.0,0.0,0.0,0.0,0.0
00-0031588,2025,9,0.0,0.0,0.0,0.0,0.0,0.0,0.0
00-0031588,2025,10,0.0,0.0,0.0,0.0,0.0,0.0,0.0
00-0031588,2025,17,0.0,0.0,0.0,0.0,0.0,0.0,0.0
00-0031610,2025,4,0.0,0.0,0.0,0.0,0.0,0.0,0.0
00-0031610,2025,5,0.0,0.0,0.0,0.0,0.0,0.0,0.0
00-0031610,2025,6,0.0,0.0,0.0,0.0,0.0,0.0,0.0
00-0031610,2025,15,0.0,0.0,0.0,0.0,0.0,0.0,0.0
00-0032104,2025,5,0.0,0.0,0.0,0.0,0.0,0.0,0.0
00-0032211,2025,17,0.0,0.0,0.0,0.0,0.0,0.0,0.0
00-0032268,2025,3,1.0,0.0,0.0,0.0,0.0,0.0,0.0
00-0032268,2025,4,0.0,0.0,0.0,0.0,0.0,0.0,0.0
00-0032268,2025,7,0.0,0.0,0.0,0.0,0.0,0.0,1.0
00-0032268,2025,8,0.0,0.0,0.0,0.0,0.0,0.0,0.0
00-0032268,2025,10,0.0,0.0,0.0,0.0,0.0,0.0,0.0
00-0032268,2025,11,0.0,0.0,0.0,0.0,0.0,0.0,0.0
00-0032268,2025,13,0.0,0.0,0.0,0.0,0.0,0.0,0.0
00-0032268,2025,15,1.0,1.0,0.0,0.0,0.0,0.0,0.0
00-0032385,2025,5,0.0,0.0,0.0,0.0,0.0,0.0,0.0
00-0032392,2025,7,0.0,0.0,0.0,0.0,0.0,0.0,0.0
00-0032392,2025,17,0.0,0.0,0.0,0.0,0.0,0.0,0.0
00-0032398,2025,6,0.0,0.0,0.0,0.0,0.0,0.0,0.0
00-0032434,2025,18,0.0,0.0,0.0,0.0,0.0,0.0,1.0
00-0032464,2025,16,0.0,0.0,0.0,0.0,0.0,0.0,0.0
00-0032764,2025,1,0.0,0.0,0.0,0.0,1.0,0.0,0.0
00-0032764,2025,3,0.0,0.0,0.0,0.0,0.0,0.0,0.0
00-0032764,2025,5,0.0,0.0,0.0,0.0,0.0,0.0,0.0
00-0032764,2025,8,0.0,0.0,0.0,0.0,0.0,0.0,0.0
00-0032764,2025,11,0.0,0.0,0.0,0.0,0.0,0.0,0.0
00-0032764,2025,12,0.0,0.0,0.0,0.0,0.0,0.0,0.0
00-0032764,2025,13,0.0,0.0,0.0,0.0,0.0,0.0,0.0
00-0032764,2025,16,0.0,0.0,0.0,0.0,0.0,0.0,0.0
00-0032764,2025,17,0.0,0.0,0.0,0.0,0.0,0.0,0.0
00-0032775,2025,16,0.0,0.0,0.0,0.0,0.0,0.0,0.0
00-0032918,2025,15,0.0,0.0,0.0,0.0,0.0,0.0,0.0
00-0032918,2025,18,0.0,0.0,0.0,0.0,0.0,0.0,0.0
00-0032950,2025,3,0.0,0.0,0.0,0.0,0.0,0.0,0.0
00-0032950,2025,4,0.0,0.0,0.0,0.0,0.0,0.0,0.0
00-0032950,2025,5,0.0,0.0,0.0,0.0,0.0,0.0,0.0
00-0032950,2025,7,0.0,0.0,0.0,0.0,0.0,0.0,1.0
00-0032950,2025,8,0.0,0.0,0.0,0.0,0.0,0.0,0.0
00-0033040,2025,3,0.0,0.0,0.0,0.0,0.0,0.0,0.0
00-0033077,2025,2,0.0,0.0,0.0,0.0,0.0,0.0,0.0
00-0033077,2025,3,0.0,0.0,0.0,0.0,0.0,0.0,0.0
00-0033077,2025,4,0.0,0.0,0.0,0.0,0.0,0.0,0.0
00-0033077,2025,5,1.0,0.0,0.0,0.0,0.0,0.0,0.0
00-0033077,2025,6,0.0,0.0,0.0,0.0,0.0,0.0,0.0
00-0033077,2025,7,1.0,1.0,0.0,0.0,0.0,0.0,0.0
00-0033077,2025,9,0.0,0.0,0.0,0.0,0.0,0.0,0.0
00-0033077,2025,11,0.0,0.0,0.0,0.0,0.0,0.0,0.0
00-0033077,2025,12,0.0,0.0,0.0,0.0,0.0,0.0,0.0
00-0033077,2025,13,0.0,0.0,0.0,0.0,0.0,0.0,0.0
00-0033077,2025,14,1.0,0.0,0.0,0.0,0.0,0.0,0.0
00-0033077,2025,16,0.0,0.0,0.0,0.0,0.0,0.0,0.0
00-0033077,2025,17,1.0,1.0,0.0,0.0,0.0,0.0,0.0
00-0033090,2025,3,0.0,0.0,0.0,0.0,0.0,0.0,0.0
00-0033090,2025,4,0.0,0.0,0.0,0.0,0.0,0.0,0.0
00-0033090,2025,8,0.0,0.0,0.0,0.0,0.0,0.0,0.0
00-0033090,2025,12,0.0,0.0,0.0,0.0,0.0,0.0,0.0
00-0033090,2025,16,0.0,0.0,0.0,0.0,0.0,0.0,0.0
00-0033090,2025,17,0.0,0.0,0.0,0.0,0.0,0.0,0.0
00-0033106,2025,1,0.0,0.0,0.0,0.0,0.0,0.0,0.0
00-0033106,2025,2,1.0,0.0,0.0,0.0,0.0,0.0,0.0
00-0033106,2025,3,0.0,0.0,0.0,0.0,0.0,0.0,0.0
00-0033106,2025,4,0.0,0.0,0.0,0.0,0.0,0.0,0.0
00-0033106,2025,5,0.0,0.0,0.0,0.0,0.0,0.0,0.0
00-0033106,2025,6,0.0,0.0,0.0,0.0,0.0,0.0,0.0
00-0033106,2025,7,0.0,0.0,0.0,0.0,0.0,0.0,0.0
00-0033106,2025,9,1.0,0.0,0.0,0.0,0.0,0.0,0.0
00-0033106,2025,10,0.0,0.0,0.0,0.0,0.0,0.0,0.0
00-0033106,2025,11,1.0,0.0,0.0,0.0,0.0,0.0,0.0
00-0033106,2025,12,0.0,0.0,0.0,0.0,0.0,0.0,0.0
00-0033106,2025,13,0.0,0.0,0.0,0.0,0.0,0.0,0.0
00-0033106,2025,14,0.0,0.0,0.0,0.0,0.0,0.0,0.0
00-0033106,2025,15,0.0,0.0,0.0,0.0,0.0,0.0,0.0
00-0033106,2025,16,0.0,0.0,0.0,0.0,0.0,0.0,0.0
00-0033106,2025,17,0.0,0.0,0.0,0.0,0.0,0.0,0.0
00-0033106,2025,18,0.0,0.0,0.0,0.0,0.0,0.0,0.0
00-0033110,2025,6,0.0,0.0,0.0,0.0,0.0,0.0,0.0
00-0033110,2025,9,0.0,0.0,0.0,0.0,0.0,0.0,0.0
00-0033110,2025,18,0.0,0.0,0.0,0.0,0.0,0.0,0.0
00-0033119,2025,6,0.0,0.0,0.0,0.0,0.0,0.0,0.0
00-0033119,2025,7,0.0,0.0,0.0,0.0,0.0,0.0,0.0
00-0033119,2025,9,0.0,0.0,0.0,0.0,0.0,0.0,0.0
00-0033119,2025,10,0.0,0.0,0.0,0.0,0.0,0.0,0.0
00-0033119,2025,11,0.0,0.0,0.0,0.0,0.0,0.0,0.0
00-0033119,2025,12,0.0,0.0,0.0,0.0,0.0,0.0,0.0
00-0033119,2025,13,0.0,0.0,0.0,0.0,0.0,0.0,0.0
00-0033119,2025,14,0.0,0.0,0.0,0.0,0.0,0.0,0.0
00-0033119,2025,15,0.0,0.0,0.0,0.0,0.0,0.0,0.0
00-0033119,2025,16,0.0,0.0,0.0,0.0,0.0,0.0,0.0
00-0033119,2025,17,0.0,0.0,0.0,0.0,0.0,0.0,0.0
00-0033119,2025,18,1.0,0.0,0.0,0.0,0.0,0.0,0.0
00-0033217,2025,17,0.0,0.0,0.0,0.0,0.0,0.0,0.0
00-0033280,2025,2,0.0,0.0,0.0,0.0,0.0,0.0,0.0
00-0033280,2025,4,0.0,0.0,0.0,0.0,0.0,0.0,0.0
00-0033280,2025,5,0.0,0.0,0.0,0.0,0.0,0.0,0.0
00-0033280,2025,6,0.0,0.0,0.0,0.0,0.0,0.0,0.0
00-0033280,2025,7,0.0,0.0,0.0,0.0,0.0,0.0,0.0
00-0033280,2025,9,0.0,0.0,0.0,0.0,0.0,0.0,0.0
00-0033280,2025,11,0.0,0.0,0.0,0.0,0.0,0.0,0.0
00-0033280,2025,12,0.0,0.0,0.0,0.0,0.0,0.0,0.0
00-0033280,2025,13,0.0,0.0,0.0,0.0,0.0,0.0,0.0
00-0033280,2025,15,0.0,0.0,0.0,0.0,0.0,0.0,0.0
00-0033280,2025,16,0.0,0.0,0.0,0.0,0.0,0.0,0.0
00-0033280,2025,17,0.0,0.0,0.0,0.0,0.0,0.0,0.0
00-0033282,2025,5,0.0,0.0,0.0,0.0,0.0,0.0,0.0
00-0033288,2025,1,0.0,0.0,0.0,0.0,0.0,0.0,0.0
00-0033288,2025,8,0.0,0.0,0.0,0.0,0.0,0.0,0.0
00-0033288,2025,10,0.0,0.0,0.0,0.0,0.0,0.0,0.0
00-0033288,2025,11,0.0,0.0,0.0,0.0,0.0,0.0,0.0
00-0033288,2025,15,0.0,0.0,0.0,0.0,0.0,0.0,0.0
00-0033288,2025,16,0.0,0.0,0.0,0.0,0.0,0.0,0.0
00-0033293,2025,1,0.0,0.0,0.0,0.0,0.0,0.0,0.0
00-0033293,2025,10,0.0,0.0,0.0,0.0,0.0,0.0,0.0
00-0033293,2025,17,0.0,0.0,0.0,0.0,0.0,0.0,0.0
00-0033357,2025,6,0.0,0.0,0.0,0.0,0.0,0.0,0.0
00-0033357,2025,16,0.0,0.0,0.0,0.0,0.0,0.0,0.0
00-0033375,2025,6,0.0,0.0,0.0,0.0,0.0,0.0,0.0
00-0033375,2025,11,0.0,0.0,0.0,0.0,0.0,0.0,0.0
00-0033375,2025,14,0.0,0.0,0.0,0.0,0.0,0.0,0.0
00-0033526,2025,8,0.0,0.0,0.0,0.0,0.0,0.0,0.0
00-0033526,2025,16,0.0,0.0,0.0,0.0,0.0,0.0,0.0
00-0033526,2025,17,0.0,0.0,0.0,0.0,0.0,0.0,0.0
00-0033553,2025,1,0.0,0.0,0.0,0.0,0.0,0.0,0.0
00-0033553,2025,2,0.0,0.0,0.0,0.0,0.0,0.0,0.0
00-0033555,2025,2,0.0,0.0,0.0,0.0,0.0,0.0,0.0
00-0033555,2025,4,0.0,0.0,0.0,0.0,0.0,0.0,0.0
00-0033854,2025,14,0.0,0.0,0.0,0.0,0.0,0.0,0.0
00-0033857,2025,4,0.0,0.0,0.0,0.0,0.0,0.0,0.0
00-0033858,2025,1,0.0,0.0,0.0,0.0,0.0,0.0,0.0
00-0033858,2025,7,0.0,0.0,0.0,0.0,0.0,0.0,0.0
00-0033858,2025,15,0.0,0.0,0.0,0.0,0.0,0.0,0.0
00-0033869,2025,18,0.0,0.0,0.0,0.0,0.0,0.0,0.0
00-0033873,2025,1,0.0,0.0,0.0,0.0,0.0,0.0,0.0
00-0033873,2025,2,1.0,0.0,0.0,0.0,0.0,0.0,0.0
00-0033873,2025,3,0.0,0.0,0.0,0.0,0.0,0.0,0.0
00-0033873,2025,4,0.0,0.0,0.0,0.0,0.0,0.0,0.0
00-0033873,2025,5,0.0,0.0,0.0,0.0,0.0,0.0,1.0
00-0033873,2025,6,0.0,0.0,0.0,0.0,0.0,0.0,0.0
00-0033873,2025,7,0.0,0.0,0.0,0.0,0.0,0.0,0.0
00-0033873,2025,8,0.0,0.0,0.0,0.0,0.0,0.0,0.0
00-0033873,2025,11,0.0,0.0,0.0,0.0,0.0,0.0,0.0
00-0033873,2025,13,0.0,0.0,0.0,0.0,0.0,0.0,0.0
00-0033873,2025,15,0.0,0.0,0.0,0.0,0.0,0.0,0.0
00-0033881,2025,5,0.0,0.0,0.0,0.0,0.0,0.0,0.0
00-0033885,2025,5,0.0,0.0,0.0,0.0,0.0,0.0,0.0
00-0033885,2025,8,0.0,0.0,0.0,0.0,0.0,0.0,0.0
00-0033885,2025,10,0.0,0.0,0.0,0.0,0.0,0.0,0.0
00-0033885,2025,14,0.0,0.0,0.0,0.0,0.0,0.0,0.0
00-0033906,2025,1,0.0,0.0,0.0,0.0,0.0,0.0,0.0
00-0033908,2025,6,0.0,0.0,0.0,0.0,0.0,0.0,0.0
00-0033908,2025,14,0.0,0.0,0.0,0.0,0.0,0.0,0.0
00-0033921,2025,15,0.0,0.0,0.0,0.0,0.0,0.0,0.0
00-0033921,2025,17,0.0,0.0,0.0,0.0,0.0,0.0,0.0
00-0033923,2025,3,0.0,0.0,0.0,0.0,0.0,0.0,0.0
00-0033923,2025,5,0.0,0.0,0.0,0.0,0.0,0.0,0.0
00-0033923,2025,8,0.0,0.0,0.0,0.0,0.0,0.0,0.0
00-0033923,2025,9,0.0,0.0,0.0,0.0,0.0,0.0,0.0
00-0033923,2025,11,0.0,0.0,0.0,0.0,0.0,0.0,0.0
00-0033923,2025,12,0.0,0.0,0.0,0.0,0.0,0.0,0.0
00-0033923,2025,14,0.0,0.0,0.0,0.0,0.0,0.0,0.0
00-0033955,2025,3,0.0,0.0,0.0,0.0,1.0,1.0,0.0
00-0034272,2025,15,0.0,0.0,0.0,0.0,0.0,0.0,0.0
00-0034348,2025,1,0.0,0.0,0.0,0.0,0.0,0.0,0.0
00-0034348,2025,3,0.0,0.0,1.0,1.0,0.0,0.0,0.0
00-0034348,2025,4,0.0,0.0,0.0,0.0,0.0,0.0,0.0
00-0034348,2025,9,0.0,0.0,0.0,0.0,0.0,0.0,0.0
00-0034348,2025,13,0.0,0.0,0.0,0.0,0.0,0.0,0.0
00-0034348,2025,15,0.0,0.0,0.0,0.0,0.0,0.0,0.0
00-0034348,2025,16,0.0,0.0,0.0,0.0,0.0,0.0,0.0
00-0034351,2025,3,0.0,0.0,0.0,0.0,0.0,0.0,0.0
00-0034351,2025,4,0.0,0.0,0.0,0.0,0.0,0.0,0.0
00-0034351,2025,5,0.0,0.0,0.0,0.0,0.0,0.0,0.0
00-0034351,2025,6,0.0,0.0,0.0,0.0,0.0,0.0,0.0
00-0034351,2025,8,0.0,0.0,0.0,0.0,0.0,0.0,0.0
00-0034351,2025,15,0.0,0.0,0.0,0.0,0.0,0.0,0.0
00-0034351,2025,16,0.0,0.0,0.0,0.0,0.0,0.0,0.0
00-0034351,2025,17,0.0,0.0,0.0,0.0,0.0,0.0,0.0
00-0034383,2025,10,0.0,0.0,0.0,0.0,0.0,0.0,0.0
00-0034383,2025,15,0.0,0.0,0.0,0.0,0.0,0.0,0.0
00-0034383,2025,16,0.0,0.0,0.0,0.0,0.0,0.0,0.0
00-0034521,2025,3,0.0,0.0,0.0,0.0,0.0,0.0,0.0
00-0034613,2025,6,0.0,0.0,0.0,0.0,0.0,0.0,0.0
00-0034613,2025,13,0.0,0.0,0.0,0.0,0.0,0.0,0.0
00-0034753,2025,3,0.0,0.0,0.0,0.0,0.0,0.0,0.0
00-0034753,2025,9,0.0,0.0,0.0,0.0,0.0,0.0,0.0
00-0034753,2025,10,0.0,0.0,0.0,0.0,0.0,0.0,0.0
00-0034753,2025,11,0.0,0.0,0.0,0.0,0.0,0.0,0.0
00-0034771,2025,11,0.0,0.0,0.0,0.0,0.0,0.0,0.0
00-0034771,2025,12,0.0,0.0,0.0,0.0,0.0,0.0,0.0
00-0034775,2025,12,0.0,0.0,0.0,0.0,0.0,0.0,0.0
00-0034791,2025,2,0.0,0.0,0.0,0.0,0.0,0.0,0.0
00-0034791,2025,5,0.0,0.0,0.0,0.0,0.0,0.0,0.0
00-0034791,2025,13,0.0,0.0,0.0,0.0,0.0,0.0,0.0
00-0034796,2025,1,0.0,0.0,0.0,0.0,0.0,0.0,0.0
00-0034796,2025,2,0.0,0.0,0.0,0.0,0.0,0.0,0.0
00-0034796,2025,3,0.0,0.0,0.0,0.0,0.0,0.0,0.0
00-0034796,2025,4,0.0,0.0,0.0,0.0,0.0,0.0,0.0
00-0034796,2025,9,0.0,0.0,0.0,0.0,0.0,0.0,0.0
00-0034796,2025,10,0.0,0.0,0.0,0.0,0.0,0.0,0.0
00-0034796,2025,11,0.0,0.0,0.0,0.0,0.0,0.0,1.0
00-0034796,2025,14,0.0,0.0,0.0,0.0,0.0,0.0,0.0
00-0034796,2025,15,0.0,0.0,0.0,0.0,0.0,0.0,0.0
00-0034796,2025,18,2.0,2.0,0.0,0.0,0.0,0.0,0.0
00-0034827,2025,3,0.0,0.0,0.0,0.0,0.0,0.0,0.0
00-0034827,2025,9,0.0,0.0,0.0,0.0,0.0,0.0,0.0
00-0034827,2025,12,0.0,0.0,0.0,0.0,0.0,0.0,0.0
00-0034827,2025,15,0.0,0.0,0.0,0.0,0.0,0.0,0.0
00-0034827,2025,16,0.0,0.0,1.0,0.0,0.0,0.0,0.0
00-0034829,2025,14,0.0,0.0,0.0,0.0,0.0,0.0,0.0
00-0034829,2025,16,0.0,0.0,0.0,0.0,0.0,0.0,0.0
00-0034844,2025,1,0.0,0.0,0.0,0.0,0.0,0.0,0.0
00-0034844,2025,2,0.0,0.0,0.0,0.0,0.0,0.0,0.0
00-0034844,2025,4,0.0,0.0,0.0,0.0,0.0,0.0,0.0
00-0034844,2025,5,0.0,0.0,1.0,0.0,0.0,0.0,0.0
00-0034844,2025,8,0.0,0.0,0.0,0.0,1.0,1.0,0.0
00-0034844,2025,14,0.0,0.0,0.0,0.0,1.0,1.0,0.0
00-0034844,2025,15,0.0,0.0,0.0,0.0,0.0,0.0,0.0
00-0034844,2025,16,0.0,0.0,0.0,0.0,0.0,0.0,0.0
00-0034855,2025,1,0.0,0.0,0.0,0.0,0.0,0.0,0.0
00-0034855,2025,2,0.0,0.0,0.0,0.0,0.0,0.0,0.0
00-0034855,2025,3,0.0,0.0,0.0,0.0,0.0,0.0,0.0
00-0034855,2025,4,2.0,2.0,0.0,0.0,0.0,0.0,0.0
00-0034855,2025,5,0.0,0.0,0.0,0.0,0.0,0.0,0.0
00-0034855,2025,6,1.0,0.0,0.0,0.0,0.0,0.0,0.0
00-0034855,2025,7,0.0,0.0,0.0,0.0,0.0,0.0,0.0
00-0034855,2025,10,0.0,0.0,0.0,0.0,0.0,0.0,0.0
00-0034855,2025,11,0.0,0.0,0.0,0.0,0.0,0.0,0.0
00-0034855,2025,12,0.0,0.0,0.0,0.0,0.0,0.0,1.0
00-0034855,2025,13,0.0,0.0,0.0,0.0,0.0,0.0,0.0
00-0034855,2025,14,0.0,0.0,0.0,0.0,0.0,0.0,0.0
00-0034855,2025,15,0.0,0.0,0.0,0.0,0.0,0.0,0.0
00-0034855,2025,16,0.0,0.0,0.0,0.0,0.0,0.0,0.0
00-0034855,2025,17,0.0,0.0,0.0,0.0,0.0,0.0,0.0
00-0034855,2025,18,0.0,0.0,0.0,0.0,0.0,0.0,0.0
00-0034857,2025,1,0.0,0.0,0.0,0.0,0.0,0.0,0.0
00-0034857,2025,3,0.0,0.0,0.0,0.0,0.0,0.0,0.0
00-0034857,2025,4,1.0,0.0,0.0,0.0,0.0,0.0,0.0
00-0034857,2025,5,0.0,0.0,0.0,0.0,0.0,0.0,0.0
00-0034857,2025,6,0.0,0.0,0.0,0.0,0.0,0.0,0.0
00-0034857,2025,8,1.0,1.0,0.0,0.0,0.0,0.0,0.0
00-0034857,2025,9,0.0,0.0,0.0,0.0,0.0,0.0,0.0
00-0034857,2025,10,0.0,0.0,0.0,0.0,0.0,0.0,0.0
00-0034857,2025,11,2.0,1.0,0.0,0.0,0.0,0.0,0.0
00-0034857,2025,13,0.0,0.0,0.0,0.0,0.0,0.0,0.0
00-0034857,2025,14,0.0,0.0,0.0,0.0,1.0,0.0,0.0
00-0034857,2025,15,0.0,0.0,0.0,0.0,0.0,0.0,0.0
00-0034857,2025,17,0.0,0.0,0.0,0.0,0.0,0.0,0.0
00-0034869,2025,2,0.0,0.0,0.0,0.0,0.0,0.0,0.0
00-0034869,2025,3,0.0,0.0,0.0,0.0,0.0,0.0,0.0
00-0034869,2025,4,0.0,0.0,0.0,0.0,0.0,0.0,0.0
00-0034869,2025,5,0.0,0.0,0.0,0.0,0.0,0.0,0.0
00-0034869,2025,6,1.0,1.0,0.0,0.0,0.0,0.0,0.0
00-0034869,2025,7,0.0,0.0,0.0,0.0,0.0,0.0,0.0
00-0034869,2025,9,1.0,1.0,0.0,0.0,0.0,0.0,0.0
00-0034869,2025,10,1.0,0.0,0.0,0.0,0.0,0.0,0.0
00-0034869,2025,12,1.0,1.0,0.0,0.0,0.0,0.0,0.0
00-0034869,2025,14,0.0,0.0,0.0,0.0,0.0,0.0,0.0
00-0034869,2025,16,0.0,0.0,0.0,0.0,0.0,0.0,0.0
00-0034869,2025,17,0.0,0.0,0.0,0.0,0.0,0.0,0.0
00-0034959,2025,5,0.0,0.0,0.0,0.0,0.0,0.0,0.0
00-0034959,2025,18,0.0,0.0,0.0,0.0,0.0,0.0,0.0
00-0034960,2025,12,0.0,0.0,0.0,0.0,0.0,0.0,0.0
00-0034960,2025,13,0.0,0.0,0.0,0.0,0.0,0.0,0.0
00-0034960,2025,14,0.0,0.0,0.0,0.0,0.0,0.0,0.0
00-0034975,2025,4,0.0,0.0,0.0,0.0,1.0,1.0,0.0
00-0034975,2025,10,0.0,0.0,0.0,0.0,0.0,0.0,0.0
00-0034983,2025,2,0.0,0.0,0.0,0.0,0.0,0.0,0.0
00-0035100,2025,2,1.0,0.0,0.0,0.0,0.0,0.0,0.0
00-0035100,2025,3,0.0,0.0,0.0,0.0,0.0,0.0,1.0
00-0035100,2025,5,1.0,1.0,0.0,0.0,0.0,0.0,0.0
00-0035208,2025,9,0.0,0.0,0.0,0.0,0.0,0.0,0.0
00-0035208,2025,14,0.0,0.0,0.0,0.0,0.0,0.0,0.0
00-0035228,2025,1,0.0,0.0,0.0,0.0,0.0,0.0,0.0
00-0035228,2025,2,0.0,0.0,0.0,0.0,0.0,0.0,0.0
00-0035228,2025,3,0.0,0.0,0.0,0.0,0.0,0.0,0.0
00-0035228,2025,4,0.0,0.0,0.0,0.0,0.0,0.0,0.0
00-0035228,2025,5,0.0,0.0,0.0,0.0,0.0,0.0,0.0
00-0035229,2025,3,0.0,0.0,0.0,0.0,0.0,0.0,0.0
00-0035229,2025,9,0.0,0.0,0.0,0.0,0.0,0.0,0.0
00-0035229,2025,14,0.0,0.0,0.0,0.0,0.0,0.0,0.0
00-0035243,2025,2,0.0,0.0,0.0,0.0,0.0,0.0,0.0
00-0035249,2025,3,0.0,0.0,0.0,0.0,0.0,0.0,0.0
00-0035249,2025,5,0.0,0.0,0.0,0.0,0.0,0.0,0.0
00-0035249,2025,14,0.0,0.0,0.0,0.0,0.0,0.0,0.0
00-0035250,2025,11,0.0,0.0,0.0,0.0,0.0,0.0,0.0
00-0035250,2025,13,0.0,0.0,0.0,0.0,0.0,0.0,0.0
00-0035250,2025,17,0.0,0.0,0.0,0.0,0.0,0.0,0.0
00-0035250,2025,18,0.0,0.0,0.0,0.0,0.0,0.0,0.0
00-0035261,2025,3,0.0,0.0,0.0,0.0,0.0,0.0,0.0
00-0035261,2025,5,0.0,0.0,0.0,0.0,0.0,0.0,0.0
00-0035261,2025,14,0.0,0.0,0.0,0.0,1.0,1.0,0.0
00-0035261,2025,15,0.0,0.0,0.0,0.0,0.0,0.0,0.0
00-0035359,2025,12,0.0,0.0,0.0,0.0,0.0,0.0,0.0
00-0035359,2025,13,0.0,0.0,0.0,0.0,0.0,0.0,0.0
00-0035406,2025,15,0.0,0.0,0.0,0.0,0.0,0.0,0.0
00-0035500,2025,6,0.0,0.0,0.0,0.0,0.0,0.0,0.0
00-0035500,2025,10,0.0,0.0,0.0,0.0,0.0,0.0,0.0
00-0035500,2025,11,0.0,0.0,0.0,0.0,0.0,0.0,0.0
00-0035500,2025,12,0.0,0.0,0.0,0.0,0.0,0.0,0.0
00-0035535,2025,13,0.0,0.0,0.0,0.0,0.0,0.0,0.0
00-0035537,2025,9,0.0,0.0,0.0,0.0,0.0,0.0,0.0
00-0035537,2025,11,0.0,0.0,1.0,1.0,0.0,0.0,0.0
00-0035537,2025,16,0.0,0.0,0.0,0.0,0.0,0.0,0.0
00-0035537,2025,18,0.0,0.0,0.0,0.0,0.0,0.0,0.0
00-0035631,2025,3,0.0,0.0,0.0,0.0,0.0,0.0,0.0
00-0035640,2025,2,0.0,0.0,0.0,0.0,0.0,0.0,0.0
00-0035640,2025,3,0.0,0.0,0.0,0.0,0.0,0.0,0.0
00-0035640,2025,4,0.0,0.0,1.0,1.0,0.0,0.0,0.0
00-0035640,2025,6,0.0,0.0,0.0,0.0,0.0,0.0,0.0
00-0035640,2025,8,0.0,0.0,0.0,0.0,0.0,0.0,0.0
00-0035640,2025,12,0.0,0.0,0.0,0.0,0.0,0.0,0.0
00-0035640,2025,15,0.0,0.0,0.0,0.0,0.0,0.0,0.0
00-0035643,2025,15,0.0,0.0,0.0,0.0,0.0,0.0,0.0
00-0035644,2025,1,0.0,0.0,0.0,0.0,0.0,0.0,0.0
00-0035644,2025,7,0.0,0.0,0.0,0.0,0.0,0.0,0.0
00-0035644,2025,9,0.0,0.0,0.0,0.0,0.0,0.0,0.0
00-0035645,2025,9,0.0,0.0,0.0,0.0,0.0,0.0,0.0
00-0035645,2025,12,0.0,0.0,0.0,0.0,0.0,0.0,0.0
00-0035659,2025,8,0.0,0.0,0.0,0.0,0.0,0.0,0.0
00-0035659,2025,13,0.0,0.0,0.0,0.0,0.0,0.0,0.0
00-0035659,2025,15,0.0,0.0,1.0,1.0,0.0,0.0,0.0
00-0035662,2025,4,0.0,0.0,0.0,0.0,0.0,0.0,0.0
00-0035662,2025,6,0.0,0.0,0.0,0.0,0.0,0.0,0.0
00-0035662,2025,7,0.0,0.0,0.0,0.0,0.0,0.0,0.0
00-0035662,2025,13,0.0,0.0,0.0,0.0,0.0,0.0,0.0
00-0035676,2025,3,0.0,0.0,0.0,0.0,0.0,0.0,0.0
00-0035676,2025,7,0.0,0.0,0.0,0.0,0.0,0.0,0.0
00-0035676,2025,12,0.0,0.0,0.0,0.0,0.0,0.0,0.0
00-0035676,2025,13,0.0,0.0,0.0,0.0,0.0,0.0,0.0
00-0035676,2025,15,0.0,0.0,0.0,0.0,0.0,0.0,0.0
00-0035685,2025,2,0.0,0.0,0.0,0.0,0.0,0.0,0.0
00-0035685,2025,3,0.0,0.0,0.0,0.0,0.0,0.0,0.0
00-0035685,2025,5,0.0,0.0,0.0,0.0,0.0,0.0,0.0
00-0035685,2025,9,0.0,0.0,0.0,0.0,0.0,0.0,0.0
00-0035685,2025,13,0.0,0.0,0.0,0.0,0.0,0.0,0.0
00-0035685,2025,14,0.0,0.0,0.0,0.0,0.0,0.0,0.0
00-0035685,2025,15,0.0,0.0,0.0,0.0,0.0,0.0,0.0
00-0035689,2025,6,0.0,0.0,0.0,0.0,0.0,0.0,0.0
00-0035689,2025,15,0.0,0.0,0.0,0.0,0.0,0.0,0.0
00-0035689,2025,18,0.0,0.0,0.0,0.0,0.0,0.0,0.0
00-0035700,2025,1,0.0,0.0,0.0,0.0,0.0,0.0,0.0
00-0035700,2025,2,0.0,0.0,0.0,0.0,0.0,0.0,0.0
00-0035700,2025,4,0.0,0.0,0.0,0.0,0.0,0.0,0.0
00-0035700,2025,6,0.0,0.0,0.0,0.0,0.0,0.0,0.0
00-0035700,2025,7,0.0,0.0,0.0,0.0,0.0,0.0,0.0
00-0035700,2025,8,0.0,0.0,0.0,0.0,0.0,0.0,0.0
00-0035700,2025,9,0.0,0.0,0.0,0.0,0.0,0.0,0.0
00-0035700,2025,10,0.0,0.0,0.0,0.0,0.0,0.0,0.0
00-0035700,2025,14,0.0,0.0,0.0,0.0,0.0,0.0,0.0
00-0035700,2025,15,0.0,0.0,0.0,0.0,1.0,0.0,0.0
00-0035710,2025,1,0.0,0.0,0.0,0.0,0.0,0.0,0.0
00-0035710,2025,2,0.0,0.0,0.0,0.0,0.0,0.0,0.0
00-0035710,2025,3,0.0,0.0,0.0,0.0,0.0,0.0,0.0
00-0035710,2025,4,0.0,0.0,0.0,0.0,0.0,0.0,0.0
00-0035710,2025,5,0.0,0.0,0.0,0.0,0.0,0.0,0.0
00-0035710,2025,6,0.0,0.0,0.0,0.0,0.0,0.0,0.0
00-0035710,2025,7,0.0,0.0,0.0,0.0,0.0,0.0,0.0
00-0035710,2025,8,0.0,0.0,0.0,0.0,0.0,0.0,0.0
00-0035710,2025,9,0.0,0.0,0.0,0.0,0.0,0.0,0.0
00-0035710,2025,10,0.0,0.0,0.0,0.0,0.0,0.0,0.0
00-0035710,2025,12,0.0,0.0,0.0,0.0,0.0,0.0,0.0
00-0035710,2025,13,0.0,0.0,0.0,0.0,0.0,0.0,0.0
00-0035719,2025,1,0.0,0.0,0.0,0.0,0.0,0.0,0.0
00-0035719,2025,2,0.0,0.0,0.0,0.0,0.0,0.0,0.0
00-0035719,2025,4,0.0,0.0,0.0,0.0,0.0,0.0,0.0
00-0035719,2025,5,0.0,0.0,0.0,0.0,0.0,0.0,0.0
00-0035719,2025,10,0.0,0.0,0.0,0.0,0.0,0.0,0.0
00-0035719,2025,11,0.0,0.0,0.0,0.0,0.0,0.0,0.0
00-0035891,2025,9,0.0,0.0,1.0,1.0,0.0,0.0,0.0
00-0035993,2025,8,0.0,0.0,0.0,0.0,0.0,0.0,0.0
00-0035993,2025,17,0.0,0.0,0.0,0.0,0.0,0.0,0.0
00-0036040,2025,2,0.0,0.0,0.0,0.0,0.0,0.0,0.0
00-0036040,2025,9,0.0,0.0,0.0,0.0,0.0,0.0,0.0
00-0036040,2025,10,0.0,0.0,0.0,0.0,0.0,0.0,0.0
00-0036139,2025,3,0.0,0.0,0.0,0.0,0.0,0.0,0.0
00-0036139,2025,5,0.0,0.0,0.0,0.0,0.0,0.0,0.0
00-0036139,2025,6,0.0,0.0,0.0,0.0,0.0,0.0,0.0
00-0036139,2025,9,0.0,0.0,0.0,0.0,0.0,0.0,0.0
00-0036139,2025,10,0.0,0.0,0.0,0.0,0.0,0.0,0.0
00-0036139,2025,15,0.0,0.0,0.0,0.0,0.0,0.0,0.0
00-0036158,2025,1,0.0,0.0,0.0,0.0,0.0,0.0,0.0
00-0036158,2025,2,0.0,0.0,0.0,0.0,0.0,0.0,0.0
00-0036158,2025,3,0.0,0.0,0.0,0.0,0.0,0.0,0.0
00-0036158,2025,5,0.0,0.0,0.0,0.0,0.0,0.0,0.0
00-0036165,2025,12,0.0,0.0,0.0,0.0,0.0,0.0,0.0
00-0036196,2025,18,0.0,0.0,0.0,0.0,0.0,0.0,0.0
00-0036212,2025,1,0.0,0.0,0.0,0.0,0.0,0.0,0.0
00-0036212,2025,2,0.0,0.0,0.0,0.0,0.0,0.0,0.0
00-0036212,2025,3,0.0,0.0,0.0,0.0,0.0,0.0,0.0
00-0036212,2025,4,0.0,0.0,0.0,0.0,0.0,0.0,0.0
00-0036212,2025,5,1.0,0.0,0.0,0.0,0.0,0.0,0.0
00-0036212,2025,6,0.0,0.0,0.0,0.0,0.0,0.0,0.0
00-0036212,2025,7,0.0,0.0,0.0,0.0,0.0,0.0,1.0
00-0036212,2025,8,1.0,0.0,0.0,0.0,0.0,0.0,0.0
00-0036212,2025,10,0.0,0.0,0.0,0.0,0.0,0.0,0.0
00-0036212,2025,14,0.0,0.0,0.0,0.0,0.0,0.0,0.0
00-0036212,2025,15,0.0,0.0,0.0,0.0,0.0,0.0,0.0
00-0036223,2025,2,0.0,0.0,0.0,0.0,0.0,0.0,0.0
00-0036223,2025,3,0.0,0.0,0.0,0.0,1.0,0.0,0.0
00-0036223,2025,5,0.0,0.0,0.0,0.0,0.0,0.0,0.0
00-0036223,2025,6,0.0,0.0,0.0,0.0,0.0,0.0,0.0
00-0036223,2025,7,0.0,0.0,0.0,0.0,0.0,0.0,0.0
00-0036223,2025,8,0.0,0.0,0.0,0.0,1.0,1.0,0.0
00-0036223,2025,10,0.0,0.0,0.0,0.0,1.0,1.0,0.0
00-0036223,2025,14,0.0,0.0,0.0,0.0,0.0,0.0,0.0
00-0036223,2025,16,0.0,0.0,0.0,0.0,0.0,0.0,0.0
00-0036223,2025,17,0.0,0.0,0.0,0.0,0.0,0.0,0.0
00-0036244,2025,10,0.0,0.0,0.0,0.0,0.0,0.0,0.0
00-0036244,2025,11,0.0,0.0,0.0,0.0,0.0,0.0,0.0
00-0036244,2025,12,0.0,0.0,0.0,0.0,0.0,0.0,0.0
00-0036244,2025,14,0.0,0.0,0.0,0.0,0.0,0.0,0.0
00-0036244,2025,15,0.0,0.0,0.0,0.0,0.0,0.0,0.0
00-0036244,2025,18,0.0,0.0,0.0,0.0,0.0,0.0,0.0
00-0036252,2025,1,0.0,0.0,0.0,0.0,0.0,0.0,0.0
00-0036252,2025,3,0.0,0.0,0.0,0.0,0.0,0.0,0.0
00-0036252,2025,4,0.0,0.0,0.0,0.0,0.0,0.0,0.0
00-0036252,2025,5,0.0,0.0,0.0,0.0,0.0,0.0,0.0
00-0036252,2025,7,0.0,0.0,0.0,0.0,0.0,0.0,0.0
00-0036252,2025,8,0.0,0.0,0.0,0.0,0.0,0.0,0.0
00-0036252,2025,12,0.0,0.0,0.0,0.0,0.0,0.0,0.0
00-0036259,2025,2,0.0,0.0,1.0,0.0,0.0,0.0,0.0
00-0036259,2025,9,0.0,0.0,0.0,0.0,0.0,0.0,0.0
00-0036259,2025,10,0.0,0.0,0.0,0.0,0.0,0.0,0.0
00-0036259,2025,12,0.0,0.0,0.0,0.0,0.0,0.0,0.0
00-0036259,2025,13,0.0,0.0,0.0,0.0,0.0,0.0,0.0
00-0036259,2025,15,0.0,0.0,0.0,0.0,0.0,0.0,0.0
00-0036259,2025,16,0.0,0.0,0.0,0.0,0.0,0.0,0.0
00-0036259,2025,17,0.0,0.0,0.0,0.0,0.0,0.0,0.0
00-0036264,2025,1,0.0,0.0,0.0,0.0,0.0,0.0,0.0
00-0036264,2025,2,0.0,0.0,0.0,0.0,0.0,0.0,0.0
00-0036264,2025,3,0.0,0.0,0.0,0.0,0.0,0.0,0.0
00-0036264,2025,4,0.0,0.0,0.0,0.0,0.0,0.0,0.0
00-0036264,2025,6,0.0,0.0,0.0,0.0,0.0,0.0,0.0
00-0036264,2025,7,0.0,0.0,0.0,0.0,0.0,0.0,0.0
00-0036264,2025,8,0.0,0.0,0.0,0.0,0.0,0.0,0.0
00-0036264,2025,11,0.0,0.0,0.0,0.0,0.0,0.0,0.0
00-0036264,2025,13,1.0,1.0,0.0,0.0,0.0,0.0,0.0
00-0036264,2025,14,2.0,0.0,0.0,0.0,0.0,0.0,0.0
00-0036264,2025,15,0.0,0.0,0.0,0.0,0.0,0.0,0.0
00-0036275,2025,2,0.0,0.0,0.0,0.0,0.0,0.0,0.0
00-0036275,2025,4,0.0,0.0,0.0,0.0,0.0,0.0,0.0
00-0036275,2025,6,0.0,0.0,1.0,1.0,0.0,0.0,0.0
00-0036275,2025,7,0.0,0.0,0.0,0.0,0.0,0.0,0.0
00-0036275,2025,8,0.0,0.0,0.0,0.0,0.0,0.0,0.0
00-0036275,2025,13,0.0,0.0,0.0,0.0,0.0,0.0,0.0
00-0036275,2025,15,0.0,0.0,0.0,0.0,0.0,0.0,0.0
00-0036275,2025,17,0.0,0.0,0.0,0.0,0.0,0.0,0.0
00-0036290,2025,3,0.0,0.0,0.0,0.0,0.0,0.0,0.0
00-0036290,2025,13,0.0,0.0,0.0,0.0,0.0,0.0,0.0
00-0036309,2025,12,0.0,0.0,1.0,0.0,0.0,0.0,0.0
00-0036322,2025,1,0.0,0.0,0.0,0.0,0.0,0.0,0.0
00-0036322,2025,9,0.0,0.0,0.0,0.0,0.0,0.0,0.0
00-0036328,2025,4,0.0,0.0,0.0,0.0,0.0,0.0,0.0
00-0036332,2025,18,0.0,0.0,0.0,0.0,0.0,0.0,0.0
00-0036355,2025,1,0.0,0.0,0.0,0.0,0.0,0.0,0.0
00-0036355,2025,2,1.0,1.0,0.0,0.0,0.0,0.0,0.0
00-0036355,2025,3,0.0,0.0,0.0,0.0,0.0,0.0,0.0
00-0036355,2025,4,0.0,0.0,0.0,0.0,0.0,0.0,0.0
00-0036355,2025,5,0.0,0.0,0.0,0.0,0.0,0.0,0.0
00-0036355,2025,6,0.0,0.0,0.0,0.0,0.0,0.0,0.0
00-0036355,2025,7,0.0,0.0,0.0,0.0,0.0,0.0,0.0
00-0036355,2025,8,0.0,0.0,0.0,0.0,0.0,0.0,0.0
00-0036355,2025,9,0.0,0.0,0.0,0.0,0.0,0.0,1.0
00-0036355,2025,10,0.0,0.0,0.0,0.0,0.0,0.0,0.0
00-0036355,2025,13,0.0,0.0,0.0,0.0,0.0,0.0,0.0
00-0036355,2025,14,0.0,0.0,0.0,0.0,0.0,0.0,0.0
00-0036355,2025,15,0.0,0.0,0.0,0.0,0.0,0.0,0.0
00-0036355,2025,16,0.0,0.0,0.0,0.0,0.0,0.0,0.0
00-0036355,2025,17,0.0,0.0,0.0,0.0,0.0,0.0,0.0
00-0036358,2025,7,0.0,0.0,1.0,1.0,0.0,0.0,0.0
00-0036358,2025,11,0.0,0.0,0.0,0.0,0.0,0.0,0.0
00-0036358,2025,13,0.0,0.0,0.0,0.0,0.0,0.0,0.0
00-0036389,2025,1,0.0,0.0,0.0,0.0,0.0,0.0,0.0
00-0036389,2025,2,0.0,0.0,0.0,0.0,0.0,0.0,0.0
00-0036389,2025,3,0.0,0.0,0.0,0.0,0.0,0.0,0.0
00-0036389,2025,4,0.0,0.0,0.0,0.0,0.0,0.0,0.0
00-0036389,2025,5,1.0,0.0,0.0,0.0,0.0,0.0,0.0
00-0036389,2025,6,0.0,0.0,0.0,0.0,0.0,0.0,0.0
00-0036389,2025,7,1.0,1.0,0.0,0.0,0.0,0.0,0.0
00-0036389,2025,8,1.0,0.0,0.0,0.0,0.0,0.0,0.0
00-0036389,2025,10,0.0,0.0,0.0,0.0,0.0,0.0,0.0
00-0036389,2025,11,0.0,0.0,0.0,0.0,0.0,0.0,0.0
00-0036389,2025,12,0.0,0.0,0.0,0.0,0.0,0.0,0.0
00-0036389,2025,13,0.0,0.0,0.0,0.0,0.0,0.0,0.0
00-0036389,2025,15,0.0,0.0,0.0,0.0,0.0,0.0,0.0
00-0036389,2025,16,0.0,0.0,0.0,0.0,0.0,0.0,0.0
00-0036389,2025,17,0.0,0.0,0.0,0.0,0.0,0.0,0.0
00-0036406,2025,13,0.0,0.0,0.0,0.0,0.0,0.0,0.0
00-0036407,2025,10,0.0,0.0,0.0,0.0,0.0,0.0,0.0
00-0036407,2025,14,0.0,0.0,1.0,1.0,0.0,0.0,0.0
00-0036410,2025,2,0.0,0.0,1.0,0.0,0.0,0.0,0.0
00-0036410,2025,5,0.0,0.0,0.0,0.0,0.0,0.0,0.0
00-0036410,2025,7,0.0,0.0,0.0,0.0,0.0,0.0,0.0
00-0036410,2025,8,0.0,0.0,1.0,0.0,0.0,0.0,0.0
00-0036410,2025,9,0.0,0.0,1.0,0.0,0.0,0.0,0.0
00-0036410,2025,11,0.0,0.0,0.0,0.0,0.0,0.0,0.0
00-0036410,2025,14,0.0,0.0,0.0,0.0,0.0,0.0,0.0
00-0036410,2025,16,0.0,0.0,0.0,0.0,0.0,0.0,0.0
00-0036410,2025,18,0.0,0.0,0.0,0.0,0.0,0.0,0.0
00-0036414,2025,5,0.0,0.0,0.0,0.0,0.0,0.0,0.0
00-0036415,2025,11,0.0,0.0,0.0,0.0,0.0,0.0,0.0
00-0036422,2025,2,0.0,0.0,0.0,0.0,0.0,0.0,0.0
00-0036427,2025,8,0.0,0.0,0.0,0.0,0.0,0.0,0.0
00-0036442,2025,1,0.0,0.0,0.0,0.0,0.0,0.0,0.0
00-0036442,2025,2,0.0,0.0,0.0,0.0,0.0,0.0,0.0
00-0036442,2025,13,0.0,0.0,0.0,0.0,0.0,0.0,0.0
00-0036442,2025,14,0.0,0.0,0.0,0.0,0.0,0.0,1.0
00-0036442,2025,15,0.0,0.0,0.0,0.0,0.0,0.0,1.0
00-0036442,2025,16,0.0,0.0,0.0,0.0,0.0,0.0,0.0
00-0036442,2025,17,0.0,0.0,0.0,0.0,0.0,0.0,0.0
00-0036442,2025,18,0.0,0.0,0.0,0.0,0.0,0.0,1.0
00-0036550,2025,3,0.0,0.0,0.0,0.0,0.0,0.0,0.0
00-0036550,2025,9,0.0,0.0,0.0,0.0,0.0,0.0,0.0
00-0036554,2025,2,0.0,0.0,0.0,0.0,0.0,0.0,0.0
00-0036554,2025,3,0.0,0.0,1.0,1.0,0.0,0.0,0.0
00-0036554,2025,5,0.0,0.0,0.0,0.0,0.0,0.0,0.0
00-0036554,2025,11,0.0,0.0,0.0,0.0,0.0,0.0,0.0
00-0036554,2025,13,0.0,0.0,0.0,0.0,0.0,0.0,0.0
00-0036554,2025,15,0.0,0.0,1.0,1.0,0.0,0.0,0.0
00-0036555,2025,1,0.0,0.0,0.0,0.0,0.0,0.0,0.0
00-0036555,2025,2,0.0,0.0,0.0,0.0,0.0,0.0,0.0
00-0036555,2025,8,0.0,0.0,0.0,0.0,0.0,0.0,0.0
00-0036555,2025,13,0.0,0.0,0.0,0.0,0.0,0.0,0.0
00-0036590,2025,18,0.0,0.0,0.0,0.0,0.0,0.0,0.0
00-0036613,2025,2,0.0,0.0,0.0,0.0,0.0,0.0,0.0
00-0036613,2025,3,0.0,0.0,0.0,0.0,0.0,0.0,0.0
00-0036613,2025,5,0.0,0.0,1.0,0.0,0.0,0.0,0.0
00-0036613,2025,8,0.0,0.0,1.0,0.0,0.0,0.0,0.0
00-0036613,2025,10,0.0,0.0,0.0,0.0,0.0,0.0,0.0
00-0036613,2025,14,0.0,0.0,0.0,0.0,0.0,0.0,0.0
00-0036626,2025,2,0.0,0.0,0.0,0.0,0.0,0.0,0.0
00-0036628,2025,18,0.0,0.0,0.0,0.0,0.0,0.0,0.0
00-0036630,2025,2,0.0,0.0,0.0,0.0,0.0,0.0,0.0
00-0036741,2025,3,0.0,0.0,0.0,0.0,0.0,0.0,0.0
00-0036754,2025,2,0.0,0.0,0.0,0.0,0.0,0.0,0.0
00-0036754,2025,5,0.0,0.0,0.0,0.0,0.0,0.0,0.0
00-0036755,2025,13,0.0,0.0,0.0,0.0,0.0,0.0,0.0
00-0036849,2025,4,0.0,0.0,1.0,1.0,0.0,0.0,0.0
00-0036862,2025,1,0.0,0.0,0.0,0.0,0.0,0.0,0.0
00-0036875,2025,5,0.0,0.0,0.0,0.0,0.0,0.0,0.0
00-0036875,2025,7,0.0,0.0,0.0,0.0,0.0,0.0,0.0
00-0036875,2025,16,0.0,0.0,0.0,0.0,0.0,0.0,0.0
00-0036875,2025,17,0.0,0.0,0.0,0.0,0.0,0.0,0.0
00-0036875,2025,18,0.0,0.0,0.0,0.0,0.0,0.0,0.0
00-0036887,2025,2,0.0,0.0,0.0,0.0,0.0,0.0,0.0
00-0036887,2025,10,0.0,0.0,0.0,0.0,0.0,0.0,0.0
00-0036894,2025,7,0.0,0.0,1.0,1.0,0.0,0.0,0.0
00-0036894,2025,9,0.0,0.0,0.0,0.0,0.0,0.0,0.0
00-0036894,2025,12,0.0,0.0,0.0,0.0,0.0,0.0,0.0
00-0036898,2025,10,0.0,0.0,0.0,0.0,0.0,0.0,0.0
00-0036898,2025,11,0.0,0.0,0.0,0.0,0.0,0.0,0.0
00-0036898,2025,12,0.0,0.0,0.0,0.0,0.0,0.0,0.0
00-0036900,2025,2,0.0,0.0,0.0,0.0,0.0,0.0,0.0
00-0036900,2025,5,0.0,0.0,1.0,1.0,0.0,0.0,0.0
00-0036900,2025,6,0.0,0.0,0.0,0.0,0.0,0.0,0.0
00-0036900,2025,7,0.0,0.0,0.0,0.0,0.0,0.0,0.0
00-0036900,2025,17,0.0,0.0,0.0,0.0,0.0,0.0,0.0
00-0036900,2025,18,0.0,0.0,0.0,0.0,0.0,0.0,0.0
00-0036912,2025,3,0.0,0.0,0.0,0.0,0.0,0.0,0.0
00-0036912,2025,7,0.0,0.0,1.0,1.0,0.0,0.0,0.0
00-0036912,2025,10,0.0,0.0,0.0,0.0,0.0,0.0,0.0
00-0036912,2025,16,0.0,0.0,0.0,0.0,0.0,0.0,0.0
00-0036919,2025,3,0.0,0.0,0.0,0.0,0.0,0.0,0.0
00-0036919,2025,4,0.0,0.0,0.0,0.0,0.0,0.0,0.0
00-0036919,2025,11,0.0,0.0,0.0,0.0,0.0,0.0,0.0
00-0036919,2025,14,0.0,0.0,0.0,0.0,0.0,0.0,0.0
00-0036919,2025,16,0.0,0.0,1.0,0.0,0.0,0.0,0.0
00-0036919,2025,18,0.0,0.0,0.0,0.0,0.0,0.0,0.0
00-0036924,2025,5,0.0,0.0,0.0,0.0,0.0,0.0,0.0
00-0036945,2025,1,0.0,0.0,0.0,0.0,0.0,0.0,0.0
00-0036945,2025,4,0.0,0.0,0.0,0.0,1.0,0.0,0.0
00-0036945,2025,5,0.0,0.0,0.0,0.0,0.0,0.0,0.0
00-0036945,2025,8,0.0,0.0,0.0,0.0,0.0,0.0,0.0
00-0036945,2025,10,1.0,0.0,0.0,0.0,0.0,0.0,0.0
00-0036945,2025,11,0.0,0.0,0.0,0.0,0.0,0.0,0.0
00-0036959,2025,15,0.0,0.0,0.0,0.0,0.0,0.0,0.0
00-0036963,2025,2,0.0,0.0,0.0,0.0,0.0,0.0,0.0
00-0036963,2025,3,0.0,0.0,0.0,0.0,0.0,0.0,0.0
00-0036963,2025,4,0.0,0.0,0.0,0.0,0.0,0.0,0.0
00-0036963,2025,7,0.0,0.0,0.0,0.0,0.0,0.0,0.0
00-0036963,2025,10,0.0,0.0,0.0,0.0,0.0,0.0,0.0
00-0036963,2025,12,0.0,0.0,0.0,0.0,0.0,0.0,0.0
00-0036963,2025,15,0.0,0.0,0.0,0.0,0.0,0.0,0.0
00-0036970,2025,4,0.0,0.0,0.0,0.0,0.0,0.0,0.0
00-0036970,2025,15,0.0,0.0,0.0,0.0,0.0,0.0,0.0
00-0036970,2025,16,0.0,0.0,0.0,0.0,0.0,0.0,0.0
00-0036971,2025,1,0.0,0.0,0.0,0.0,0.0,0.0,0.0
00-0036971,2025,2,0.0,0.0,0.0,0.0,0.0,0.0,0.0
00-0036971,2025,4,0.0,0.0,0.0,0.0,0.0,0.0,0.0
00-0036971,2025,5,0.0,0.0,0.0,0.0,0.0,0.0,0.0
00-0036971,2025,6,0.0,0.0,0.0,0.0,0.0,0.0,0.0
00-0036971,2025,7,0.0,0.0,0.0,0.0,0.0,0.0,0.0
00-0036971,2025,9,0.0,0.0,0.0,0.0,0.0,0.0,0.0
00-0036971,2025,10,0.0,0.0,0.0,0.0,0.0,0.0,0.0
00-0036971,2025,11,0.0,0.0,0.0,0.0,0.0,0.0,0.0
00-0036971,2025,12,0.0,0.0,0.0,0.0,0.0,0.0,0.0
00-0036971,2025,13,0.0,0.0,0.0,0.0,0.0,0.0,0.0
00-0036971,2025,14,0.0,0.0,0.0,0.0,0.0,0.0,0.0
00-0036971,2025,15,1.0,0.0,0.0,0.0,0.0,0.0,0.0
00-0036971,2025,16,0.0,0.0,0.0,0.0,0.0,0.0,0.0
00-0036971,2025,17,0.0,0.0,0.0,0.0,0.0,0.0,0.0
00-0036971,2025,18,0.0,0.0,0.0,0.0,0.0,0.0,0.0
00-0036972,2025,2,1.0,0.0,0.0,0.0,0.0,0.0,0.0
00-0036972,2025,3,0.0,0.0,0.0,0.0,0.0,0.0,0.0
00-0036972,2025,5,0.0,0.0,0.0,0.0,0.0,0.0,0.0
00-0036972,2025,8,0.0,0.0,0.0,0.0,0.0,0.0,0.0
00-0036972,2025,9,0.0,0.0,0.0,0.0,0.0,0.0,0.0
00-0036972,2025,10,0.0,0.0,0.0,0.0,0.0,0.0,0.0
00-0036973,2025,2,0.0,0.0,0.0,0.0,0.0,0.0,0.0
00-0036973,2025,3,0.0,0.0,0.0,0.0,0.0,0.0,0.0
00-0036973,2025,4,0.0,0.0,0.0,0.0,1.0,0.0,0.0
00-0036973,2025,10,0.0,0.0,0.0,0.0,0.0,0.0,0.0
00-0036973,2025,11,0.0,0.0,0.0,0.0,0.0,0.0,0.0
00-0036973,2025,12,0.0,0.0,0.0,0.0,0.0,0.0,0.0
00-0036973,2025,14,0.0,0.0,0.0,0.0,0.0,0.0,0.0
00-0036973,2025,15,0.0,0.0,1.0,0.0,0.0,0.0,0.0
00-0036973,2025,16,0.0,0.0,0.0,0.0,0.0,0.0,0.0
00-0036980,2025,2,0.0,0.0,0.0,0.0,0.0,0.0,0.0
00-0036997,2025,1,0.0,0.0,0.0,0.0,0.0,0.0,0.0
00-0036997,2025,2,0.0,0.0,0.0,0.0,0.0,0.0,0.0
00-0036997,2025,4,0.0,0.0,0.0,0.0,0.0,0.0,0.0
00-0036997,2025,5,0.0,0.0,0.0,0.0,0.0,0.0,0.0
00-0036997,2025,7,0.0,0.0,0.0,0.0,0.0,0.0,0.0
00-0036997,2025,8,0.0,0.0,0.0,0.0,0.0,0.0,0.0
00-0036997,2025,13,0.0,0.0,0.0,0.0,0.0,0.0,0.0
00-0036997,2025,14,0.0,0.0,0.0,0.0,0.0,0.0,0.0
00-0036997,2025,15,0.0,0.0,0.0,0.0,0.0,0.0,0.0
00-0036997,2025,17,0.0,0.0,0.0,0.0,0.0,0.0,0.0
00-0037004,2025,1,0.0,0.0,0.0,0.0,0.0,0.0,0.0
00-0037004,2025,4,0.0,0.0,0.0,0.0,0.0,0.0,0.0
00-0037005,2025,4,0.0,0.0,0.0,0.0,0.0,0.0,0.0
00-0037005,2025,18,0.0,0.0,0.0,0.0,0.0,0.0,0.0
00-0037012,2025,18,0.0,0.0,0.0,0.0,0.0,0.0,1.0
00-0037086,2025,18,0.0,0.0,0.0,0.0,0.0,0.0,0.0
00-0037091,2025,14,0.0,0.0,1.0,0.0,0.0,0.0,0.0
00-0037112,2025,1,0.0,0.0,0.0,0.0,0.0,0.0,0.0
00-0037112,2025,4,0.0,0.0,0.0,0.0,0.0,0.0,0.0
00-0037112,2025,5,0.0,0.0,0.0,0.0,0.0,0.0,0.0
00-0037112,2025,8,0.0,0.0,0.0,0.0,0.0,0.0,0.0
00-0037112,2025,17,0.0,0.0,0.0,0.0,0.0,0.0,0.0
00-0037157,2025,5,0.0,0.0,0.0,0.0,0.0,0.0,0.0
00-0037157,2025,6,0.0,0.0,0.0,0.0,0.0,0.0,0.0
00-0037157,2025,11,0.0,0.0,0.0,0.0,0.0,0.0,0.0
00-0037157,2025,12,0.0,0.0,0.0,0.0,0.0,0.0,0.0
00-0037157,2025,13,0.0,0.0,0.0,0.0,0.0,0.0,0.0
00-0037197,2025,4,0.0,0.0,0.0,0.0,0.0,0.0,0.0
00-0037197,2025,7,0.0,0.0,0.0,0.0,0.0,0.0,0.0
00-0037228,2025,1,0.0,0.0,0.0,0.0,0.0,0.0,0.0
00-0037228,2025,9,0.0,0.0,0.0,0.0,0.0,0.0,0.0
00-0037228,2025,12,0.0,0.0,0.0,0.0,0.0,0.0,0.0
00-0037228,2025,13,0.0,0.0,0.0,0.0,0.0,0.0,0.0
00-0037228,2025,14,0.0,0.0,0.0,0.0,0.0,0.0,0.0
00-0037228,2025,16,0.0,0.0,0.0,0.0,2.0,0.0,0.0
00-0037231,2025,17,0.0,0.0,0.0,0.0,0.0,0.0,0.0
00-0037238,2025,4,0.0,0.0,0.0,0.0,0.0,0.0,0.0
00-0037238,2025,6,0.0,0.0,0.0,0.0,0.0,0.0,0.0
00-0037238,2025,9,0.0,0.0,0.0,0.0,0.0,0.0,0.0
00-0037238,2025,10,0.0,0.0,0.0,0.0,0.0,0.0,0.0
00-0037238,2025,18,0.0,0.0,0.0,0.0,0.0,0.0,0.0
00-0037239,2025,4,0.0,0.0,0.0,0.0,0.0,0.0,0.0
00-0037239,2025,7,0.0,0.0,0.0,0.0,0.0,0.0,0.0
00-0037239,2025,10,0.0,0.0,1.0,1.0,0.0,0.0,0.0
00-0037239,2025,13,0.0,0.0,0.0,0.0,0.0,0.0,0.0
00-0037239,2025,15,0.0,0.0,0.0,0.0,0.0,0.0,0.0
00-0037239,2025,16,0.0,0.0,0.0,0.0,0.0,0.0,0.0
00-0037239,2025,17,0.0,0.0,0.0,0.0,0.0,0.0,0.0
00-0037240,2025,2,0.0,0.0,1.0,0.0,0.0,0.0,0.0
00-0037240,2025,6,0.0,0.0,0.0,0.0,0.0,0.0,0.0
00-0037240,2025,9,0.0,0.0,0.0,0.0,0.0,0.0,0.0
00-0037240,2025,10,0.0,0.0,0.0,0.0,0.0,0.0,0.0
00-0037240,2025,11,0.0,0.0,1.0,0.0,0.0,0.0,0.0
00-0037240,2025,13,0.0,0.0,0.0,0.0,0.0,0.0,0.0
00-0037240,2025,15,0.0,0.0,0.0,0.0,0.0,0.0,0.0
00-0037247,2025,2,0.0,0.0,0.0,0.0,0.0,0.0,0.0
00-0037247,2025,3,0.0,0.0,0.0,0.0,0.0,0.0,0.0
00-0037247,2025,4,0.0,0.0,0.0,0.0,0.0,0.0,0.0
00-0037247,2025,5,0.0,0.0,1.0,0.0,0.0,0.0,0.0
00-0037247,2025,6,0.0,0.0,0.0,0.0,0.0,0.0,0.0
00-0037247,2025,11,0.0,0.0,0.0,0.0,0.0,0.0,0.0
00-0037247,2025,12,0.0,0.0,0.0,0.0,0.0,0.0,0.0
00-0037247,2025,16,0.0,0.0,0.0,0.0,0.0,0.0,0.0
00-0037248,2025,1,0.0,0.0,0.0,0.0,0.0,0.0,0.0
00-0037248,2025,2,0.0,0.0,0.0,0.0,1.0,0.0,0.0
00-0037248,2025,3,0.0,0.0,0.0,0.0,0.0,0.0,0.0
00-0037248,2025,4,0.0,0.0,0.0,0.0,0.0,0.0,0.0
00-0037248,2025,8,0.0,0.0,0.0,0.0,1.0,1.0,0.0
00-0037248,2025,11,0.0,0.0,0.0,0.0,0.0,0.0,0.0
00-0037248,2025,12,0.0,0.0,0.0,0.0,1.0,0.0,0.0
00-0037248,2025,15,0.0,0.0,0.0,0.0,0.0,0.0,0.0
00-0037248,2025,16,0.0,0.0,0.0,0.0,1.0,0.0,0.0
00-0037252,2025,17,0.0,0.0,0.0,0.0,0.0,0.0,0.0
00-0037256,2025,2,0.0,0.0,0.0,0.0,0.0,0.0,0.0
00-0037256,2025,5,0.0,0.0,0.0,0.0,0.0,0.0,0.0
00-0037256,2025,6,0.0,0.0,0.0,0.0,0.0,0.0,0.0
00-0037261,2025,3,0.0,0.0,0.0,0.0,0.0,0.0,0.0
00-0037261,2025,4,0.0,0.0,1.0,0.0,0.0,0.0,0.0
00-0037261,2025,8,0.0,0.0,1.0,1.0,0.0,0.0,0.0
00-0037261,2025,14,0.0,0.0,0.0,0.0,0.0,0.0,0.0
00-0037263,2025,2,0.0,0.0,0.0,0.0,0.0,0.0,0.0
00-0037263,2025,4,0.0,0.0,0.0,0.0,0.0,0.0,0.0
00-0037263,2025,6,0.0,0.0,0.0,0.0,0.0,0.0,0.0
00-0037263,2025,8,0.0,0.0,0.0,0.0,0.0,0.0,0.0
00-0037263,2025,10,0.0,0.0,0.0,0.0,0.0,0.0,0.0
00-0037263,2025,11,0.0,0.0,0.0,0.0,0.0,0.0,0.0
00-0037263,2025,13,0.0,0.0,0.0,0.0,0.0,0.0,0.0
00-0037291,2025,4,0.0,0.0,0.0,0.0,0.0,0.0,0.0
00-0037291,2025,10,0.0,0.0,0.0,0.0,0.0,0.0,0.0
00-0037291,2025,15,0.0,0.0,0.0,0.0,0.0,0.0,0.0
00-0037292,2025,12,0.0,0.0,0.0,0.0,0.0,0.0,0.0
00-0037304,2025,6,0.0,0.0,0.0,0.0,0.0,0.0,0.0
00-0037304,2025,15,0.0,0.0,0.0,0.0,0.0,0.0,0.0
00-0037304,2025,18,0.0,0.0,0.0,0.0,0.0,0.0,0.0
00-0037306,2025,3,0.0,0.0,0.0,0.0,0.0,0.0,0.0
00-0037324,2025,17,0.0,0.0,0.0,0.0,0.0,0.0,0.0
00-0037329,2025,9,0.0,0.0,0.0,0.0,0.0,0.0,0.0
00-0037525,2025,3,0.0,0.0,0.0,0.0,0.0,0.0,0.0
00-0037525,2025,5,0.0,0.0,0.0,0.0,0.0,0.0,0.0
00-0037525,2025,7,0.0,0.0,0.0,0.0,0.0,0.0,0.0
00-0037525,2025,11,0.0,0.0,0.0,0.0,0.0,0.0,0.0
00-0037525,2025,14,0.0,0.0,0.0,0.0,0.0,0.0,0.0
00-0037545,2025,2,0.0,0.0,0.0,0.0,0.0,0.0,0.0
00-0037545,2025,5,0.0,0.0,1.0,1.0,0.0,0.0,0.0
00-0037563,2025,13,0.0,0.0,0.0,0.0,1.0,0.0,0.0
00-0037563,2025,15,0.0,0.0,0.0,0.0,0.0,0.0,0.0
00-0037614,2025,11,0.0,0.0,0.0,0.0,0.0,0.0,0.0
00-0037614,2025,12,0.0,0.0,0.0,0.0,0.0,0.0,0.0
00-0037664,2025,10,0.0,0.0,0.0,0.0,0.0,0.0,0.0
00-0037664,2025,13,0.0,0.0,0.0,0.0,0.0,0.0,0.0
00-0037664,2025,16,0.0,0.0,0.0,0.0,0.0,0.0,0.0
00-0037664,2025,18,0.0,0.0,1.0,1.0,0.0,0.0,0.0
00-0037666,2025,8,0.0,0.0,0.0,0.0,0.0,0.0,0.0
00-0037740,2025,1,0.0,0.0,0.0,0.0,0.0,0.0,0.0
00-0037740,2025,3,0.0,0.0,0.0,0.0,0.0,0.0,0.0
00-0037740,2025,4,0.0,0.0,0.0,0.0,0.0,0.0,0.0
00-0037740,2025,5,0.0,0.0,0.0,0.0,0.0,0.0,0.0
00-0037741,2025,8,0.0,0.0,1.0,0.0,0.0,0.0,0.0
00-0037742,2025,13,0.0,0.0,0.0,0.0,0.0,0.0,0.0
00-0037744,2025,3,0.0,0.0,0.0,0.0,0.0,0.0,0.0
00-0037744,2025,6,0.0,0.0,0.0,0.0,0.0,0.0,0.0
00-0037744,2025,7,0.0,0.0,0.0,0.0,0.0,0.0,0.0
00-0037744,2025,9,0.0,0.0,0.0,0.0,0.0,0.0,0.0
00-0037744,2025,10,0.0,0.0,0.0,0.0,0.0,0.0,0.0
00-0037744,2025,11,0.0,0.0,0.0,0.0,0.0,0.0,0.0
00-0037744,2025,13,0.0,0.0,0.0,0.0,0.0,0.0,0.0
00-0037744,2025,15,0.0,0.0,0.0,0.0,0.0,0.0,0.0
00-0037744,2025,17,0.0,0.0,0.0,0.0,0.0,0.0,0.0
00-0037746,2025,9,0.0,0.0,0.0,0.0,0.0,0.0,0.0
00-0037746,2025,10,0.0,0.0,0.0,0.0,0.0,0.0,0.0
00-0037801,2025,2,0.0,0.0,0.0,0.0,0.0,0.0,0.0
00-0037801,2025,17,0.0,0.0,1.0,1.0,0.0,0.0,0.0
00-0037805,2025,2,0.0,0.0,0.0,0.0,0.0,0.0,0.0
00-0037809,2025,16,0.0,0.0,0.0,0.0,0.0,0.0,0.0
00-0037809,2025,17,0.0,0.0,1.0,0.0,0.0,0.0,0.0
00-0037816,2025,2,0.0,0.0,0.0,0.0,0.0,0.0,0.0
00-0037816,2025,4,0.0,0.0,0.0,0.0,0.0,0.0,0.0
00-0037816,2025,13,0.0,0.0,0.0,0.0,0.0,0.0,0.0
00-0037816,2025,16,0.0,0.0,0.0,0.0,0.0,0.0,0.0
00-0037834,2025,1,0.0,0.0,0.0,0.0,0.0,0.0,0.0
00-0037834,2025,4,0.0,0.0,0.0,0.0,0.0,0.0,0.0
00-0037834,2025,11,0.0,0.0,0.0,0.0,0.0,0.0,0.0
00-0037834,2025,12,0.0,0.0,0.0,0.0,0.0,0.0,0.0
00-0037834,2025,13,0.0,0.0,0.0,0.0,0.0,0.0,0.0
00-0037834,2025,15,0.0,0.0,0.0,0.0,0.0,0.0,0.0
00-0037834,2025,16,0.0,0.0,0.0,0.0,0.0,0.0,0.0
00-0037834,2025,17,0.0,0.0,0.0,0.0,0.0,0.0,1.0
00-0037837,2025,1,0.0,0.0,0.0,0.0,0.0,0.0,0.0
00-0037837,2025,3,0.0,0.0,0.0,0.0,0.0,0.0,0.0
00-0037837,2025,18,0.0,0.0,0.0,0.0,0.0,0.0,0.0
00-0037838,2025,14,0.0,0.0,0.0,0.0,0.0,0.0,0.0
00-0037840,2025,1,0.0,0.0,0.0,0.0,0.0,0.0,0.0
00-0037840,2025,3,0.0,0.0,0.0,0.0,0.0,0.0,0.0
00-0037840,2025,5,0.0,0.0,0.0,0.0,0.0,0.0,0.0
00-0037840,2025,6,0.0,0.0,0.0,0.0,0.0,0.0,0.0
00-0037840,2025,9,0.0,0.0,0.0,0.0,0.0,0.0,0.0
00-0037840,2025,10,0.0,0.0,0.0,0.0,0.0,0.0,0.0
00-0037840,2025,11,0.0,0.0,0.0,0.0,0.0,0.0,0.0
00-0037840,2025,13,0.0,0.0,0.0,0.0,0.0,0.0,0.0
00-0037840,2025,14,0.0,0.0,0.0,0.0,0.0,0.0,0.0
00-0037840,2025,15,0.0,0.0,0.0,0.0,0.0,0.0,0.0
00-0038041,2025,4,0.0,0.0,0.0,0.0,0.0,0.0,0.0
00-0038041,2025,5,0.0,0.0,0.0,0.0,0.0,0.0,0.0
00-0038041,2025,6,0.0,0.0,0.0,0.0,0.0,0.0,0.0
00-0038041,2025,7,0.0,0.0,0.0,0.0,0.0,0.0,0.0
00-0038041,2025,11,0.0,0.0,0.0,0.0,0.0,0.0,0.0
00-0038041,2025,17,0.0,0.0,0.0,0.0,0.0,0.0,0.0
00-0038046,2025,8,0.0,0.0,0.0,0.0,0.0,0.0,0.0
00-0038046,2025,9,0.0,0.0,0.0,0.0,0.0,0.0,0.0
00-0038102,2025,14,0.0,0.0,0.0,0.0,0.0,0.0,0.0
00-0038104,2025,2,0.0,0.0,1.0,0.0,0.0,0.0,0.0
00-0038104,2025,3,0.0,0.0,0.0,0.0,0.0,0.0,0.0
00-0038104,2025,4,0.0,0.0,0.0,0.0,0.0,0.0,0.0
00-0038115,2025,7,0.0,0.0,1.0,0.0,0.0,0.0,0.0
00-0038115,2025,18,0.0,0.0,0.0,0.0,0.0,0.0,0.0
00-0038117,2025,2,0.0,0.0,0.0,0.0,0.0,0.0,0.0
00-0038117,2025,6,0.0,0.0,0.0,0.0,0.0,0.0,0.0
00-0038117,2025,12,0.0,0.0,0.0,0.0,0.0,0.0,0.0
00-0038117,2025,15,0.0,0.0,0.0,0.0,0.0,0.0,0.0
00-0038120,2025,8,0.0,0.0,0.0,0.0,0.0,0.0,0.0
00-0038120,2025,10,0.0,0.0,1.0,0.0,0.0,0.0,0.0
00-0038120,2025,13,0.0,0.0,0.0,0.0,0.0,0.0,0.0
00-0038120,2025,17,0.0,0.0,0.0,0.0,1.0,1.0,0.0
00-0038124,2025,11,0.0,0.0,0.0,0.0,0.0,0.0,0.0
00-0038124,2025,13,0.0,0.0,1.0,1.0,0.0,0.0,0.0
00-0038124,2025,14,0.0,0.0,1.0,0.0,0.0,0.0,0.0
00-0038124,2025,17,0.0,0.0,0.0,0.0,0.0,0.0,0.0
00-0038128,2025,11,0.0,0.0,0.0,0.0,0.0,0.0,0.0
00-0038128,2025,16,0.0,0.0,0.0,0.0,0.0,0.0,0.0
00-0038128,2025,17,0.0,0.0,0.0,0.0,0.0,0.0,0.0
00-0038129,2025,18,0.0,0.0,0.0,0.0,0.0,0.0,0.0
00-0038134,2025,2,0.0,0.0,0.0,0.0,0.0,0.0,0.0
00-0038134,2025,3,0.0,0.0,0.0,0.0,0.0,0.0,0.0
00-0038134,2025,11,0.0,0.0,0.0,0.0,0.0,0.0,0.0
00-0038134,2025,16,0.0,0.0,0.0,0.0,1.0,1.0,0.0
00-0038393,2025,13,0.0,0.0,0.0,0.0,0.0,0.0,0.0
00-0038400,2025,18,0.0,0.0,0.0,0.0,0.0,0.0,0.0
00-0038440,2025,4,0.0,0.0,0.0,0.0,0.0,0.0,0.0
00-0038454,2025,13,0.0,0.0,0.0,0.0,0.0,0.0,0.0
00-0038542,2025,1,0.0,0.0,1.0,1.0,0.0,0.0,0.0
00-0038542,2025,4,0.0,0.0,0.0,0.0,0.0,0.0,0.0
00-0038542,2025,6,0.0,0.0,0.0,0.0,1.0,1.0,0.0
00-0038542,2025,7,0.0,0.0,0.0,0.0,0.0,0.0,0.0
00-0038542,2025,11,0.0,0.0,0.0,0.0,0.0,0.0,0.0
00-0038542,2025,13,0.0,0.0,0.0,0.0,0.0,0.0,0.0
00-0038542,2025,15,0.0,0.0,0.0,0.0,0.0,0.0,0.0
00-0038542,2025,16,0.0,0.0,0.0,0.0,0.0,0.0,0.0
00-0038542,2025,17,0.0,0.0,0.0,0.0,1.0,1.0,0.0
00-0038543,2025,3,0.0,0.0,0.0,0.0,0.0,0.0,0.0
00-0038543,2025,5,0.0,0.0,0.0,0.0,0.0,0.0,0.0
00-0038543,2025,6,0.0,0.0,1.0,1.0,0.0,0.0,0.0
00-0038543,2025,7,0.0,0.0,0.0,0.0,0.0,0.0,0.0
00-0038543,2025,10,0.0,0.0,1.0,0.0,0.0,0.0,0.0
00-0038543,2025,12,0.0,0.0,1.0,1.0,0.0,0.0,0.0
00-0038543,2025,14,0.0,0.0,0.0,0.0,0.0,0.0,0.0
00-0038543,2025,16,0.0,0.0,0.0,0.0,0.0,0.0,0.0
00-0038544,2025,1,0.0,0.0,0.0,0.0,0.0,0.0,0.0
00-0038544,2025,2,0.0,0.0,1.0,1.0,0.0,0.0,0.0
00-0038544,2025,4,0.0,0.0,0.0,0.0,0.0,0.0,0.0
00-0038544,2025,7,0.0,0.0,0.0,0.0,0.0,0.0,0.0
00-0038544,2025,9,0.0,0.0,0.0,0.0,0.0,0.0,0.0
00-0038544,2025,13,0.0,0.0,0.0,0.0,0.0,0.0,0.0
00-0038544,2025,16,0.0,0.0,0.0,0.0,0.0,0.0,0.0
00-0038551,2025,4,0.0,0.0,0.0,0.0,0.0,0.0,0.0
00-0038555,2025,16,0.0,0.0,0.0,0.0,0.0,0.0,0.0
00-0038555,2025,18,0.0,0.0,0.0,0.0,0.0,0.0,0.0
00-0038558,2025,7,0.0,0.0,0.0,0.0,0.0,0.0,0.0
00-0038559,2025,2,0.0,0.0,0.0,0.0,0.0,0.0,0.0
00-0038559,2025,14,0.0,0.0,0.0,0.0,0.0,0.0,0.0
00-0038559,2025,15,0.0,0.0,0.0,0.0,0.0,0.0,0.0
00-0038559,2025,16,0.0,0.0,0.0,0.0,0.0,0.0,0.0
00-0038559,2025,17,0.0,0.0,0.0,0.0,0.0,0.0,0.0
00-0038559,2025,18,0.0,0.0,1.0,0.0,0.0,0.0,0.0
00-0038563,2025,1,0.0,0.0,0.0,0.0,0.0,0.0,0.0
00-0038563,2025,3,0.0,0.0,1.0,1.0,0.0,0.0,0.0
00-0038563,2025,11,0.0,0.0,0.0,0.0,0.0,0.0,0.0
00-0038589,2025,11,0.0,0.0,0.0,0.0,0.0,0.0,0.0
00-0038597,2025,1,0.0,0.0,0.0,0.0,0.0,0.0,0.0
00-0038597,2025,8,0.0,0.0,0.0,0.0,0.0,0.0,0.0
00-0038597,2025,14,0.0,0.0,0.0,0.0,0.0,0.0,0.0
00-0038597,2025,16,0.0,0.0,0.0,0.0,0.0,0.0,0.0
00-0038597,2025,17,0.0,0.0,0.0,0.0,0.0,0.0,0.0
00-0038597,2025,18,0.0,0.0,0.0,0.0,0.0,0.0,0.0
00-0038606,2025,5,0.0,0.0,0.0,0.0,0.0,0.0,0.0
00-0038606,2025,10,0.0,0.0,0.0,0.0,0.0,0.0,0.0
00-0038606,2025,12,0.0,0.0,0.0,0.0,0.0,0.0,0.0
00-0038606,2025,16,0.0,0.0,0.0,0.0,0.0,0.0,0.0
00-0038606,2025,18,0.0,0.0,0.0,0.0,0.0,0.0,0.0
00-0038608,2025,2,0.0,0.0,0.0,0.0,0.0,0.0,0.0
00-0038608,2025,6,0.0,0.0,0.0,0.0,0.0,0.0,0.0
00-0038608,2025,7,0.0,0.0,0.0,0.0,0.0,0.0,0.0
00-0038608,2025,8,0.0,0.0,0.0,0.0,0.0,0.0,0.0
00-0038608,2025,13,0.0,0.0,0.0,0.0,0.0,0.0,0.0
00-0038611,2025,7,0.0,0.0,0.0,0.0,0.0,0.0,0.0
00-0038611,2025,9,0.0,0.0,0.0,0.0,0.0,0.0,0.0
00-0038611,2025,10,0.0,0.0,0.0,0.0,0.0,0.0,0.0
00-0038611,2025,13,0.0,0.0,0.0,0.0,0.0,0.0,0.0
00-0038611,2025,16,0.0,0.0,0.0,0.0,0.0,0.0,0.0
00-0038611,2025,18,0.0,0.0,0.0,0.0,0.0,0.0,0.0
00-0038614,2025,9,0.0,0.0,0.0,0.0,0.0,0.0,0.0
00-0038618,2025,5,0.0,0.0,0.0,0.0,0.0,0.0,0.0
00-0038618,2025,8,0.0,0.0,0.0,0.0,0.0,0.0,0.0
00-0038619,2025,9,0.0,0.0,0.0,0.0,0.0,0.0,0.0
00-0038619,2025,13,0.0,0.0,0.0,0.0,0.0,0.0,0.0
00-0038621,2025,1,0.0,0.0,0.0,0.0,0.0,0.0,0.0
00-0038621,2025,6,0.0,0.0,1.0,1.0,0.0,0.0,0.0
00-0038621,2025,9,0.0,0.0,0.0,0.0,0.0,0.0,0.0
00-0038647,2025,18,0.0,0.0,0.0,0.0,0.0,0.0,0.0
00-0038679,2025,11,0.0,0.0,1.0,0.0,0.0,0.0,0.0
00-0038705,2025,4,0.0,0.0,0.0,0.0,0.0,0.0,0.0
00-0038738,2025,6,0.0,0.0,0.0,0.0,0.0,0.0,0.0
00-0038783,2025,6,0.0,0.0,0.0,0.0,0.0,0.0,0.0
00-0038794,2025,11,0.0,0.0,0.0,0.0,0.0,0.0,0.0
00-0038797,2025,11,0.0,0.0,0.0,0.0,0.0,0.0,0.0
00-0038797,2025,12,0.0,0.0,0.0,0.0,0.0,0.0,0.0
00-0038824,2025,2,0.0,0.0,0.0,0.0,0.0,0.0,0.0
00-0038839,2025,2,0.0,0.0,0.0,0.0,0.0,0.0,0.0
00-0038839,2025,12,0.0,0.0,0.0,0.0,0.0,0.0,0.0
00-0038891,2025,14,0.0,0.0,0.0,0.0,0.0,0.0,0.0
00-0038933,2025,1,0.0,0.0,0.0,0.0,0.0,0.0,0.0
00-0038933,2025,3,0.0,0.0,0.0,0.0,0.0,0.0,0.0
00-0038933,2025,4,0.0,0.0,0.0,0.0,0.0,0.0,0.0
00-0038933,2025,9,0.0,0.0,0.0,0.0,0.0,0.0,0.0
00-0038933,2025,14,0.0,0.0,0.0,0.0,0.0,0.0,0.0
00-0038935,2025,13,0.0,0.0,0.0,0.0,0.0,0.0,0.0
00-0038935,2025,16,0.0,0.0,0.0,0.0,0.0,0.0,0.0
00-0038935,2025,18,0.0,0.0,0.0,0.0,0.0,0.0,0.0
00-0038951,2025,6,0.0,0.0,0.0,0.0,0.0,0.0,0.0
00-0038951,2025,8,0.0,0.0,0.0,0.0,0.0,0.0,0.0
00-0038951,2025,11,0.0,0.0,0.0,0.0,1.0,0.0,0.0
00-0038951,2025,14,0.0,0.0,0.0,0.0,0.0,0.0,0.0
00-0038951,2025,15,0.0,0.0,0.0,0.0,0.0,0.0,0.0
00-0038951,2025,16,0.0,0.0,0.0,0.0,0.0,0.0,0.0
00-0038976,2025,2,0.0,0.0,0.0,0.0,0.0,0.0,0.0
00-0038976,2025,4,0.0,0.0,0.0,0.0,0.0,0.0,0.0
00-0038979,2025,1,0.0,0.0,0.0,0.0,0.0,0.0,0.0
00-0038979,2025,2,0.0,0.0,0.0,0.0,0.0,0.0,0.0
00-0038994,2025,5,0.0,0.0,0.0,0.0,0.0,0.0,0.0
00-0038994,2025,8,0.0,0.0,0.0,0.0,0.0,0.0,0.0
00-0038994,2025,11,0.0,0.0,0.0,0.0,0.0,0.0,0.0
00-0038994,2025,17,0.0,0.0,0.0,0.0,1.0,1.0,0.0
00-0038996,2025,1,0.0,0.0,0.0,0.0,0.0,0.0,0.0
00-0038996,2025,2,0.0,0.0,0.0,0.0,0.0,0.0,0.0
00-0038996,2025,6,0.0,0.0,0.0,0.0,0.0,0.0,0.0
00-0038996,2025,7,0.0,0.0,0.0,0.0,0.0,0.0,0.0
00-0038996,2025,8,0.0,0.0,0.0,0.0,0.0,0.0,0.0
00-0038997,2025,6,0.0,0.0,0.0,0.0,0.0,0.0,0.0
00-0038997,2025,8,0.0,0.0,0.0,0.0,0.0,0.0,0.0
00-0038997,2025,9,0.0,0.0,0.0,0.0,0.0,0.0,0.0
00-0038997,2025,15,0.0,0.0,0.0,0.0,0.0,0.0,0.0
00-0039032,2025,8,0.0,0.0,0.0,0.0,0.0,0.0,0.0
00-0039032,2025,16,0.0,0.0,0.0,0.0,0.0,0.0,0.0
00-0039040,2025,1,0.0,0.0,0.0,0.0,0.0,0.0,0.0
00-0039040,2025,2,0.0,0.0,0.0,0.0,0.0,0.0,0.0
00-0039040,2025,4,0.0,0.0,0.0,0.0,0.0,0.0,0.0
00-0039040,2025,5,0.0,0.0,0.0,0.0,0.0,0.0,0.0
00-0039040,2025,6,0.0,0.0,0.0,0.0,1.0,0.0,0.0
00-0039040,2025,8,0.0,0.0,0.0,0.0,0.0,0.0,0.0
00-0039040,2025,10,0.0,0.0,0.0,0.0,1.0,1.0,0.0
00-0039040,2025,13,0.0,0.0,0.0,0.0,0.0,0.0,0.0
00-0039040,2025,14,0.0,0.0,0.0,0.0,0.0,0.0,0.0
00-0039040,2025,16,0.0,0.0,0.0,0.0,1.0,0.0,0.0
00-0039064,2025,1,0.0,0.0,0.0,0.0,0.0,0.0,0.0
00-0039064,2025,15,0.0,0.0,0.0,0.0,0.0,0.0,0.0
00-0039064,2025,16,0.0,0.0,0.0,0.0,0.0,0.0,0.0
00-0039064,2025,17,0.0,0.0,0.0,0.0,0.0,0.0,0.0
00-0039064,2025,18,0.0,0.0,2.0,2.0,0.0,0.0,0.0
00-0039065,2025,5,0.0,0.0,0.0,0.0,0.0,0.0,0.0
00-0039065,2025,6,0.0,0.0,0.0,0.0,0.0,0.0,0.0
00-0039065,2025,9,0.0,0.0,1.0,0.0,0.0,0.0,0.0
00-0039066,2025,6,0.0,0.0,0.0,0.0,0.0,0.0,0.0
00-0039067,2025,7,0.0,0.0,0.0,0.0,0.0,0.0,0.0
00-0039067,2025,8,0.0,0.0,0.0,0.0,0.0,0.0,0.0
00-0039067,2025,9,0.0,0.0,0.0,0.0,0.0,0.0,0.0
00-0039067,2025,13,0.0,0.0,0.0,0.0,0.0,0.0,0.0
00-0039074,2025,1,0.0,0.0,0.0,0.0,0.0,0.0,0.0
00-0039074,2025,2,0.0,0.0,0.0,0.0,0.0,0.0,0.0
00-0039074,2025,10,0.0,0.0,0.0,0.0,0.0,0.0,0.0
00-0039075,2025,2,0.0,0.0,0.0,0.0,1.0,0.0,0.0
00-0039075,2025,4,0.0,0.0,0.0,0.0,0.0,0.0,0.0
00-0039075,2025,5,0.0,0.0,0.0,0.0,0.0,0.0,0.0
00-0039075,2025,9,0.0,0.0,0.0,0.0,0.0,0.0,0.0
00-0039075,2025,10,0.0,0.0,0.0,0.0,0.0,0.0,0.0
00-0039075,2025,14,0.0,0.0,0.0,0.0,0.0,0.0,0.0
00-0039075,2025,16,0.0,0.0,1.0,0.0,0.0,0.0,0.0
00-0039075,2025,17,0.0,0.0,0.0,0.0,0.0,0.0,0.0
00-0039075,2025,18,0.0,0.0,0.0,0.0,0.0,0.0,0.0
00-0039139,2025,2,0.0,0.0,0.0,0.0,0.0,0.0,0.0
00-0039139,2025,3,0.0,0.0,0.0,0.0,0.0,0.0,0.0
00-0039139,2025,4,0.0,0.0,0.0,0.0,0.0,0.0,0.0
00-0039139,2025,5,0.0,0.0,0.0,0.0,0.0,0.0,0.0
00-0039139,2025,7,0.0,0.0,0.0,0.0,1.0,1.0,0.0
00-0039139,2025,10,0.0,0.0,0.0,0.0,1.0,0.0,0.0
00-0039139,2025,12,0.0,0.0,0.0,0.0,2.0,1.0,0.0
00-0039139,2025,14,0.0,0.0,0.0,0.0,0.0,0.0,0.0
00-0039139,2025,16,0.0,0.0,0.0,0.0,0.0,0.0,0.0
00-0039139,2025,18,0.0,0.0,0.0,0.0,0.0,0.0,0.0
00-0039146,2025,1,0.0,0.0,0.0,0.0,0.0,0.0,0.0
00-0039150,2025,1,0.0,0.0,0.0,0.0,0.0,0.0,0.0
00-0039150,2025,2,0.0,0.0,0.0,0.0,0.0,0.0,0.0
00-0039150,2025,3,0.0,0.0,0.0,0.0,0.0,0.0,0.0
00-0039150,2025,4,0.0,0.0,0.0,0.0,0.0,0.0,0.0
00-0039150,2025,5,0.0,0.0,0.0,0.0,0.0,0.0,0.0
00-0039150,2025,6,0.0,0.0,0.0,0.0,0.0,0.0,0.0
00-0039150,2025,7,0.0,0.0,0.0,0.0,0.0,0.0,0.0
00-0039150,2025,11,0.0,0.0,0.0,0.0,0.0,0.0,0.0
00-0039150,2025,12,0.0,0.0,0.0,0.0,0.0,0.0,0.0
00-0039150,2025,13,1.0,0.0,0.0,0.0,0.0,0.0,0.0
00-0039150,2025,15,0.0,0.0,0.0,0.0,0.0,0.0,0.0
00-0039150,2025,16,0.0,0.0,0.0,0.0,0.0,0.0,0.0
00-0039150,2025,17,0.0,0.0,0.0,0.0,0.0,0.0,0.0
00-0039150,2025,18,0.0,0.0,0.0,0.0,0.0,0.0,0.0
00-0039163,2025,2,0.0,0.0,0.0,0.0,0.0,0.0,0.0
00-0039163,2025,3,1.0,1.0,0.0,0.0,0.0,0.0,0.0
00-0039163,2025,4,0.0,0.0,0.0,0.0,0.0,0.0,0.0
00-0039163,2025,5,0.0,0.0,0.0,0.0,0.0,0.0,0.0
00-0039163,2025,7,0.0,0.0,0.0,0.0,0.0,0.0,0.0
00-0039163,2025,8,0.0,0.0,0.0,0.0,0.0,0.0,0.0
00-0039163,2025,14,0.0,0.0,0.0,0.0,0.0,0.0,0.0
00-0039163,2025,15,1.0,1.0,0.0,0.0,0.0,0.0,0.0
00-0039163,2025,16,0.0,0.0,0.0,0.0,0.0,0.0,0.0
00-0039163,2025,17,2.0,1.0,0.0,0.0,0.0,0.0,0.0
00-0039163,2025,18,0.0,0.0,0.0,0.0,0.0,0.0,0.0
00-0039165,2025,1,0.0,0.0,0.0,0.0,0.0,0.0,0.0
00-0039165,2025,4,0.0,0.0,0.0,0.0,0.0,0.0,0.0
00-0039165,2025,5,0.0,0.0,0.0,0.0,0.0,0.0,0.0
00-0039165,2025,7,0.0,0.0,0.0,0.0,0.0,0.0,0.0
00-0039165,2025,10,0.0,0.0,0.0,0.0,0.0,0.0,0.0
00-0039165,2025,12,0.0,0.0,0.0,0.0,0.0,0.0,0.0
00-0039165,2025,13,0.0,0.0,0.0,0.0,0.0,0.0,0.0
00-0039165,2025,16,0.0,0.0,0.0,0.0,0.0,0.0,0.0
00-0039165,2025,17,0.0,0.0,0.0,0.0,0.0,0.0,0.0
00-0039165,2025,18,0.0,0.0,0.0,0.0,0.0,0.0,0.0
00-0039299,2025,10,0.0,0.0,0.0,0.0,0.0,0.0,0.0
00-0039337,2025,2,0.0,0.0,1.0,0.0,0.0,0.0,0.0
00-0039338,2025,9,0.0,0.0,0.0,0.0,0.0,0.0,0.0
00-0039338,2025,13,0.0,0.0,0.0,0.0,0.0,0.0,0.0
00-0039338,2025,14,0.0,0.0,0.0,0.0,0.0,0.0,0.0
00-0039338,2025,16,0.0,0.0,0.0,0.0,0.0,0.0,0.0
00-0039342,2025,5,0.0,0.0,0.0,0.0,0.0,0.0,0.0
00-0039342,2025,7,0.0,0.0,0.0,0.0,0.0,0.0,0.0
00-0039342,2025,11,0.0,0.0,0.0,0.0,0.0,0.0,0.0
00-0039355,2025,3,0.0,0.0,1.0,0.0,0.0,0.0,0.0
00-0039355,2025,4,0.0,0.0,0.0,0.0,0.0,0.0,0.0
00-0039355,2025,6,0.0,0.0,0.0,0.0,0.0,0.0,0.0
00-0039356,2025,16,0.0,0.0,0.0,0.0,0.0,0.0,0.0
00-0039361,2025,1,0.0,0.0,0.0,0.0,0.0,0.0,0.0
00-0039361,2025,4,0.0,0.0,1.0,1.0,0.0,0.0,0.0
00-0039361,2025,13,0.0,0.0,0.0,0.0,0.0,0.0,0.0
00-0039361,2025,14,0.0,0.0,0.0,0.0,0.0,0.0,0.0
00-0039373,2025,17,0.0,0.0,0.0,0.0,0.0,0.0,0.0
00-0039376,2025,2,0.0,0.0,0.0,0.0,0.0,0.0,0.0
00-0039376,2025,3,0.0,0.0,0.0,0.0,0.0,0.0,0.0
00-0039376,2025,4,0.0,0.0,0.0,0.0,0.0,0.0,0.0
00-0039376,2025,5,1.0,1.0,0.0,0.0,0.0,0.0,0.0
00-0039376,2025,7,0.0,0.0,0.0,0.0,0.0,0.0,0.0
00-0039376,2025,8,0.0,0.0,0.0,0.0,0.0,0.0,1.0
00-0039384,2025,7,0.0,0.0,0.0,0.0,0.0,0.0,0.0
00-0039384,2025,15,0.0,0.0,0.0,0.0,0.0,0.0,0.0
00-0039384,2025,18,0.0,0.0,0.0,0.0,0.0,0.0,0.0
00-0039391,2025,6,0.0,0.0,0.0,0.0,0.0,0.0,0.0
00-0039391,2025,8,0.0,0.0,0.0,0.0,0.0,0.0,0.0
00-0039391,2025,10,0.0,0.0,0.0,0.0,0.0,0.0,0.0
00-0039391,2025,13,0.0,0.0,0.0,0.0,1.0,1.0,0.0
00-0039398,2025,8,0.0,0.0,0.0,0.0,0.0,0.0,0.0
00-0039410,2025,9,0.0,0.0,0.0,0.0,0.0,0.0,0.0
00-0039410,2025,11,0.0,0.0,0.0,0.0,0.0,0.0,0.0
00-0039410,2025,14,0.0,0.0,1.0,0.0,0.0,0.0,0.0
00-0039410,2025,16,0.0,0.0,0.0,0.0,0.0,0.0,0.0
00-0039424,2025,2,0.0,0.0,0.0,0.0,0.0,0.0,0.0
00-0039424,2025,13,0.0,0.0,0.0,0.0,0.0,0.0,0.0
00-0039491,2025,13,0.0,0.0,0.0,0.0,0.0,0.0,0.0
00-0039491,2025,15,0.0,0.0,0.0,0.0,0.0,0.0,0.0
00-0039491,2025,18,0.0,0.0,0.0,0.0,0.0,0.0,0.0
00-0039530,2025,12,0.0,0.0,0.0,0.0,0.0,0.0,0.0
00-0039589,2025,6,0.0,0.0,0.0,0.0,0.0,0.0,0.0
00-0039648,2025,6,0.0,0.0,0.0,0.0,0.0,0.0,0.0
00-0039732,2025,1,0.0,0.0,0.0,0.0,0.0,0.0,0.0
00-0039732,2025,2,0.0,0.0,0.0,0.0,0.0,0.0,0.0
00-0039732,2025,3,1.0,1.0,0.0,0.0,0.0,0.0,0.0
00-0039732,2025,4,0.0,0.0,0.0,0.0,0.0,0.0,0.0
00-0039732,2025,5,0.0,0.0,0.0,0.0,0.0,0.0,0.0
00-0039732,2025,6,0.0,0.0,0.0,0.0,0.0,0.0,0.0
00-0039732,2025,7,0.0,0.0,0.0,0.0,0.0,0.0,0.0
00-0039732,2025,8,0.0,0.0,0.0,0.0,0.0,0.0,0.0
00-0039732,2025,9,0.0,0.0,0.0,0.0,0.0,0.0,0.0
00-0039732,2025,10,0.0,0.0,0.0,0.0,0.0,0.0,0.0
00-0039732,2025,13,0.0,0.0,0.0,0.0,0.0,0.0,0.0
00-0039732,2025,14,0.0,0.0,0.0,0.0,0.0,0.0,0.0
00-0039732,2025,15,0.0,0.0,0.0,0.0,0.0,0.0,0.0
00-0039732,2025,16,0.0,0.0,0.0,0.0,0.0,0.0,0.0
00-0039732,2025,17,0.0,0.0,0.0,0.0,0.0,0.0,0.0
00-0039738,2025,2,0.0,0.0,0.0,0.0,0.0,0.0,0.0
00-0039738,2025,13,0.0,0.0,0.0,0.0,0.0,0.0,0.0
00-0039738,2025,14,0.0,0.0,0.0,0.0,1.0,0.0,0.0
00-0039738,2025,15,0.0,0.0,0.0,0.0,0.0,0.0,0.0
00-0039738,2025,16,0.0,0.0,0.0,0.0,0.0,0.0,0.0
00-0039739,2025,8,0.0,0.0,0.0,0.0,0.0,0.0,0.0
00-0039739,2025,10,0.0,0.0,0.0,0.0,0.0,0.0,0.0
00-0039754,2025,15,0.0,0.0,0.0,0.0,0.0,0.0,0.0
00-0039757,2025,9,0.0,0.0,0.0,0.0,0.0,0.0,0.0
00-0039792,2025,2,0.0,0.0,0.0,0.0,0.0,0.0,0.0
00-0039792,2025,18,0.0,0.0,0.0,0.0,0.0,0.0,0.0
00-0039793,2025,2,0.0,0.0,0.0,0.0,0.0,0.0,0.0
00-0039793,2025,4,0.0,0.0,0.0,0.0,0.0,0.0,0.0
00-0039793,2025,5,0.0,0.0,0.0,0.0,0.0,0.0,0.0
00-0039793,2025,9,0.0,0.0,0.0,0.0,0.0,0.0,0.0
00-0039793,2025,16,0.0,0.0,0.0,0.0,0.0,0.0,0.0
00-0039793,2025,17,0.0,0.0,0.0,0.0,0.0,0.0,0.0
00-0039794,2025,1,0.0,0.0,0.0,0.0,0.0,0.0,0.0
00-0039796,2025,15,0.0,0.0,0.0,0.0,0.0,0.0,0.0
00-0039798,2025,15,0.0,0.0,0.0,0.0,0.0,0.0,0.0
00-0039847,2025,4,0.0,0.0,0.0,0.0,0.0,0.0,0.0
00-0039847,2025,5,0.0,0.0,0.0,0.0,0.0,0.0,0.0
00-0039847,2025,7,0.0,0.0,1.0,0.0,0.0,0.0,0.0
00-0039847,2025,9,0.0,0.0,0.0,0.0,0.0,0.0,0.0
00-0039849,2025,1,0.0,0.0,0.0,0.0,0.0,0.0,0.0
00-0039849,2025,4,0.0,0.0,0.0,0.0,0.0,0.0,0.0
00-0039849,2025,9,0.0,0.0,0.0,0.0,0.0,0.0,0.0
00-0039849,2025,10,0.0,0.0,0.0,0.0,0.0,0.0,0.0
00-0039851,2025,1,0.0,0.0,0.0,0.0,0.0,0.0,0.0
00-0039851,2025,2,0.0,0.0,0.0,0.0,0.0,0.0,0.0
00-0039851,2025,3,0.0,0.0,0.0,0.0,0.0,0.0,0.0
00-0039851,2025,4,0.0,0.0,0.0,0.0,0.0,0.0,0.0
00-0039851,2025,6,1.0,1.0,0.0,0.0,0.0,0.0,0.0
00-0039851,2025,7,0.0,0.0,0.0,0.0,0.0,0.0,0.0
00-0039851,2025,8,0.0,0.0,0.0,0.0,0.0,0.0,0.0
00-0039851,2025,9,0.0,0.0,0.0,0.0,0.0,0.0,0.0
00-0039851,2025,10,1.0,1.0,0.0,0.0,0.0,0.0,0.0
00-0039851,2025,11,0.0,0.0,0.0,0.0,0.0,0.0,0.0
00-0039851,2025,12,0.0,0.0,0.0,0.0,0.0,0.0,1.0
00-0039851,2025,13,0.0,0.0,0.0,0.0,0.0,0.0,0.0
00-0039851,2025,15,0.0,0.0,0.0,0.0,0.0,0.0,0.0
00-0039851,2025,16,0.0,0.0,0.0,0.0,0.0,0.0,0.0
00-0039851,2025,17,0.0,0.0,0.0,0.0,0.0,0.0,0.0
00-0039851,2025,18,0.0,0.0,0.0,0.0,0.0,0.0,0.0
00-0039868,2025,2,0.0,0.0,0.0,0.0,0.0,0.0,0.0
00-0039868,2025,7,0.0,0.0,0.0,0.0,0.0,0.0,0.0
00-0039868,2025,8,0.0,0.0,0.0,0.0,0.0,0.0,0.0
00-0039868,2025,10,0.0,0.0,0.0,0.0,0.0,0.0,0.0
00-0039868,2025,15,0.0,0.0,0.0,0.0,0.0,0.0,0.0
00-0039874,2025,14,0.0,0.0,0.0,0.0,0.0,0.0,0.0
00-0039874,2025,16,0.0,0.0,0.0,0.0,0.0,0.0,0.0
00-0039875,2025,6,0.0,0.0,0.0,0.0,0.0,0.0,0.0
00-0039875,2025,18,0.0,0.0,0.0,0.0,0.0,0.0,0.0
00-0039880,2025,8,0.0,0.0,0.0,0.0,0.0,0.0,0.0
00-0039880,2025,10,0.0,0.0,0.0,0.0,0.0,0.0,0.0
00-0039880,2025,16,0.0,0.0,0.0,0.0,0.0,0.0,0.0
00-0039880,2025,18,0.0,0.0,0.0,0.0,0.0,0.0,0.0
00-0039890,2025,13,0.0,0.0,1.0,1.0,0.0,0.0,0.0
00-0039890,2025,15,0.0,0.0,0.0,0.0,0.0,0.0,0.0
00-0039893,2025,1,0.0,0.0,0.0,0.0,0.0,0.0,0.0
00-0039893,2025,6,0.0,0.0,0.0,0.0,0.0,0.0,0.0
00-0039893,2025,15,0.0,0.0,0.0,0.0,0.0,0.0,0.0
00-0039894,2025,6,0.0,0.0,0.0,0.0,0.0,0.0,0.0
00-0039901,2025,1,0.0,0.0,0.0,0.0,0.0,0.0,0.0
00-0039901,2025,5,0.0,0.0,0.0,0.0,0.0,0.0,0.0
00-0039901,2025,10,0.0,0.0,0.0,0.0,0.0,0.0,0.0
00-0039901,2025,13,0.0,0.0,0.0,0.0,0.0,0.0,0.0
00-0039910,2025,1,0.0,0.0,0.0,0.0,0.0,0.0,0.0
00-0039910,2025,2,0.0,0.0,0.0,0.0,0.0,0.0,0.0
00-0039910,2025,5,0.0,0.0,0.0,0.0,0.0,0.0,0.0
00-0039910,2025,6,0.0,0.0,0.0,0.0,0.0,0.0,0.0
00-0039910,2025,7,0.0,0.0,0.0,0.0,0.0,0.0,0.0
00-0039910,2025,9,0.0,0.0,0.0,0.0,0.0,0.0,0.0
00-0039912,2025,10,0.0,0.0,0.0,0.0,0.0,0.0,0.0
00-0039915,2025,5,0.0,0.0,0.0,0.0,0.0,0.0,0.0
00-0039915,2025,6,0.0,0.0,0.0,0.0,0.0,0.0,0.0
00-0039915,2025,8,0.0,0.0,0.0,0.0,0.0,0.0,0.0
00-0039915,2025,10,0.0,0.0,0.0,0.0,0.0,0.0,0.0
00-0039915,2025,13,0.0,0.0,0.0,0.0,0.0,0.0,0.0
00-0039915,2025,16,0.0,0.0,0.0,0.0,0.0,0.0,0.0
00-0039917,2025,1,1.0,1.0,0.0,0.0,0.0,0.0,0.0
00-0039917,2025,3,0.0,0.0,0.0,0.0,0.0,0.0,1.0
00-0039917,2025,4,0.0,0.0,0.0,0.0,0.0,0.0,0.0
00-0039917,2025,6,0.0,0.0,0.0,0.0,0.0,0.0,0.0
00-0039917,2025,7,0.0,0.0,0.0,0.0,0.0,0.0,0.0
00-0039917,2025,9,0.0,0.0,0.0,0.0,0.0,0.0,0.0
00-0039917,2025,10,0.0,0.0,0.0,0.0,0.0,0.0,0.0
00-0039918,2025,1,0.0,0.0,0.0,0.0,0.0,0.0,0.0
00-0039918,2025,2,0.0,0.0,0.0,0.0,0.0,0.0,0.0
00-0039918,2025,3,1.0,1.0,0.0,0.0,0.0,0.0,0.0
00-0039918,2025,4,0.0,0.0,0.0,0.0,0.0,0.0,0.0
00-0039918,2025,6,1.0,1.0,0.0,0.0,0.0,0.0,0.0
00-0039918,2025,9,1.0,1.0,0.0,0.0,0.0,0.0,0.0
00-0039918,2025,10,0.0,0.0,0.0,0.0,0.0,0.0,0.0
00-0039918,2025,12,0.0,0.0,0.0,0.0,0.0,0.0,0.0
00-0039918,2025,13,0.0,0.0,0.0,0.0,0.0,0.0,0.0
00-0039918,2025,14,0.0,0.0,0.0,0.0,0.0,0.0,0.0
00-0039918,2025,15,0.0,0.0,0.0,0.0,0.0,0.0,0.0
00-0039918,2025,16,1.0,0.0,0.0,0.0,0.0,0.0,0.0
00-0039918,2025,17,0.0,0.0,0.0,0.0,0.0,0.0,0.0
00-0039918,2025,18,0.0,0.0,0.0,0.0,0.0,0.0,0.0
00-0039919,2025,1,0.0,0.0,0.0,0.0,0.0,0.0,0.0
00-0039919,2025,2,0.0,0.0,0.0,0.0,0.0,0.0,0.0
00-0039919,2025,3,0.0,0.0,0.0,0.0,0.0,0.0,0.0
00-0039919,2025,4,0.0,0.0,0.0,0.0,0.0,0.0,0.0
00-0039919,2025,10,0.0,0.0,0.0,0.0,0.0,0.0,0.0
00-0039923,2025,1,0.0,0.0,0.0,0.0,0.0,0.0,1.0
00-0039923,2025,9,0.0,0.0,0.0,0.0,0.0,0.0,0.0
00-0039923,2025,10,0.0,0.0,0.0,0.0,0.0,0.0,0.0
00-0039923,2025,11,0.0,0.0,0.0,0.0,0.0,0.0,0.0
00-0039923,2025,14,0.0,0.0,0.0,0.0,0.0,0.0,0.0
00-0039923,2025,15,0.0,0.0,0.0,0.0,0.0,0.0,0.0
00-0039923,2025,16,0.0,0.0,0.0,0.0,0.0,0.0,0.0
00-0040009,2025,8,0.0,0.0,0.0,0.0,0.0,0.0,0.0
00-0040021,2025,18,0.0,0.0,0.0,0.0,0.0,0.0,0.0
00-0040078,2025,17,0.0,0.0,0.0,0.0,0.0,0.0,0.0
00-0040122,2025,1,0.0,0.0,0.0,0.0,0.0,0.0,0.0
00-0040122,2025,4,0.0,0.0,0.0,0.0,1.0,1.0,0.0
00-0040122,2025,6,0.0,0.0,0.0,0.0,0.0,0.0,0.0
00-0040122,2025,9,0.0,0.0,0.0,0.0,0.0,0.0,0.0
00-0040122,2025,10,0.0,0.0,0.0,0.0,0.0,0.0,0.0
00-0040122,2025,12,0.0,0.0,0.0,0.0,0.0,0.0,0.0
00-0040122,2025,16,0.0,0.0,1.0,1.0,1.0,1.0,0.0
00-0040124,2025,6,0.0,0.0,0.0,0.0,0.0,0.0,0.0
00-0040124,2025,11,0.0,0.0,0.0,0.0,0.0,0.0,0.0
00-0040124,2025,12,0.0,0.0,0.0,0.0,0.0,0.0,0.0
00-0040124,2025,13,0.0,0.0,1.0,0.0,0.0,0.0,0.0
00-0040124,2025,16,0.0,0.0,0.0,0.0,0.0,0.0,0.0
00-0040126,2025,9,0.0,0.0,1.0,1.0,0.0,0.0,0.0
00-0040126,2025,12,0.0,0.0,0.0,0.0,0.0,0.0,0.0
00-0040126,2025,14,0.0,0.0,0.0,0.0,0.0,0.0,0.0
00-0040126,2025,17,0.0,0.0,0.0,0.0,0.0,0.0,0.0
00-0040126,2025,18,0.0,0.0,0.0,0.0,0.0,0.0,0.0
00-0040128,2025,4,0.0,0.0,0.0,0.0,0.0,0.0,0.0
00-0040128,2025,5,0.0,0.0,0.0,0.0,0.0,0.0,0.0
00-0040128,2025,6,0.0,0.0,0.0,0.0,0.0,0.0,0.0
00-0040128,2025,7,0.0,0.0,0.0,0.0,0.0,0.0,0.0
00-0040128,2025,13,0.0,0.0,0.0,0.0,0.0,0.0,0.0
00-0040129,2025,1,0.0,0.0,0.0,0.0,0.0,0.0,0.0
00-0040129,2025,2,0.0,0.0,0.0,0.0,0.0,0.0,0.0
00-0040129,2025,4,0.0,0.0,1.0,1.0,0.0,0.0,0.0
00-0040129,2025,5,0.0,0.0,0.0,0.0,0.0,0.0,0.0
00-0040129,2025,10,0.0,0.0,0.0,0.0,0.0,0.0,0.0
00-0040130,2025,4,0.0,0.0,0.0,0.0,0.0,0.0,0.0
00-0040130,2025,8,0.0,0.0,0.0,0.0,0.0,0.0,0.0
00-0040130,2025,10,0.0,0.0,0.0,0.0,0.0,0.0,0.0
00-0040130,2025,12,0.0,0.0,0.0,0.0,0.0,0.0,0.0
00-0040130,2025,17,0.0,0.0,1.0,1.0,0.0,0.0,0.0
00-0040130,2025,18,0.0,0.0,0.0,0.0,0.0,0.0,0.0
00-0040131,2025,10,0.0,0.0,1.0,1.0,0.0,0.0,0.0
00-0040131,2025,13,0.0,0.0,0.0,0.0,0.0,0.0,0.0
00-0040131,2025,16,0.0,0.0,0.0,0.0,0.0,0.0,0.0
00-0040134,2025,8,0.0,0.0,0.0,0.0,0.0,0.0,0.0
00-0040138,2025,5,0.0,0.0,0.0,0.0,0.0,0.0,0.0
00-0040138,2025,17,0.0,0.0,1.0,0.0,0.0,0.0,0.0
00-0040162,2025,2,0.0,0.0,0.0,0.0,0.0,0.0,0.0
00-0040162,2025,12,0.0,0.0,1.0,1.0,0.0,0.0,0.0
00-0040170,2025,2,0.0,0.0,0.0,0.0,0.0,0.0,0.0
00-0040170,2025,3,0.0,0.0,0.0,0.0,0.0,0.0,0.0
00-0040170,2025,14,0.0,0.0,0.0,0.0,0.0,0.0,0.0
00-0040170,2025,17,0.0,0.0,0.0,0.0,0.0,0.0,0.0
00-0040184,2025,15,0.0,0.0,0.0,0.0,0.0,0.0,0.0
00-0040187,2025,4,0.0,0.0,0.0,0.0,0.0,0.0,0.0
00-0040187,2025,5,0.0,0.0,0.0,0.0,0.0,0.0,0.0
00-0040189,2025,7,0.0,0.0,0.0,0.0,0.0,0.0,0.0
00-0040189,2025,8,0.0,0.0,0.0,0.0,0.0,0.0,0.0
00-0040189,2025,17,0.0,0.0,0.0,0.0,0.0,0.0,0.0
00-0040194,2025,3,0.0,0.0,0.0,0.0,0.0,0.0,0.0
00-0040194,2025,10,0.0,0.0,0.0,0.0,0.0,0.0,0.0
00-0040194,2025,14,0.0,0.0,0.0,0.0,0.0,0.0,0.0
00-0040198,2025,3,0.0,0.0,0.0,0.0,0.0,0.0,0.0
00-0040198,2025,8,0.0,0.0,0.0,0.0,0.0,0.0,0.0
00-0040198,2025,11,0.0,0.0,0.0,0.0,0.0,0.0,0.0
00-0040198,2025,14,0.0,0.0,0.0,0.0,0.0,0.0,0.0
00-0040202,2025,14,0.0,0.0,0.0,0.0,0.0,0.0,0.0
00-0040202,2025,15,0.0,0.0,0.0,0.0,0.0,0.0,0.0
00-0040206,2025,14,0.0,0.0,0.0,0.0,0.0,0.0,0.0
00-0040206,2025,18,1.0,1.0,0.0,0.0,0.0,0.0,0.0
00-0040234,2025,17,1.0,1.0,0.0,0.0,0.0,0.0,0.0
00-0040234,2025,18,0.0,0.0,0.0,0.0,0.0,0.0,0.0
00-0040236,2025,7,0.0,0.0,0.0,0.0,0.0,0.0,0.0
00-0040236,2025,10,0.0,0.0,0.0,0.0,0.0,0.0,0.0
00-0040236,2025,11,0.0,0.0,0.0,0.0,0.0,0.0,0.0
00-0040236,2025,12,0.0,0.0,0.0,0.0,0.0,0.0,0.0
00-0040236,2025,13,0.0,0.0,0.0,0.0,0.0,0.0,0.0
00-0040237,2025,6,0.0,0.0,1.0,0.0,0.0,0.0,0.0
00-0040237,2025,7,0.0,0.0,0.0,0.0,0.0,0.0,0.0
00-0040237,2025,10,0.0,0.0,0.0,0.0,0.0,0.0,0.0
00-0040237,2025,12,0.0,0.0,0.0,0.0,0.0,0.0,0.0
00-0040242,2025,1,0.0,0.0,0.0,0.0,0.0,0.0,0.0
00-0040242,2025,3,0.0,0.0,0.0,0.0,0.0,0.0,0.0
00-0040242,2025,5,0.0,0.0,0.0,0.0,0.0,0.0,0.0
00-0040242,2025,15,0.0,0.0,0.0,0.0,0.0,0.0,0.0
00-0040242,2025,16,0.0,0.0,0.0,0.0,0.0,0.0,0.0
00-0040242,2025,17,0.0,0.0,0.0,0.0,1.0,1.0,0.0
00-0040277,2025,16,0.0,0.0,0.0,0.0,0.0,0.0,0.0
00-0040277,2025,18,0.0,0.0,0.0,0.0,0.0,0.0,0.0
00-0040311,2025,17,0.0,0.0,1.0,1.0,0.0,0.0,0.0
00-0040398,2025,15,0.0,0.0,0.0,0.0,0.0,0.0,0.0
00-0040398,2025,18,0.0,0.0,0.0,0.0,0.0,0.0,0.0
00-0040466,2025,1,0.0,0.0,0.0,0.0,0.0,0.0,0.0
00-0040494,2025,13,0.0,0.0,0.0,0.0,0.0,0.0,1.0
00-0040563,2025,17,0.0,0.0,0.0,0.0,0.0,0.0,0.0
00-0040583,2025,4,0.0,0.0,0.0,0.0,0.0,0.0,0.0
00-0040583,2025,7,0.0,0.0,0.0,0.0,0.0,0.0,0.0
00-0040583,2025,10,0.0,0.0,0.0,0.0,0.0,0.0,0.0
00-0040583,2025,14,0.0,0.0,0.0,0.0,0.0,0.0,0.0
00-0040584,2025,8,0.0,0.0,0.0,0.0,0.0,0.0,0.0
00-0040584,2025,15,0.0,0.0,0.0,0.0,0.0,0.0,0.0
00-0040586,2025,18,0.0,0.0,0.0,0.0,0.0,0.0,0.0
00-0040590,2025,7,0.0,0.0,0.0,0.0,0.0,0.0,0.0
00-0040648,2025,2,0.0,0.0,0.0,0.0,0.0,0.0,0.0
00-0040648,2025,3,0.0,0.0,0.0,0.0,0.0,0.0,0.0
00-0040648,2025,5,0.0,0.0,0.0,0.0,0.0,0.0,0.0
00-0040648,2025,9,0.0,0.0,0.0,0.0,0.0,0.0,0.0
00-0040663,2025,5,0.0,0.0,0.0,0.0,0.0,0.0,0.0
00-0040663,2025,8,0.0,0.0,0.0,0.0,0.0,0.0,0.0
00-0040663,2025,13,0.0,0.0,0.0,0.0,0.0,0.0,0.0
00-0040663,2025,14,0.0,0.0,0.0,0.0,0.0,0.0,0.0
00-0040663,2025,16,0.0,0.0,0.0,0.0,0.0,0.0,0.0
00-0040663,2025,17,0.0,0.0,0.0,0.0,0.0,0.0,0.0
00-0040666,2025,3,0.0,0.0,0.0,0.0,0.0,0.0,0.0
00-0040666,2025,4,0.0,0.0,0.0,0.0,1.0,1.0,0.0
00-0040666,2025,14,0.0,0.0,0.0,0.0,0.0,0.0,0.0
00-0040666,2025,16,0.0,0.0,0.0,0.0,0.0,0.0,0.0
00-0040666,2025,17,0.0,0.0,0.0,0.0,0.0,0.0,0.0
00-0040668,2025,12,1.0,1.0,0.0,0.0,0.0,0.0,0.0
00-0040668,2025,13,0.0,0.0,0.0,0.0,0.0,0.0,0.0
00-0040668,2025,14,1.0,1.0,0.0,0.0,0.0,0.0,0.0
00-0040668,2025,16,0.0,0.0,0.0,0.0,0.0,0.0,0.0
00-0040668,2025,17,0.0,0.0,0.0,0.0,0.0,0.0,0.0
00-0040669,2025,1,0.0,0.0,0.0,0.0,0.0,0.0,0.0
00-0040669,2025,5,0.0,0.0,0.0,0.0,0.0,0.0,0.0
00-0040669,2025,13,0.0,0.0,0.0,0.0,0.0,0.0,0.0
00-0040669,2025,14,0.0,0.0,0.0,0.0,0.0,0.0,0.0
00-0040669,2025,16,0.0,0.0,0.0,0.0,0.0,0.0,0.0
00-0040669,2025,17,0.0,0.0,0.0,0.0,0.0,0.0,0.0
00-0040676,2025,2,0.0,0.0,0.0,0.0,0.0,0.0,0.0
00-0040676,2025,3,0.0,0.0,0.0,0.0,0.0,0.0,1.0
00-0040676,2025,5,0.0,0.0,0.0,0.0,0.0,0.0,1.0
00-0040676,2025,6,0.0,0.0,0.0,0.0,0.0,0.0,0.0
00-0040676,2025,7,0.0,0.0,0.0,0.0,0.0,0.0,0.0
00-0040676,2025,8,0.0,0.0,0.0,0.0,0.0,0.0,0.0
00-0040676,2025,11,0.0,0.0,0.0,0.0,0.0,0.0,0.0
00-0040676,2025,12,0.0,0.0,0.0,0.0,0.0,0.0,0.0
00-0040676,2025,14,0.0,0.0,0.0,0.0,0.0,0.0,0.0
00-0040676,2025,15,0.0,0.0,0.0,0.0,0.0,0.0,0.0
00-0040676,2025,16,0.0,0.0,0.0,0.0,0.0,0.0,0.0
00-0040676,2025,17,1.0,0.0,0.0,0.0,0.0,0.0,0.0
00-0040676,2025,18,0.0,0.0,0.0,0.0,0.0,0.0,0.0
00-0040691,2025,4,0.0,0.0,0.0,0.0,0.0,0.0,0.0
00-0040691,2025,5,0.0,0.0,0.0,0.0,0.0,0.0,0.0
00-0040691,2025,6,0.0,0.0,0.0,0.0,0.0,0.0,0.0
00-0040691,2025,7,2.0,0.0,0.0,0.0,0.0,0.0,0.0
00-0040691,2025,8,0.0,0.0,0.0,0.0,0.0,0.0,0.0
00-0040691,2025,9,0.0,0.0,0.0,0.0,0.0,0.0,0.0
00-0040691,2025,10,0.0,0.0,0.0,0.0,0.0,0.0,0.0
00-0040691,2025,13,0.0,0.0,0.0,0.0,0.0,0.0,0.0
00-0040691,2025,15,0.0,0.0,0.0,0.0,0.0,0.0,0.0
00-0040691,2025,17,0.0,0.0,0.0,0.0,0.0,0.0,0.0
00-0040691,2025,18,0.0,0.0,0.0,0.0,0.0,0.0,0.0
00-0040704,2025,2,0.0,0.0,0.0,0.0,0.0,0.0,0.0
00-0040704,2025,5,0.0,0.0,0.0,0.0,0.0,0.0,0.0
00-0040704,2025,8,0.0,0.0,0.0,0.0,0.0,0.0,0.0
00-0040704,2025,10,0.0,0.0,0.0,0.0,0.0,0.0,0.0
00-0040705,2025,7,0.0,0.0,0.0,0.0,0.0,0.0,0.0
00-0040705,2025,12,0.0,0.0,0.0,0.0,0.0,0.0,0.0
00-0040705,2025,14,0.0,0.0,0.0,0.0,0.0,0.0,0.0
00-0040705,2025,16,0.0,0.0,0.0,0.0,0.0,0.0,0.0
00-0040715,2025,2,0.0,0.0,0.0,0.0,0.0,0.0,0.0
00-0040715,2025,3,0.0,0.0,0.0,0.0,0.0,0.0,0.0
00-0040715,2025,6,0.0,0.0,0.0,0.0,0.0,0.0,0.0
00-0040715,2025,7,0.0,0.0,0.0,0.0,0.0,0.0,0.0
00-0040715,2025,8,0.0,0.0,0.0,0.0,0.0,0.0,0.0
00-0040718,2025,7,0.0,0.0,0.0,0.0,0.0,0.0,0.0
00-0040719,2025,2,0.0,0.0,0.0,0.0,0.0,0.0,0.0
00-0040719,2025,3,0.0,0.0,0.0,0.0,0.0,0.0,0.0
00-0040719,2025,9,0.0,0.0,0.0,0.0,0.0,0.0,0.0
00-0040719,2025,11,0.0,0.0,0.0,0.0,0.0,0.0,0.0
00-0040719,2025,13,0.0,0.0,0.0,0.0,0.0,0.0,0.0
00-0040719,2025,15,0.0,0.0,0.0,0.0,0.0,0.0,0.0
00-0040719,2025,18,0.0,0.0,0.0,0.0,0.0,0.0,0.0
00-0040727,2025,8,0.0,0.0,0.0,0.0,0.0,0.0,0.0
00-0040730,2025,4,0.0,0.0,0.0,0.0,0.0,0.0,0.0
00-0040730,2025,7,0.0,0.0,0.0,0.0,0.0,0.0,0.0
00-0040730,2025,8,0.0,0.0,0.0,0.0,1.0,0.0,0.0
00-0040730,2025,9,0.0,0.0,0.0,0.0,0.0,0.0,0.0
00-0040730,2025,13,0.0,0.0,0.0,0.0,0.0,0.0,0.0
00-0040730,2025,14,0.0,0.0,0.0,0.0,0.0,0.0,0.0
00-0040730,2025,15,0.0,0.0,0.0,0.0,0.0,0.0,0.0
00-0040730,2025,16,0.0,0.0,0.0,0.0,0.0,0.0,0.0
00-0040730,2025,17,0.0,0.0,0.0,0.0,0.0,0.0,0.0
00-0040734,2025,4,0.0,0.0,0.0,0.0,0.0,0.0,0.0
00-0040734,2025,10,0.0,0.0,0.0,0.0,2.0,2.0,0.0
00-0040734,2025,11,0.0,0.0,0.0,0.0,0.0,0.0,0.0
00-0040734,2025,15,0.0,0.0,0.0,0.0,2.0,2.0,0.0
00-0040734,2025,18,0.0,0.0,0.0,0.0,0.0,0.0,0.0
00-0040735,2025,3,0.0,0.0,1.0,1.0,0.0,0.0,0.0
00-0040735,2025,17,0.0,0.0,0.0,0.0,0.0,0.0,0.0
00-0040736,2025,8,0.0,0.0,0.0,0.0,0.0,0.0,0.0
00-0040737,2025,7,0.0,0.0,0.0,0.0,0.0,0.0,0.0
00-0040737,2025,16,0.0,0.0,0.0,0.0,0.0,0.0,0.0
00-0040737,2025,17,0.0,0.0,0.0,0.0,0.0,0.0,0.0
00-0040739,2025,9,0.0,0.0,0.0,0.0,0.0,0.0,0.0
00-0040743,2025,9,0.0,0.0,0.0,0.0,0.0,0.0,0.0
00-0040743,2025,10,1.0,1.0,0.0,0.0,0.0,0.0,0.0
00-0040743,2025,13,0.0,0.0,0.0,0.0,0.0,0.0,0.0
00-0040743,2025,14,0.0,0.0,0.0,0.0,0.0,0.0,0.0
00-0040743,2025,15,0.0,0.0,0.0,0.0,0.0,0.0,0.0
00-0040743,2025,16,0.0,0.0,0.0,0.0,0.0,0.0,0.0
00-0040743,2025,17,0.0,0.0,0.0,0.0,0.0,0.0,0.0
00-0040743,2025,18,0.0,0.0,0.0,0.0,0.0,0.0,0.0
00-0040784,2025,3,0.0,0.0,0.0,0.0,0.0,0.0,0.0
00-0040784,2025,4,0.0,0.0,0.0,0.0,0.0,0.0,0.0
00-0040784,2025,7,0.0,0.0,0.0,0.0,1.0,0.0,0.0
00-0040784,2025,12,0.0,0.0,0.0,0.0,0.0,0.0,0.0
