fp_page,page_type,ecr_type,player,id,pos,team,ecr,sd,best,worst,sportsdata_id,player_filename,yahoo_id,cbs_id,player_owned_avg,player_owned_espn,player_owned_yahoo,player_image_url,player_square_image_url,rank_delta,bye,mergename,scrape_date,tm,merge_name,fp_id,fantasypros_id,gsis_id,sleeper_id,birthdate,draft_year,position,age,pos_rank,player_id,hist_ppg,wgames,raw_games,ppg_sd,age_factor,hist_ppg_raw,market_ppg,w_hist,proj_ppg,exp_games,proj_pts,proj_sd,replacement,vorp
/nfl/rankings/ppr-cheatsheets.php,redraft-overall,ro,Ja'Marr Chase,19788,WR,CIN,1.49,0.88,1,4,,jamarr-chase.php,,,99.9,,,,,,6.0,JaMarr Chase,2026-09-04,CIN,jamarr chase,19788,19788.0,00-0036900,7564.0,2000-03-01,2021.0,WR,26.5160848733744,1.0,00-0036900,22.557951400728523,16.28,49.0,14.636035864718744,0.9754432238193018,23.125847665847665,23.03346054788764,0.5765833333333333,22.759289898788147,15.959999999999999,363.2382667846588,83.9374565918712,161.78053356376364,201.45773322089514
/nfl/rankings/ppr-cheatsheets.php,redraft-overall,ro,Jahmyr Gibbs,22968,RB,DET,2.43,1.22,1,5,,jahmyr-gibbs.php,,,99.8,,,,,,6.0,Jahmyr Gibbs,2026-09-04,DET,jahmyr gibbs,22968,22968.0,00-0039139,9221.0,2002-03-20,2023.0,RB,24.465434633812457,1.0,00-0039139,24.224989480870164,16.76,49.0,12.86622835402136,1.0256839151266257,23.618377088305486,24.31872845288828,0.5935833333333334,24.263086561414525,16.04,389.179908445089,96.46743772760865,161.23689076876227,227.94301767632672
/nfl/rankings/ppr-cheatsheets.php,redraft-overall,ro,Puka Nacua,23180,WR,LAR,3.43,1.62,1,9,,puka-nacua.php,,,99.8,,,,,,11.0,Puka Nacua,2026-09-04,LAR,puka nacua,23180,23180.0,00-0039075,9493.0,2001-05-29,2023.0,WR,25.27310061601643,2.0,00-0039075,23.508969695046755,14.719999999999999,44.0,11.718696944911612,0.9663072895277207,24.328668478260866,23.03346054788764,0.5213333333333333,23.28135931660659,14.959999999999999,348.28913537643456,82.32737039436924,161.78053356376364,186.50860181267092
/nfl/rankings/ppr-cheatsheets.php,redraft-overall,ro,Bijan Robinson,23133,RB,ATL,4.19,1.3,2,5,,bijan-robinson.php,,,99.8,,,,,,11.0,Bijan Robinson,2026-09-04,ATL,bijan robinson,23133,23133.0,00-0038542,9509.0,2002-01-30,2023.0,RB,24.59958932238193,2.0,00-0038542,24.412467424906396,17.0,51.0,10.905914207707776,1.023805749486653,23.84482352941177,24.31872845288828,0.6020833333333333,24.375167125624188,16.439999999999998,400.7277475452616,98.0397108596219,161.23689076876227,239.49085677649933
/nfl/rankings/ppr-cheatsheets.php,redraft-overall,ro,Jaxon Smith-Njigba,23070,WR,SEA,4.61,1.44,1,9,,jaxon-smith-njigba.php,,,99.8,,,,,,11.0,Jaxon Smith-Njigba,2026-09-04,SEA,jaxon smith-njigba,23070,23070.0,00-0038543,9488.0,2002-02-14,2023.0,WR,24.55852156057495,3.0,00-0038543,20.227692275330355,17.0,51.0,10.236451763471674,0.9938128336755646,20.353623529411767,20.51026289413919,0.6020833333333333,20.340131834064703,16.36,332.7645568052985,80.7498348599142,161.78053356376364,170.98402324153489
/nfl/rankings/ppr-cheatsheets.php,redraft-overall,ro,Amon-Ra St. Brown,19799,WR,DET,5.4,1.29,3,9,,amonra-stbrown.php,,,99.9,,,,,,6.0,Amon-Ra St Brown,2026-09-04,DET,amon-ra st brown,19799,19799.0,00-0036963,7547.0,1999-10-24,2021.0,WR,26.869267624914443,4.0,00-0036963,20.792833512948025,16.880000000000003,50.0,10.768674145740636,0.9780391170431212,21.259715639810427,20.51026289413919,0.5978333333333334,20.679193029083738,16.16,334.1757593499932,80.7716832976666,161.78053356376364,172.39522578622956
/nfl/rankings/ppr-cheatsheets.php,redraft-overall,ro,CeeDee Lamb,19202,WR,DAL,9.03,1.69,6,15,,ceedee-lamb.php,,,99.8,,,,,,14.0,CeeDee Lamb,2026-09-04,DAL,ceedee lamb,19202,19202.0,00-0036358,6786.0,1999-04-08,2020.0,WR,27.41409993155373,5.0,00-0036358,18.84969907670663,14.039999999999997,45.0,11.034657294912318,0.9572597535934292,19.69131054131055,18.84969907670663,0.49724999999999986,18.84969907670663,15.16,285.7614380028725,74.82943271166093,161.78053356376364,123.98090443910888
/nfl/rankings/ppr-cheatsheets.php,redraft-overall,ro,Justin Jefferson,19236,WR,MIN,9.17,2.9,4,29,,justin-jefferson.php,,,99.8,,,,,,6.0,Justin Jefferson,2026-09-04,MIN,justin jefferson,19236,19236.0,00-0036322,6794.0,1999-06-16,2020.0,WR,27.225188227241617,6.0,00-0036322,15.622911036833917,16.16,44.0,10.135276542972914,0.9671776180698151,16.15309405940594,16.72478000433723,0.5723333333333334,16.0941436652695,14.959999999999999,240.7683892324317,69.74750427357196,161.78053356376364,78.98785566866806
/nfl/rankings/ppr-cheatsheets.php,redraft-overall,ro,Christian McCaffrey,16393,RB,SF,9.58,4.48,5,24,,christian-mccaffrey.php,,,99.8,,,,,,8.0,Christian McCaffrey,2026-09-04,SFO,christian mccaffrey,16393,16393.0,00-0033280,4034.0,1996-06-07,2017.0,RB,30.24777549623545,3.0,00-0033280,22.076262100790412,13.239999999999998,37.0,11.321594012814229,0.8236993383527266,26.80135951661632,22.16001055594686,0.46891666666666665,22.12073950951642,13.64,301.72688690980397,84.6140836456182,161.23689076876227,140.4899961410417
/nfl/rankings/ppr-cheatsheets.php,redraft-overall,ro,Jonathan Taylor,19217,RB,IND,11.82,5.05,6,33,,jonathan-taylor.php,,,99.8,,,,,,13.0,Jonathan Taylor,2026-09-04,IND,jonathan taylor,19217,19217.0,00-0036223,6813.0,1999-01-19,2020.0,RB,27.630390143737166,4.0,00-0036223,22.24375901110331,15.319999999999999,41.0,13.11180521421859,0.9334647843942505,23.829242819843344,22.16001055594686,0.5425833333333333,22.205451071907163,14.44,320.64671347833945,87.46420703004398,161.23689076876227,159.40982270957718
/nfl/rankings/ppr-cheatsheets.php,redraft-overall,ro,Drake London,23163,WR,ATL,13.17,3.46,8,26,,drake-london.php,,,99.6,,,,,,11.0,Drake London,2026-09-04,ATL,drake london,23163,23163.0,00-0037238,8112.0,2001-07-24,2022.0,WR,25.11978097193703,7.0,00-0037238,17.166164371157297,13.879999999999997,45.0,11.039523005176365,0.9651803901437371,17.785446685878966,16.72478000433723,0.49158333333333326,16.94175720265986,15.16,256.8370391923235,71.67856720896289,161.78053356376364,95.05650562855988
/nfl/rankings/ppr-cheatsheets.php,redraft-overall,ro,A.J. Brown,18218,WR,NE,13.73,5.45,6,40,,aj-brown.php,,,99.7,,,,,,11.0,AJ Brown,2026-09-04,NEP,aj brown,18218,18218.0,00-0035676,5859.0,1997-06-30,2019.0,WR,29.1854893908282,8.0,00-0035676,15.312159900855487,14.679999999999998,45.0,10.844066012191538,0.8704942505133471,17.590190735694826,16.72478000433723,0.5199166666666666,15.99033526886868,15.16,242.4134826760492,70.18554371829843,161.78053356376364,80.63294911228556
/nfl/rankings/ppr-cheatsheets.php,redraft-overall,ro,James Cook III,22958,RB,BUF,14.97,5.66,7,31,,james-cook.php,,,99.8,,,,,,7.0,James Cook,2026-09-04,BUF,james cook,22958,22958.0,00-0037248,8138.0,1999-09-25,2022.0,RB,26.94866529774127,5.0,00-0037248,19.6728517552047,16.720000000000002,50.0,10.606160897308312,0.9745498973305955,20.186602870813395,19.6728517552047,0.5921666666666667,19.6728517552047,16.240000000000002,319.48711250452436,89.86818276894266,161.23689076876227,158.2502217357621
/nfl/rankings/ppr-cheatsheets.php,redraft-overall,ro,Nico Collins,20130,WR,HOU,16.0,3.72,9,28,,nico-collins.php,,,99.8,,,,,,8.0,Nico Collins,2026-09-04,HOU,nico collins,20130,20130.0,00-0036554,7569.0,1999-03-19,2021.0,WR,27.468856947296374,9.0,00-0036554,17.15978856454251,14.16,42.0,10.327064900257145,0.9543850102669404,17.979943502824856,16.72478000433723,0.5015,16.94293679728018,14.56,246.6891597683994,69.92848034170645,161.78053356376364,84.90862620463577
/nfl/rankings/ppr-cheatsheets.php,redraft-overall,ro,Chase Brown,25324,RB,CIN,17.05,5.98,7,34,,chase-brown.php,,,99.5,,,,,,6.0,Chase Brown,2026-09-04,CIN,chase brown,25324,25324.0,00-0038597,9224.0,2000-03-21,2023.0,RB,26.46132785763176,6.0,00-0038597,17.037147727911428,15.879999999999997,43.0,9.470410876542932,0.9854662559890486,17.28841309823678,19.53926764301046,0.5624166666666666,18.132033700760182,14.84,269.0793801192811,82.35113874020443,161.23689076876227,107.84248935051883
/nfl/rankings/ppr-cheatsheets.php,redraft-overall,ro,Chris Olave,20111,WR,NO,17.37,5.9,9,36,,chris-olave.php,,,99.3,,,,,,8.0,Chris Olave,2026-09-04,NOS,chris olave,20111,20111.0,00-0037239,8144.0,2000-06-27,2022.0,WR,26.19301848049281,10.0,00-0037239,16.33722921062449,13.760000000000002,40.0,8.861492519857316,0.9730686858316221,16.789389534883718,16.72478000433723,0.48733333333333334,16.53591358420122,14.16,234.1485363522893,68.10319143442393,161.78053356376364,72.36800278852567
/nfl/rankings/ppr-cheatsheets.php,redraft-overall,ro,Trey McBride,22936,TE,ARI,18.5,5.19,16,35,,trey-mcbride.php,,,99.7,,,,,1.0,14.0,Trey McBride,2026-09-04,ARI,trey mcbride,22936,22936.0,00-0037744,8130.0,1999-11-22,2022.0,TE,26.78986995208761,1.0,00-0037744,18.44529265219879,16.720000000000002,50.0,9.432114539904482,1.0108533538672142,18.24724880382775,18.44529265219879,0.5921666666666667,18.44529265219879,15.96,294.3868707290927,64.0488484134629,141.4555441643843,152.93132656470843
/nfl/rankings/ppr-cheatsheets.php,redraft-overall,ro,George Pickens,22963,WR,DAL,20.43,5.82,9,40,,george-pickens.php,,,99.7,,,,,,14.0,George Pickens,2026-09-04,DAL,george pickens,22963,22963.0,00-0037247,8137.0,2001-03-04,2022.0,WR,25.508555783709788,11.0,00-0037247,16.579326074165934,16.16,48.0,10.692898816802812,0.9680378850102669,17.126732673267323,16.72478000433723,0.5723333333333334,16.64153187163586,15.76,262.27054229698115,72.99158206501886,161.78053356376364,100.49000873321751
/nfl/rankings/ppr-cheatsheets.php,redraft-overall,ro,Brock Bowers,22955,TE,LV,21.2,5.51,11,57,,brock-bowers.php,,,99.8,,,,,-1.0,13.0,Brock Bowers,2026-09-04,LVR,brock bowers,22955,22955.0,00-0039338,11604.0,2002-12-13,2024.0,TE,23.731690622861056,2.0,00-0039338,17.018577911055328,11.959999999999999,29.0,10.00365696679767,1.043452943189596,16.309866220735785,17.018577911055328,0.4235833333333333,17.018577911055328,11.760000000000002,200.13847623401068,54.189028213976165,141.4555441643843,58.68293206962639
/nfl/rankings/ppr-cheatsheets.php,redraft-overall,ro,De'Von Achane,23136,RB,MIA,21.49,6.71,11,39,,devon-achane.php,,,99.8,,,,,,6.0,DeVon Achane,2026-09-04,MIA,devon achane,23136,23136.0,00-0039040,9226.0,2001-10-13,2023.0,RB,24.89801505817933,7.0,00-0039040,22.04138755810949,15.679999999999998,44.0,12.208445721485633,1.0196277891854895,21.617091836734698,19.53926764301046,0.5553333333333332,20.928778235862122,15.04,314.7688246673663,87.42946660648374,161.23689076876227,153.53193389860402
/nfl/rankings/ppr-cheatsheets.php,redraft-overall,ro,DeVonta Smith,19222,WR,PHI,22.72,7.16,8,45,,devonta-smith.php,,,99.4,,,,,,10.0,DeVonta Smith,2026-09-04,PHI,devonta smith,19222,19222.0,00-0036912,7525.0,1998-11-14,2021.0,WR,27.811088295687885,12.0,00-0036912,13.359046582594154,15.759999999999998,46.0,9.054380062112411,0.9364178644763861,14.26611675126904,16.72478000433723,0.5581666666666666,14.846139799434305,15.36,228.03670731931092,69.0827193470537,161.78053356376364,66.25617375554728
/nfl/rankings/ppr-cheatsheets.php,redraft-overall,ro,Saquon Barkley,17240,RB,PHI,23.6,6.02,10,41,,saquon-barkley.php,,,99.8,,,,,,10.0,Saquon Barkley,2026-09-04,PHI,saquon barkley,17240,17240.0,00-0034844,4866.0,1997-02-09,2018.0,RB,29.571526351813823,8.0,00-0034844,16.99218583395005,15.759999999999998,46.0,12.058802585943734,0.8361648642482319,20.32157360406092,16.99218583395005,0.5581666666666666,16.99218583395005,15.44,262.35934927618877,82.98908307029745,161.23689076876227,101.1224585074265
/nfl/rankings/ppr-cheatsheets.php,redraft-overall,ro,Malik Nabers,25409,WR,NYG,24.25,8.56,11,48,,malik-nabers.php,,,99.4,,,,,,8.0,Malik Nabers,2026-09-04,NYG,malik nabers,25409,25409.0,00-0039337,11632.0,2003-07-28,2024.0,WR,23.110198494182068,13.0,00-0039337,20.19290901828345,6.6,19.0,11.447990068487444,1.0906332306639286,18.51484848484849,16.72478000433723,0.23374999999999996,17.535455161347162,9.96,174.65313340701775,58.811811140259664,161.78053356376364,12.872599843254108
/nfl/rankings/ppr-cheatsheets.php,redraft-overall,ro,Kenneth Walker III,23021,RB,KC,24.95,7.61,11,50,,kenneth-walker-rb.php,,,99.5,,,,,,5.0,Kenneth Walker,2026-09-04,KCC,kenneth walker,23021,23021.0,00-0038134,8151.0,2000-10-20,2022.0,RB,25.87816563997262,9.0,00-0038134,14.022050009531645,15.08,43.0,8.240831510637198,0.9985290896646133,14.04270557029178,16.732936989186523,0.5340833333333332,15.285097434802513,14.84,226.8308459324693,78.34913975454936,161.23689076876227,65.59395516370702
/nfl/rankings/ppr-cheatsheets.php,redraft-overall,ro,Omarion Hampton,25395,RB,LAC,25.4,7.4,7,43,,omarion-hampton.php,,,99.7,,,,,,7.0,Omarion Hampton,2026-09-04,LAC,omarion hampton,25395,25395.0,00-0040666,12507.0,2003-03-16,2025.0,RB,23.477070499657767,10.0,00-0040666,17.40620185109134,5.3999999999999995,9.0,9.502777371788618,1.0395210130047912,16.744444444444447,16.732936989186523,0.19124999999999998,16.86169889402582,11.82,199.3052809273852,69.38571996201576,161.23689076876227,38.06839015862295
/nfl/rankings/ppr-cheatsheets.php,redraft-overall,ro,Josh Allen,17298,QB,BUF,25.77,3.01,21,43,,josh-allen-qb.php,,,99.9,,,,,,7.0,Josh Allen,2026-09-04,BUF,josh allen,17298,17298.0,00-0034857,4984.0,1996-05-21,2018.0,QB,30.2943189596167,1.0,00-0034857,26.11371691621022,16.12,49.0,13.25391200111625,0.9544530458590007,27.359875930521095,26.11371691621022,0.5709166666666667,26.11371691621022,16.119999999999997,420.9531166893087,111.67102035701363,308.62175610452914,112.33136058477953
/nfl/rankings/ppr-cheatsheets.php,redraft-overall,ro,Rashee Rice,23113,WR,KC,27.1,10.14,11,68,,rashee-rice.php,,,99.2,,,,,,5.0,Rashee Rice,2026-09-04,KCC,rashee rice,23113,23113.0,00-0039067,10229.0,2000-04-22,2023.0,WR,26.37371663244353,14.0,00-0039067,18.79348527997784,7.559999999999999,27.0,8.253936296547508,0.97439681724846,19.28730158730159,16.72478000433723,0.26774999999999993,17.278675841890003,11.559999999999999,199.74149273224842,62.269147674109085,161.78053356376364,37.96095916848478
/nfl/rankings/ppr-cheatsheets.php,redraft-overall,ro,Ashton Jeanty,25989,RB,LV,28.95,8.75,7,53,,ashton-jeanty.php,,,99.7,,,,,,13.0,Ashton Jeanty,2026-09-04,LVR,ashton jeanty,25989,25989.0,00-0040122,12527.0,2003-12-02,2025.0,RB,22.76249144421629,11.0,00-0040122,17.28383941176471,10.2,17.0,11.467795380209438,1.0462,16.52058823529412,16.732936989186523,0.36124999999999996,16.931950489342892,9.97111111111111,168.83035965707012,63.216585145377714,161.23689076876227,7.593468888307854
/nfl/rankings/ppr-cheatsheets.php,redraft-overall,ro,Zay Flowers,22916,WR,BAL,29.64,7.73,12,48,,zay-flowers.php,,,99.0,,,,,,13.0,Zay Flowers,2026-09-04,BAL,zay flowers,22916,22916.0,00-0039064,9997.0,2000-09-11,2023.0,WR,25.984941820670773,15.0,00-0039064,14.786506175029437,16.880000000000003,50.0,8.769991971699488,0.9715393223819302,15.219668246445496,14.853096528778487,0.5978333333333334,14.813286595628846,16.16,239.38271138536214,71.5308521286182,161.78053356376364,77.6021778215985
/nfl/rankings/ppr-cheatsheets.php,redraft-overall,ro,Garrett Wilson,23072,WR,NYJ,30.28,7.2,12,52,,garrett-wilson.php,,,97.9,,,,,,13.0,Garrett Wilson,2026-09-04,NYJ,garrett wilson,23072,23072.0,00-0037740,8146.0,2000-07-22,2022.0,WR,26.12457221081451,16.0,00-0037740,14.919686882527536,10.999999999999998,41.0,7.830753164412171,0.9725656057494866,15.340545454545458,14.853096528778487,0.3895833333333333,14.879039020759887,14.36,213.66300033811197,66.07224505483038,161.78053356376364,51.88246677434833
/nfl/rankings/ppr-cheatsheets.php,redraft-overall,ro,Lamar Jackson,17233,QB,BAL,31.84,9.34,25,66,,lamar-jackson.php,,,99.7,,,,,,13.0,Lamar Jackson,2026-09-04,BAL,lamar jackson,17233,17233.0,00-0034796,4881.0,1997-01-07,2018.0,QB,29.661875427789184,2.0,00-0034796,23.464021992204316,14.479999999999997,46.0,13.27631469330811,0.9726041752224504,24.12494475138122,23.662061033971213,0.5128333333333331,23.560500012051754,15.52,365.6589601870432,105.06562904741466,308.62175610452914,57.03720408251405
/nfl/rankings/ppr-cheatsheets.php,redraft-overall,ro,Ladd McConkey,26122,WR,LAC,33.83,8.24,15,52,,ladd-mcconkey.php,,,98.3,,,,,,7.0,Ladd McConkey,2026-09-04,LAC,ladd mcconkey,26122,26122.0,00-0039915,11635.0,2001-11-01,2024.0,WR,24.84599589322382,17.0,00-0039915,13.349600465322826,14.080000000000002,32.0,8.445847274815957,0.9745951745379877,13.697585227272727,13.858886403187622,0.49866666666666676,13.604922482172377,12.559999999999999,170.87782637608504,58.703023192016396,161.78053356376364,9.097292812321399
/nfl/rankings/ppr-cheatsheets.php,redraft-overall,ro,Jaylen Waddle,19790,WR,DEN,33.99,8.09,18,60,,jaylen-waddle.php,,,97.9,,,,,,10.0,Jaylen Waddle,2026-09-04,DEN,jaylen waddle,19790,19790.0,00-0036613,7526.0,1998-11-25,2021.0,WR,27.78097193702943,18.0,00-0036613,12.145147688346624,15.479999999999999,45.0,8.172434308408514,0.9379989733059548,12.947932816537467,13.858886403187622,0.5482499999999999,12.919329152776044,15.16,195.85702995608483,65.77116294214751,161.78053356376364,34.07649639232119
/nfl/rankings/ppr-cheatsheets.php,redraft-overall,ro,Tetairoa McMillan,25417,WR,CAR,35.88,7.26,15,52,,tetairoa-mcmillan.php,,,98.8,,,,,,5.0,Tetairoa McMillan,2026-09-04,CAR,tetairoa mcmillan,25417,25417.0,00-0040124,12526.0,2003-04-05,2025.0,WR,23.42231348391513,19.0,00-0040124,14.671558194729634,10.2,17.0,8.151739935166495,1.0697683436002736,13.714705882352941,13.858886403187622,0.36124999999999996,14.152464087882175,9.884444444444444,139.88924502866647,52.08931812903413,161.78053356376364,-21.891288535097175
/nfl/rankings/ppr-cheatsheets.php,redraft-overall,ro,Colston Loveland,26006,TE,CHI,36.28,11.7,22,85,,colston-loveland.php,,,99.7,,,,,,10.0,Colston Loveland,2026-09-04,CHI,colston loveland,26006,26006.0,00-0040126,12517.0,2004-04-09,2025.0,TE,22.409308692676248,3.0,00-0040126,12.560775,9.6,16.0,9.697611389752977,1.119,11.225,12.74114491873743,0.33999999999999997,12.679819146366704,9.797777777777778,124.23405025851288,42.024879501124374,141.4555441643843,-17.221493905871412
/nfl/rankings/ppr-cheatsheets.php,redraft-overall,ro,Tee Higgins,19211,WR,CIN,36.7,6.79,19,51,,tee-higgins.php,,,98.5,,,,,,6.0,Tee Higgins,2026-09-04,CIN,tee higgins,19211,19211.0,00-0036410,6801.0,1999-01-18,2020.0,WR,27.633127994524298,20.0,00-0036410,15.269239264351397,13.799999999999999,39.0,10.827248732467073,0.9457607802874743,16.144927536231883,13.858886403187622,0.48874999999999996,14.548196364081416,13.96,203.09282124257658,64.35932201777466,161.78053356376364,41.312287678812936
/nfl/rankings/ppr-cheatsheets.php,redraft-overall,ro,Drake Maye,23046,QB,NE,37.1,12.33,27,79,,drake-maye.php,,,99.6,,,,,,11.0,Drake Maye,2026-09-04,NEP,drake maye,23046,23046.0,00-0039851,11564.0,2002-08-30,2024.0,QB,24.019164955509925,3.0,00-0039851,23.462959039545527,13.839999999999998,30.0,10.103189896857034,1.0111920944558521,23.20326589595376,23.662061033971213,0.49016666666666653,23.56446787303689,12.32,290.31424419581447,91.35172920039479,308.62175610452914,-18.307511908714673
/nfl/rankings/ppr-cheatsheets.php,redraft-overall,ro,Derrick Henry,15514,RB,BAL,37.64,6.99,20,50,,derrick-henry.php,,,99.7,,,,,,13.0,Derrick Henry,2026-09-04,BAL,derrick henry,15514,15514.0,00-0032764,3198.0,1994-01-04,2016.0,RB,32.67077344284736,12.0,00-0032764,16.544729082352937,17.0,51.0,11.349997408654795,0.7914,20.905647058823526,16.732936989186523,0.6020833333333333,16.619620145280468,16.439999999999998,273.2265551884108,86.38594095515928,161.23689076876227,111.98966441964856
/nfl/rankings/ppr-cheatsheets.php,redraft-overall,ro,Breece Hall,22982,RB,NYJ,39.52,4.84,30,53,,breece-hall.php,,,98.4,,,,,,13.0,Breece Hall,2026-09-04,NYJ,breece hall,22982,22982.0,00-0038120,8155.0,2001-05-31,2022.0,RB,25.267624914442163,13.0,00-0038120,16.416310669295815,16.12,49.0,10.823918741461831,1.0122052019164955,16.21836228287841,16.732936989186523,0.5709166666666667,16.552169746055586,16.04,265.4968027267316,84.72566759561785,161.23689076876227,104.25991195796931
/nfl/rankings/ppr-cheatsheets.php,redraft-overall,ro,Jeremiyah Love,25403,RB,ARI,40.1,7.87,23,65,,jeremiyah-love.php,,,99.4,,,,,,14.0,Jeremiyah Love,2026-09-04,ARI,jeremiyah love,25403,25403.0,00-0041027,13287.0,2005-05-31,2026.0,RB,21.267624914442163,14.0,,,,,,1.0462,,16.732936989186523,0.0,16.732936989186523,15.6,261.03381703130975,83.25203167923546,161.23689076876227,99.79692626254749
/nfl/rankings/ppr-cheatsheets.php,redraft-overall,ro,Emeka Egbuka,23062,WR,TB,40.74,8.3,14,68,,emeka-egbuka.php,,,98.1,,,,,,10.0,Emeka Egbuka,2026-09-04,TBB,emeka egbuka,23062,23062.0,00-0040129,12514.0,2002-10-14,2025.0,WR,23.89596167008898,21.0,00-0040129,13.23278502013126,10.2,17.0,9.966858685605185,1.0381049623545517,12.747058823529414,13.23278502013126,0.36124999999999996,13.23278502013126,9.884444444444444,130.7987283767641,50.42858449577959,161.78053356376364,-30.981805186999537
/nfl/rankings/ppr-cheatsheets.php,redraft-overall,ro,Kyren Williams,23059,RB,LAR,42.04,6.43,24,58,,kyren-williams.php,,,99.0,,,,,,11.0,Kyren Williams,2026-09-04,LAR,kyren williams,23059,23059.0,00-0037840,8150.0,2000-08-26,2022.0,RB,26.028747433264886,15.0,00-0037840,18.724490911082693,16.119999999999997,45.0,8.480314102244519,0.9951560574948666,18.815632754342435,16.732936989186523,0.5709166666666665,17.86994831576241,15.24,272.33801233221914,83.46866430572742,161.23689076876227,111.10112156345687
/nfl/rankings/ppr-cheatsheets.php,redraft-overall,ro,Javonte Williams,22739,RB,DAL,43.43,6.56,24,61,,javonte-williams.php,,,98.8,,,,,,14.0,Javonte Williams,2026-09-04,DAL,javonte williams,22739,22739.0,00-0036997,7588.0,2000-04-25,2021.0,RB,26.36550308008213,16.0,00-0036997,14.261297695412418,16.28,49.0,7.270992508442236,0.9876127310061602,14.44017199017199,15.39080517896783,0.5765833333333333,14.739549989074506,16.04,236.42238182475506,82.4318604729487,161.23689076876227,75.1854910559928
/nfl/rankings/ppr-cheatsheets.php,redraft-overall,ro,Joe Burrow,19196,QB,CIN,44.89,12.93,27,74,,joe-burrow.php,,,98.9,,,,,,6.0,Joe Burrow,2026-09-04,CIN,joe burrow,19196,19196.0,00-0036442,6770.0,1996-12-10,2020.0,QB,29.738535249828885,4.0,00-0036442,24.05920207016379,10.76,35.0,14.02641270765188,0.970404038329911,24.79297397769517,23.662061033971213,0.3810833333333333,23.813404863846934,13.32,317.1945527864412,95.91911476956064,308.62175610452914,8.572796681912052
/nfl/rankings/ppr-cheatsheets.php,redraft-overall,ro,Travis Etienne Jr.,19231,RB,NO,45.04,6.03,33,61,,travis-etienne.php,,,97.9,,,,,,8.0,Travis Etienne,2026-09-04,NOS,travis etienne,19231,19231.0,00-0036973,7543.0,1999-01-26,2021.0,RB,27.61122518822724,17.0,00-0036973,14.067030916996824,16.44,49.0,8.817686935424533,0.9346788843258043,15.050121654501217,15.39080517896783,0.58225,14.620037614935212,16.04,234.5054033435608,82.28785999810626,161.23689076876227,73.26851257479854
/nfl/rankings/ppr-cheatsheets.php,redraft-overall,ro,Luther Burden III,27016,WR,CHI,46.7,8.12,26,71,,luther-burden-iii.php,,,95.3,,,,,,10.0,Luther Burden,2026-09-04,CHI,luther burden,27016,27016.0,00-0040735,12519.0,2003-12-12,2025.0,WR,22.73511293634497,22.0,00-0040735,10.57008,8.999999999999998,15.0,9.12609810744256,1.0979999999999999,9.626666666666669,12.457921406881898,0.3187499999999999,11.856171958438292,10.2,120.93295397607056,48.96675704306418,161.78053356376364,-40.847579587693076
/nfl/rankings/ppr-cheatsheets.php,redraft-overall,ro,Terry McLaurin,18466,WR,WAS,47.68,6.1,28,68,,terry-mclaurin.php,,,96.4,,,,,,7.0,Terry McLaurin,2026-09-04,WAS,terry mclaurin,18466,18466.0,00-0035659,5927.0,1995-09-15,2019.0,WR,30.976043805612598,23.0,00-0035659,12.218267920174538,12.799999999999997,44.0,7.696891962173981,0.8366527720739219,14.603750000000003,12.457921406881898,0.4533333333333332,12.349278492907896,14.959999999999999,184.7452062539021,64.37904094250618,161.78053356376364,22.964672690138457
/nfl/rankings/ppr-cheatsheets.php,redraft-overall,ro,Davante Adams,12123,WR,LAR,50.83,7.61,35,74,,davante-adams.php,,,97.4,,,,,,11.0,Davante Adams,2026-09-04,LAR,davante adams,12123,12123.0,00-0031381,2133.0,1992-12-24,2014.0,WR,33.700205338809035,24.0,00-0031381,14.408725807799446,14.359999999999998,45.0,10.8728414785732,0.8173,17.629665738161563,12.457921406881898,0.5085833333333333,13.45006801178188,15.16,203.9030310586133,66.48649379991197,161.78053356376364,42.122497494849654
/nfl/rankings/ppr-cheatsheets.php,redraft-overall,ro,DJ Moore,17265,WR,BUF,52.35,11.91,19,107,,dj-moore-wr.php,,,96.3,,,,,,7.0,DJ Moore,2026-09-04,BUF,dj moore,17265,17265.0,00-0034827,4983.0,1997-04-14,2018.0,WR,29.39630390143737,25.0,00-0034827,11.224768678028749,17.0,51.0,10.943650321210981,0.8665098562628337,12.954,12.457921406881898,0.6020833333333333,11.715460701384899,16.36,191.66493707465693,68.20268155500112,161.78053356376364,29.884403510893293
/nfl/rankings/ppr-cheatsheets.php,redraft-overall,ro,D'Andre Swift,19210,RB,CHI,52.39,7.81,37,77,,dandre-swift.php,,,96.2,,,,,,10.0,DAndre Swift,2026-09-04,CHI,dandre swift,19210,19210.0,00-0036275,6790.0,1999-01-14,2020.0,RB,27.644079397672822,18.0,00-0036275,14.329006499318064,16.28,49.0,7.941483747741744,0.9325975701574267,15.364619164619164,15.39080517896783,0.5765833333333333,14.778589756926436,16.04,237.04857970110004,82.47909867824617,161.23689076876227,75.81168893233777
/nfl/rankings/ppr-cheatsheets.php,redraft-overall,ro,Jameson Williams,23677,WR,DET,52.92,9.35,35,88,,jameson-williams.php,,,95.8,,,,,,6.0,Jameson Williams,2026-09-04,DET,jameson williams,23677,23677.0,00-0037240,8148.0,2001-03-26,2022.0,WR,25.44832306639288,26.0,00-0037240,13.867764628406759,15.839999999999998,44.0,9.68447700565963,0.9675951745379876,14.332196969696973,12.457921406881898,0.5609999999999999,13.248843454157345,14.959999999999999,198.20269807419388,65.5768602943135,161.78053356376364,36.422164510430235
/nfl/rankings/ppr-cheatsheets.php,redraft-overall,ro,Tyler Warren,26434,TE,IND,53.36,10.12,22,73,,tyler-warren.php,,,99.4,,,,,,13.0,Tyler Warren,2026-09-04,IND,tyler warren,26434,26434.0,00-0040128,12518.0,2002-05-24,2025.0,TE,24.28747433264887,4.0,00-0040128,11.586302233059547,10.2,17.0,5.101072191216274,0.9860682751540042,11.749999999999998,12.74114491873743,0.36124999999999996,12.323957998536295,9.66777777777778,119.14528727251592,41.08571422872764,141.4555441643843,-22.310256891868377
/nfl/rankings/ppr-cheatsheets.php,redraft-overall,ro,Christian Watson,23886,WR,GB,55.73,9.5,38,88,,christian-watson.php,,,92.7,,,,,,11.0,Christian Watson,2026-09-04,GBP,christian watson,23886,23886.0,00-0038124,8167.0,1999-05-12,2022.0,WR,27.32101300479124,27.0,00-0038124,11.746063280754152,11.0,33.0,8.228182526499637,0.9621468172484599,12.208181818181817,12.2893570333329,0.3895833333333333,12.077698842224095,12.76,154.11143722677946,57.02062484808982,161.78053356376364,-7.6690963369841825
/nfl/rankings/ppr-cheatsheets.php,redraft-overall,ro,Bucky Irving,25981,RB,TB,56.3,8.44,41,89,,bucky-irving.php,,,97.1,,,,,2.0,10.0,Bucky Irving,2026-09-04,TBB,bucky irving,25981,25981.0,00-0039361,11584.0,2002-08-19,2024.0,RB,24.04928131416838,19.0,00-0039361,16.478469099333605,10.76,27.0,8.405346961896193,1.0315100616016426,15.975092936802977,15.39080517896783,0.3810833333333333,15.80529577128722,11.64,183.97364277778325,67.03485134663013,161.23689076876227,22.73675200902099
/nfl/rankings/ppr-cheatsheets.php,redraft-overall,ro,Jayden Daniels,22902,QB,WAS,56.6,16.35,27,101,,jayden-daniels.php,,,98.6,,,,,,7.0,Jayden Daniels,2026-09-04,WAS,jayden daniels,22902,22902.0,00-0039910,11566.0,2000-12-18,2024.0,QB,25.71663244353183,5.0,00-0039910,22.065489092879137,8.96,24.0,11.892460519595804,1.025188501026694,21.52334821428571,22.517772550958576,0.31733333333333336,22.374247933594702,11.120000000000001,248.8016370215731,84.40763425908357,308.62175610452914,-59.82011908295604
/nfl/rankings/ppr-cheatsheets.php,redraft-overall,ro,Cam Skattebo,27166,RB,NYG,57.0,8.64,39,80,,cam-skattebo.php,,,98.7,,,,,,8.0,Cam Skattebo,2026-09-04,NYG,cam skattebo,27166,27166.0,00-0040715,12481.0,2002-02-05,2025.0,RB,24.583162217659137,20.0,00-0040715,17.818221683778233,4.8,8.0,9.353532564147699,1.0240357289527722,17.4,15.39080517896783,0.16999999999999998,15.8034659847856,12.151111111111112,192.02967112179482,68.88411043428538,161.23689076876227,30.792780353032555
/nfl/rankings/ppr-cheatsheets.php,redraft-overall,ro,Jalen Hurts,19275,QB,PHI,57.19,12.64,30,81,,jalen-hurts.php,,,98.7,,,,,,10.0,Jalen Hurts,2026-09-04,PHI,jalen hurts,19275,19275.0,00-0036389,6904.0,1998-08-07,2020.0,QB,28.082135523613964,6.0,00-0036389,22.970056009038014,15.84,48.0,10.938521615915194,1.0041288501026693,22.87560606060606,22.517772550958576,0.561,22.771503570941142,15.92,362.522336849383,105.69812341852699,308.62175610452914,53.90058074485387
/nfl/rankings/ppr-cheatsheets.php,redraft-overall,ro,Parker Washington,23106,WR,JAC,58.52,14.49,36,109,,parker-washington.php,,,91.7,,,,,,7.0,Parker Washington,2026-09-04,JAC,parker washington,23106,23106.0,00-0038606,9487.0,2002-03-21,2023.0,WR,24.46269678302533,28.0,00-0038606,11.716935257008416,13.08,33.0,7.945256887450259,1.0002187200547568,11.714373088685017,12.2893570333329,0.46325,12.024182645450583,12.76,153.42857055594945,56.94411587414636,161.78053356376364,-8.351963007814192
/nfl/rankings/ppr-cheatsheets.php,redraft-overall,ro,Rome Odunze,25411,WR,CHI,58.87,9.6,40,91,,rome-odunze.php,,,95.7,,,,,,10.0,Rome Odunze,2026-09-04,CHI,rome odunze,25411,25411.0,00-0039919,11620.0,2002-06-03,2024.0,WR,24.26009582477755,29.0,00-0039919,12.036481261649028,11.959999999999999,29.0,8.793722570689065,1.0137625941136206,11.873076923076924,12.2893570333329,0.4235833333333333,12.182243071043807,11.96,145.69962712968393,54.71156284768226,161.78053356376364,-16.080906434079708
/nfl/rankings/ppr-cheatsheets.php,redraft-overall,ro,Mike Evans,12119,WR,SF,59.7,12.13,36,109,,mike-evans.php,,,93.2,,,,,-3.0,8.0,Mike Evans,2026-09-04,SFO,mike evans,12119,12119.0,00-0031408,2216.0,1993-08-21,2014.0,WR,33.04312114989733,30.0,00-0031408,12.69184866171004,10.759999999999998,39.0,10.289121713782263,0.8173,15.528996282527885,12.2893570333329,0.3810833333333333,12.442739884713623,13.96,173.70064879060217,61.30223011693154,161.78053356376364,11.920115226838533
/nfl/rankings/ppr-cheatsheets.php,redraft-overall,ro,David Montgomery,18239,RB,HOU,60.31,8.63,41,78,,david-montgomery.php,,,95.8,,,,,,8.0,David Montgomery,2026-09-04,HOU,david montgomery,18239,18239.0,00-0035685,5892.0,1997-06-07,2019.0,RB,29.24845995893224,21.0,00-0035685,11.15943385371906,15.799999999999999,45.0,8.154826903017735,0.8421200547570157,13.251594936708864,12.998395855430958,0.5595833333333333,11.969343368639676,15.24,182.41279293806866,76.00516814909663,161.23689076876227,21.175902169306397
/nfl/rankings/ppr-cheatsheets.php,redraft-overall,ro,Quinshon Judkins,25391,RB,CLE,60.62,8.49,43,84,,quinshon-judkins.php,,,96.6,,,,,,11.0,Quinshon Judkins,2026-09-04,CLE,quinshon judkins,25391,25391.0,00-0040784,12512.0,2003-10-29,2025.0,RB,22.855578370978783,22.0,00-0040784,14.837357857142857,8.399999999999999,14.0,8.121093312689283,1.0462,14.182142857142857,12.998395855430958,0.29749999999999993,13.545487050940249,10.497777777777777,142.19751295253718,59.34484724077487,161.23689076876227,-19.039377816225084
/nfl/rankings/ppr-cheatsheets.php,redraft-overall,ro,Caleb Williams,23084,QB,CHI,65.14,11.8,31,98,,caleb-williams.php,,,95.8,,,,,,10.0,Caleb Williams,2026-09-04,CHI,caleb williams,23084,23084.0,00-0039918,11560.0,2001-11-18,2024.0,QB,24.79945242984257,7.0,00-0039918,19.849698957595344,14.96,34.0,11.675442962049505,1.02512022587269,19.36328877005348,21.244003579593045,0.5298333333333334,20.50525451403793,13.120000000000001,269.02893922417763,89.71851608087262,308.62175610452914,-39.592816880351506
/nfl/rankings/ppr-cheatsheets.php,redraft-overall,ro,Bhayshul Tuten,27297,RB,JAC,65.97,9.9,43,89,,bhayshul-tuten.php,,,94.7,,,,,,7.0,Bhayshul Tuten,2026-09-04,JAC,bhayshul tuten,27297,27297.0,00-0040719,12490.0,2003-02-14,2025.0,RB,23.55920602327173,23.0,00-0040719,6.583272873374402,8.999999999999998,15.0,5.228022024218555,1.0383711156741957,6.340000000000002,11.667134240689027,0.3187499999999999,10.046653429857491,10.3,103.48053032753216,53.65305659647129,161.23689076876227,-57.7563604412301
/nfl/rankings/ppr-cheatsheets.php,redraft-overall,ro,Jadarian Price,27329,RB,SEA,67.49,10.42,43,99,,jadarian-price.php,,,94.2,,,,,,11.0,Jadarian Price,2026-09-04,SEA,jadarian price,27329,27329.0,00-0041512,13286.0,2003-10-09,2026.0,RB,22.910335386721425,24.0,,,,,,1.0462,,11.667134240689027,0.0,11.667134240689027,15.6,182.00729415474882,77.19031846415808,161.23689076876227,20.770403385986555
/nfl/rankings/ppr-cheatsheets.php,redraft-overall,ro,Carnell Tate,26009,WR,TEN,68.19,16.74,45,136,,carnell-tate.php,,,93.4,,,,,,9.0,Carnell Tate,2026-09-04,TEN,carnell tate,26009,26009.0,00-0041438,13279.0,2005-01-19,2026.0,WR,21.6290212183436,31.0,,,,,,1.0979999999999999,,12.2893570333329,0.0,12.2893570333329,15.4,189.25609831332667,65.73077397185314,161.78053356376364,27.475564749563034
/nfl/rankings/ppr-cheatsheets.php,redraft-overall,ro,Marvin Harrison Jr.,23064,WR,ARI,69.24,13.21,40,110,,marvin-harrison-jr.php,,,92.8,,,,,,14.0,Marvin Harrison,2026-09-04,ARI,marvin harrison,23064,23064.0,00-0039849,11628.0,2002-08-11,2024.0,WR,24.07118412046544,32.0,00-0039849,12.202557262086259,11.959999999999999,29.0,8.618505622354817,1.0263913415468853,11.888795986622076,12.2893570333329,0.4235833333333333,12.252590096895677,11.96,146.5409775588723,54.817652210196044,161.78053356376364,-15.239556004891341
/nfl/rankings/ppr-cheatsheets.php,redraft-overall,ro,TreVeyon Henderson,23065,RB,NE,70.95,9.66,50,93,,treveyon-henderson.php,,,94.4,,,,,,11.0,TreVeyon Henderson,2026-09-04,NEP,treveyon henderson,23065,23065.0,00-0040734,12529.0,2002-10-22,2025.0,RB,23.874058863791923,25.0,00-0040734,14.305184645488584,10.2,17.0,11.832565823632178,1.033963175906913,13.835294117647058,11.667134240689027,0.36124999999999996,12.620129949422868,9.97111111111111,125.83671796235645,55.990671987341734,161.23689076876227,-35.40017280640582
/nfl/rankings/ppr-cheatsheets.php,redraft-overall,ro,Justin Herbert,18635,QB,LAC,71.81,13.51,37,104,,justin-herbert.php,,,94.4,,,,,,7.0,Justin Herbert,2026-09-04,LAC,justin herbert,18635,18635.0,00-0036355,6797.0,1998-03-10,2020.0,QB,28.49281314168378,8.0,00-0036355,21.177295095459332,15.919999999999998,46.0,11.043761071258007,0.9985231006160163,21.208618090452266,21.244003579593045,0.5638333333333332,21.20639111262232,15.52,329.1231900678984,101.61877839447484,308.62175610452914,20.501433963369266
/nfl/rankings/ppr-cheatsheets.php,redraft-overall,ro,Rhamondre Stevenson,22726,RB,NE,74.02,9.46,56,118,,rhamondre-stevenson.php,,,92.0,,,,,,11.0,Rhamondre Stevenson,2026-09-04,NEP,rhamondre stevenson,22726,22726.0,00-0036875,7611.0,1998-02-23,2021.0,RB,28.53388090349076,26.0,00-0036875,11.952407772834437,14.04,41.0,9.339610603205692,0.8762286447638603,13.640740740740743,11.667134240689027,0.49724999999999997,11.808986504548333,14.44,170.52176512567792,72.5220616151301,161.23689076876227,9.284874356915651
/nfl/rankings/ppr-cheatsheets.php,redraft-overall,ro,Chris Godwin Jr.,16406,WR,TB,74.37,15.04,45,123,,chris-godwin.php,,,84.0,,,,,,10.0,Chris Godwin,2026-09-04,TBB,chris godwin,16406,16406.0,00-0033921,4037.0,1996-02-27,2017.0,WR,30.5242984257358,33.0,00-0033921,11.355947082485036,9.4,33.0,8.81050589946715,0.8451907597535934,13.435957446808512,12.2893570333329,0.33291666666666664,11.97860930386313,12.76,152.84705471729356,56.879149550754285,161.78053356376364,-8.93347884647008
/nfl/rankings/ppr-cheatsheets.php,redraft-overall,ro,Jaylen Warren,24209,RB,PIT,74.43,8.34,56,99,,jaylen-warren.php,,,92.3,,,,,,9.0,Jaylen Warren,2026-09-04,PIT,jaylen warren,24209,24209.0,00-0037228,8228.0,1998-11-01,2022.0,RB,27.8466803559206,27.0,00-0037228,12.145978746102367,15.84,48.0,6.690190765760682,0.91976279945243,13.205555555555556,11.667134240689027,0.561,11.935766008225912,15.84,189.06253357029843,78.46922806408318,161.23689076876227,27.825642801536162
/nfl/rankings/ppr-cheatsheets.php,redraft-overall,ro,Harold Fannin Jr.,27050,TE,CLE,76.23,12.06,57,111,,harold-fannin-jr.php,,,96.6,,,,,,11.0,Harold Fannin,2026-09-04,CLE,harold fannin,27050,27050.0,00-0040663,12506.0,2004-07-20,2025.0,TE,22.130047912388772,5.0,00-0040663,13.84063125,9.6,16.0,6.480737483753939,1.119,12.36875,12.74114491873743,0.33999999999999997,13.114970271366705,9.797777777777778,128.4975642810129,42.91816639759501,141.4555441643843,-12.957979883371394
/nfl/rankings/ppr-cheatsheets.php,redraft-overall,ro,Trevor Lawrence,19780,QB,JAC,76.37,13.23,37,114,,trevor-lawrence.php,,,91.6,,,,,,7.0,Trevor Lawrence,2026-09-04,JAC,trevor lawrence,19780,19780.0,00-0036971,7523.0,1999-10-06,2021.0,QB,26.91854893908282,9.0,00-0036971,20.821985348828246,14.92,43.0,10.949527581752827,1.019299110198494,20.427747989276142,21.244003579593045,0.5284166666666666,21.021002112819744,14.92,313.63335152327056,98.59497706086088,308.62175610452914,5.011595418741422
/nfl/rankings/ppr-cheatsheets.php,redraft-overall,ro,Dak Prescott,15600,QB,DAL,77.92,12.49,37,108,,dak-prescott.php,,,95.0,,,,,,14.0,Dak Prescott,2026-09-04,DAL,dak prescott,15600,15600.0,00-0033077,3294.0,1993-07-29,2016.0,QB,33.106091718001366,10.0,00-0033077,20.702206367403313,14.48,42.0,12.99644699280159,0.9055,22.862734806629835,21.244003579593045,0.5128333333333334,20.966151909275077,14.72,308.62175610452914,97.60163520642327,308.62175610452914,0.0
/nfl/rankings/ppr-cheatsheets.php,redraft-overall,ro,Tucker Kraft,25298,TE,GB,78.75,14.69,32,131,,tucker-kraft.php,,,95.3,,,,,,11.0,Tucker Kraft,2026-09-04,GBP,tucker kraft,25298,25298.0,00-0038996,9484.0,2000-11-03,2023.0,TE,25.83983572895277,6.0,00-0038996,12.180365774772339,10.76,35.0,8.031319993645884,0.9586489733059548,12.705762081784393,12.74114491873743,0.3810833333333333,12.5274413332914,12.96,162.35563967945654,47.42701522072869,141.4555441643843,20.900095515072252
/nfl/rankings/ppr-cheatsheets.php,redraft-overall,ro,Kyle Pitts Sr.,20164,TE,ATL,78.83,11.39,60,110,,kyle-pitts.php,,,97.3,,,,,,11.0,Kyle Pitts,2026-09-04,ATL,kyle pitts,20164,20164.0,00-0036970,7553.0,2000-10-06,2021.0,TE,25.916495550992472,7.0,00-0036970,10.887244111692231,17.0,51.0,8.242185247072454,0.9628614305270363,11.307176470588233,12.74114491873743,0.6020833333333333,11.6249421411623,16.16,187.85906500118278,52.548104996366035,141.4555441643843,46.40352083679849
/nfl/rankings/ppr-cheatsheets.php,redraft-overall,ro,DK Metcalf,18219,WR,PIT,79.37,12.98,49,115,,dk-metcalf.php,,,92.3,,,,,,9.0,DK Metcalf,2026-09-04,PIT,dk metcalf,18219,18219.0,00-0035640,5846.0,1997-12-14,2019.0,WR,28.72826830937714,34.0,00-0035640,12.55991552684615,15.119999999999997,46.0,8.26961969520858,0.8882659137577003,14.139814814814818,12.2893570333329,0.5354999999999999,12.434241106609246,15.36,190.989943397518,65.78473159225997,161.78053356376364,29.209409833754364
/nfl/rankings/ppr-cheatsheets.php,redraft-overall,ro,Brian Thomas Jr.,23000,WR,JAC,81.16,14.46,51,126,,brian-thomas-jr.php,,,89.6,,,,,,7.0,Brian Thomas,2026-09-04,JAC,brian thomas,23000,23000.0,00-0039893,11631.0,2002-10-08,2024.0,WR,23.91238877481177,35.0,00-0039893,14.005107934124114,13.159999999999998,31.0,8.870320817075868,1.0370068104038332,13.505319148936174,12.2893570333329,0.46608333333333324,13.089039932343338,12.36,161.78053356376364,57.30280464662471,161.78053356376364,0.0
/nfl/rankings/ppr-cheatsheets.php,redraft-overall,ro,Michael Pittman Jr.,19278,WR,PIT,81.63,13.08,52,116,,michael-pittman.php,,,84.3,,,,,,9.0,Michael Pittman,2026-09-04,PIT,michael pittman,19278,19278.0,00-0036252,6819.0,1997-10-05,2020.0,WR,28.919917864476385,36.0,00-0036252,11.319207121174637,16.6,49.0,7.8149493439368705,0.8782043121149897,12.889036144578313,12.143425179410317,0.5879166666666668,11.658853646005923,15.959999999999999,186.0753041902545,66.80415629743064,161.78053356376364,24.294770626490873
/nfl/rankings/ppr-cheatsheets.php,redraft-overall,ro,Tony Pollard,18705,RB,TEN,84.99,10.61,65,120,,tony-pollard.php,,,89.7,,,,,,9.0,Tony Pollard,2026-09-04,TEN,tony pollard,18705,18705.0,00-0035261,5967.0,1997-04-30,2019.0,RB,29.352498288843258,28.0,00-0035261,11.42102237705598,16.720000000000002,50.0,7.134312103046339,0.8402022815423227,13.593181818181817,11.667134240689027,0.5921666666666667,11.521394998774323,16.240000000000002,187.10745478009503,79.73310010762285,161.23689076876227,25.87056401133276
/nfl/rankings/ppr-cheatsheets.php,redraft-overall,ro,Wan'Dale Robinson,22985,WR,TEN,85.64,12.2,49,128,,wandale-robinson.php,,,75.2,,,,,,9.0,WanDale Robinson,2026-09-04,TEN,wandale robinson,22985,22985.0,00-0038117,8126.0,2001-01-05,2022.0,WR,25.66735112936345,37.0,00-0038117,12.80238278927867,16.16,48.0,7.292067668811421,0.9692050308008213,13.209158415841584,12.143425179410317,0.5723333333333334,12.520568584791638,15.76,197.32416089631622,67.19658965900386,161.78053356376364,35.543627332552575
/nfl/rankings/ppr-cheatsheets.php,redraft-overall,ro,Sam LaPorta,22978,TE,DET,86.19,13.68,55,131,,sam-laporta.php,,,97.4,,,,,,6.0,Sam LaPorta,2026-09-04,DET,sam laporta,22978,22978.0,00-0039065,10859.0,2001-01-12,2023.0,TE,25.648186173853524,8.0,00-0039065,12.093592901260516,11.919999999999998,42.0,7.2765800954967075,0.9481178302532511,12.755369127516781,12.74114491873743,0.4221666666666666,12.467770042025926,14.360000000000001,179.0371778034923,50.09857088729052,141.4555441643843,37.58163363910802
/nfl/rankings/ppr-cheatsheets.php,redraft-overall,ro,Courtland Sutton,17253,WR,DEN,86.25,15.44,55,121,,courtland-sutton.php,,,90.7,,,,,,10.0,Courtland Sutton,2026-09-04,DEN,courtland sutton,17253,17253.0,00-0034348,5045.0,1995-10-10,2018.0,WR,30.90759753593429,38.0,00-0034348,12.30868562777764,16.6,49.0,7.728589797311153,0.837946406570842,14.689108433734939,12.143425179410317,0.5879166666666668,12.240584551346274,15.959999999999999,195.35972943948653,67.50392478450806,161.78053356376364,33.57919587572289
/nfl/rankings/ppr-cheatsheets.php,redraft-overall,ro,Rico Dowdle,19647,RB,PIT,87.26,12.33,66,120,,rico-dowdle.php,,,90.2,,,,,,9.0,Rico Dowdle,2026-09-04,PIT,rico dowdle,19647,19647.0,00-0036139,7021.0,1998-06-14,2020.0,RB,28.229979466119097,29.0,00-0036139,12.308221773409858,16.6,49.0,9.771375704744205,0.8954808008213552,13.744819277108432,11.667134240689027,0.5879166666666668,12.044040285967817,16.04,193.1864061869238,79.41643741274035,161.23689076876227,31.949515418161525
/nfl/rankings/ppr-cheatsheets.php,redraft-overall,ro,Josh Downs,24706,WR,IND,88.0,14.86,52,133,,josh-downs.php,,,79.6,,,,,,13.0,Josh Downs,2026-09-04,IND,josh downs,24706,24706.0,00-0038997,9500.0,2001-08-12,2023.0,WR,25.06776180698152,39.0,00-0038997,10.133603778286876,15.559999999999997,47.0,6.815670711862769,0.9647980492813141,10.503341902313629,11.75429387418031,0.5510833333333333,10.861158573835038,15.559999999999999,168.99962740887318,64.54412537687759,161.78053356376364,7.2190938451095406
/nfl/rankings/ppr-cheatsheets.php,redraft-overall,ro,Michael Wilson,25333,WR,ARI,88.1,15.54,55,131,,michael-wilson.php,,,88.1,,,,,,14.0,Michael Wilson,2026-09-04,ARI,michael wilson,25333,25333.0,00-0038559,10232.0,2000-02-23,2023.0,WR,26.535249828884325,40.0,00-0038559,11.895037248573756,16.24,46.0,9.126841088836244,0.9755840862422998,12.192733990147785,11.75429387418031,0.5751666666666666,11.835244771685606,15.36,181.7893596930909,65.03351858054899,161.78053356376364,20.008826129327247
/nfl/rankings/ppr-cheatsheets.php,redraft-overall,ro,Jonathon Brooks,26148,RB,CAR,88.71,21.45,56,182,,jonathon-brooks.php,,,85.9,,,,,,5.0,Jonathon Brooks,2026-09-04,CAR,jonathon brooks,26148,26148.0,00-0039344,11583.0,2003-07-21,2024.0,RB,23.129363449691997,30.0,00-0039344,2.7850370978781656,0.8400000000000001,3.0,,1.0443889117043121,2.6666666666666665,11.667134240689027,0.029750000000000002,11.402891850690402,14.139999999999999,161.23689076876227,70.83943069149935,161.23689076876227,0.0
/nfl/rankings/ppr-cheatsheets.php,redraft-overall,ro,Quentin Johnston,23123,WR,LAC,93.76,15.8,68,149,,quentin-johnston.php,,,79.2,,,,,,7.0,Quentin Johnston,2026-09-04,LAC,quentin johnston,23123,23123.0,00-0038544,9754.0,2001-09-06,2023.0,WR,24.999315537303215,42.0,00-0038544,12.098692848627472,14.039999999999997,45.0,8.429091189613995,0.9643457563312801,12.5460113960114,11.75429387418031,0.49724999999999986,11.92554626422416,15.16,180.79128136563827,64.48983399926703,161.78053356376364,19.01074780187463
/nfl/rankings/ppr-cheatsheets.php,redraft-overall,ro,RJ Harvey,27142,RB,DEN,94.71,16.6,61,143,,rj-harvey.php,,,84.1,,,,,,10.0,RJ Harvey,2026-09-04,DEN,rj harvey,27142,27142.0,00-0040730,12489.0,2001-02-04,2025.0,RB,25.58521560574949,31.0,00-0040730,12.95385149655755,10.2,17.0,8.245292774739807,1.0050911704312113,12.888235294117646,11.667134240689027,0.36124999999999996,12.13196084937153,9.97111111111111,120.96912962473345,55.25642838421745,161.23689076876227,-40.26776114402881
/nfl/rankings/ppr-cheatsheets.php,redraft-overall,ro,Brock Purdy,19797,QB,SF,96.42,10.36,63,119,,brock-purdy.php,,,86.2,,,,,,8.0,Brock Purdy,2026-09-04,SFO,brock purdy,19797,19797.0,00-0037834,8183.0,1999-12-27,2022.0,QB,26.694045174537987,11.0,00-0037834,23.668832128678993,11.52,40.0,12.848222263041405,1.020399178644764,23.195659722222228,21.244003579593045,0.408,22.233333627620112,14.32,318.38133754752,97.69722820823603,308.62175610452914,9.75958144299085
/nfl/rankings/ppr-cheatsheets.php,redraft-overall,ro,Stefon Diggs,13981,WR,WAS,93.69,28.49,55,224,,stefon-diggs.php,,,84.5,,,,,5.0,7.0,Stefon Diggs,2026-09-04,WAS,stefon diggs,13981,13981.0,00-0031588,2449.0,1993-11-29,2015.0,WR,32.76933607118412,41.0,00-0031588,12.203575908839781,14.48,42.0,8.861472353758305,0.8173,14.93157458563536,11.75429387418031,0.5128333333333334,11.984700677621507,14.56,174.49724186616916,62.613139017985254,161.78053356376364,12.716708302405522
/nfl/rankings/ppr-cheatsheets.php,redraft-overall,ro,George Kittle,16499,TE,SF,97.7,12.8,66,144,,george-kittle.php,,,94.3,,,,,,8.0,George Kittle,2026-09-04,SFO,george kittle,16499,16499.0,00-0033288,4217.0,1993-10-09,2017.0,TE,32.90896646132786,9.0,00-0033288,16.03910316037736,12.719999999999999,42.0,8.899397482508807,0.9951,16.11808176100629,12.74114491873743,0.4504999999999999,14.226875106596218,14.360000000000001,204.2979265307217,53.172431943434056,141.4555441643843,62.842382366337404
/nfl/rankings/ppr-cheatsheets.php,redraft-overall,ro,Travis Kelce,11594,TE,KC,98.18,15.03,57,138,,travis-kelce.php,,,92.8,,,,,,5.0,Travis Kelce,2026-09-04,KCC,travis kelce,11594,11594.0,00-0030506,1466.0,1989-10-05,2013.0,TE,36.91991786447639,10.0,00-0030506,12.720131432038833,16.48,48.0,8.106019291789606,0.9951,12.782766990291261,12.720131432038833,0.5836666666666667,12.720131432038833,15.56,197.92524508252424,52.979984666124565,141.4555441643843,56.46970091813995
/nfl/rankings/ppr-cheatsheets.php,redraft-overall,ro,Kenny Gainwell,23310,RB,TB,98.34,14.32,67,143,,kenneth-gainwell.php,,,82.4,,,,,,10.0,Kenny Gainwell,2026-09-04,TBB,kenny gainwell,23310,23310.0,00-0036919,7567.0,1999-03-14,2021.0,RB,27.482546201232037,32.0,00-0036919,9.858033310568763,16.6,49.0,7.579096521461688,0.9428306981519505,10.45578313253012,11.662660188653035,0.5879166666666668,10.601689969912655,16.04,170.05110711739897,78.01389707144921,161.23689076876227,8.814216348636705
/nfl/rankings/ppr-cheatsheets.php,redraft-overall,ro,Jaxson Dart,23160,QB,NYG,98.35,13.68,59,126,,jaxson-dart.php,,,93.3,,,,,,8.0,Jaxson Dart,2026-09-04,NYG,jaxson dart,23160,23160.0,00-0040691,12508.0,2003-05-13,2025.0,QB,23.318275154004105,12.0,00-0040691,18.967809581255505,8.399999999999999,14.0,11.586542212392809,0.9986812114989733,18.992857142857147,20.70973817083879,0.29749999999999993,20.191514415437762,10.604444444444447,214.11979286770892,78.47148691990986,308.62175610452914,-94.50196323682022
/nfl/rankings/ppr-cheatsheets.php,redraft-overall,ro,Bo Nix,22910,QB,DEN,98.53,9.53,70,120,,bo-nix.php,,,89.7,,,,,,10.0,Bo Nix,2026-09-04,DEN,bo nix,22910,22910.0,00-0039732,11563.0,2000-02-25,2024.0,QB,26.529774127310063,13.0,00-0039732,21.616051228497074,14.96,34.0,11.798057938618316,1.0212041067761808,21.167219251336896,20.70973817083879,0.5298333333333334,21.1899330392214,13.120000000000001,278.0119214745848,90.78763821422608,308.62175610452914,-30.609834629944316
/nfl/rankings/ppr-cheatsheets.php,redraft-overall,ro,Chuba Hubbard,19792,RB,CAR,99.84,17.33,67,145,,chuba-hubbard.php,,,88.2,,,,,,5.0,Chuba Hubbard,2026-09-04,CAR,chuba hubbard,19792,19792.0,00-0036555,7594.0,1999-06-11,2021.0,RB,27.23887748117728,33.0,00-0036555,11.647472651740532,15.239999999999997,47.0,9.03911110686334,0.9582671115674193,12.154724409448825,11.662660188653035,0.53975,11.654462715604513,15.639999999999999,182.27579687205457,77.34479550713448,161.23689076876227,21.038906103292305
/nfl/rankings/ppr-cheatsheets.php,redraft-overall,ro,Alec Pierce,23791,WR,IND,100.28,19.94,52,142,,alec-pierce.php,,,85.9,,,,,,13.0,Alec Pierce,2026-09-04,IND,alec pierce,23791,23791.0,00-0037664,8142.0,2000-05-02,2022.0,WR,26.34633812457221,43.0,00-0037664,11.770065346892926,15.52,48.0,9.080660454059213,0.9741955852156057,12.081829896907216,11.75429387418031,0.5496666666666666,11.762962927014676,15.76,185.3842957297513,66.26473902128411,161.78053356376364,23.60376216598766
/nfl/rankings/ppr-cheatsheets.php,redraft-overall,ro,J.K. Dobbins,19245,RB,DEN,102.38,15.47,72,132,,jk-dobbins.php,,,86.7,,,,,,10.0,JK Dobbins,2026-09-04,DEN,jk dobbins,19245,19245.0,00-0036158,6806.0,1998-12-17,2020.0,RB,27.720739219712527,34.0,00-0036158,13.482474603649809,9.760000000000002,24.0,6.2036100844355255,0.9277411704312114,14.532581967213112,11.662660188653035,0.34566666666666673,12.29170937143692,11.04,135.70047146066358,59.536509725359636,161.23689076876227,-25.536419308098687
/nfl/rankings/ppr-cheatsheets.php,redraft-overall,ro,Patrick Mahomes II,16413,QB,KC,103.11,10.61,70,142,,patrick-mahomes.php,,,87.7,,,,,,5.0,Patrick Mahomes,2026-09-04,KCC,patrick mahomes,16413,16413.0,00-0033873,4046.0,1995-09-17,2017.0,QB,30.97056810403833,14.0,00-0033873,20.75531346149806,14.799999999999997,46.0,10.568662893777947,0.9350446954141,22.197135135135145,20.70973817083879,0.5241666666666666,20.733627219026022,15.52,321.7858944392839,100.95712303827277,308.62175610452914,13.164138334754739
/nfl/rankings/ppr-cheatsheets.php,redraft-overall,ro,Jayden Reed,23020,WR,GB,103.17,16.45,64,140,,jayden-reed.php,,,81.1,,,,,,11.0,Jayden Reed,2026-09-04,GBP,jayden reed,23020,23020.0,00-0039146,10222.0,2000-04-28,2023.0,WR,26.357289527720734,44.0,00-0039146,12.042978289302868,9.68,38.0,8.428606226184373,0.9742760780287474,12.360950413223142,11.75429387418031,0.3428333333333333,11.85326451449816,13.76,163.1009197194947,59.8666374659415,161.78053356376364,1.3203861557310574
/nfl/rankings/ppr-cheatsheets.php,redraft-overall,ro,Jared Goff,15501,QB,DET,105.55,10.76,63,132,,jared-goff.php,,,76.4,,,,,,6.0,Jared Goff,2026-09-04,DET,jared goff,15501,15501.0,00-0033106,3163.0,1994-10-14,2016.0,QB,31.89596167008898,15.0,00-0033106,21.499778412104522,17.0,51.0,12.784142340123918,0.9084859000684463,23.66550588235294,20.70973817083879,0.6020833333333333,21.185408232767532,16.52,349.9829440053196,106.25240274292972,308.62175610452914,41.36118790079047
/nfl/rankings/ppr-cheatsheets.php,redraft-overall,ro,Matthew Stafford,9451,QB,LAR,105.93,10.19,74,129,,matthew-stafford.php,,,92.9,,,,,,11.0,Matthew Stafford,2026-09-04,LAR,matthew stafford,9451,9451.0,00-0026498,421.0,1988-02-07,2009.0,QB,38.57905544147844,16.0,00-0026498,20.669619927184467,16.48,48.0,10.75161045993899,0.9055,22.826747572815535,20.669619927184467,0.5836666666666667,20.669619927184467,15.92,329.0603492407767,102.73679939746812,308.62175610452914,20.43859313624756
/nfl/rankings/ppr-cheatsheets.php,redraft-overall,ro,Jakobi Meyers,18598,WR,JAC,107.87,18.26,71,150,,jakobi-meyers.php,,,70.6,,,,,,7.0,Jakobi Meyers,2026-09-04,JAC,jakobi meyers,18598,18598.0,00-0034960,5947.0,1996-11-09,2019.0,WR,29.82340862422998,45.0,00-0034960,11.360340093452672,15.719999999999997,47.0,6.787479746827871,0.8584375770020534,13.23374045801527,11.75429387418031,0.55675,11.534960106760199,15.559999999999999,179.48397926118867,65.32959639376591,161.78053356376364,17.703445697425025
/nfl/rankings/ppr-cheatsheets.php,redraft-overall,ro,Jordan Addison,23107,WR,MIN,107.99,15.61,68,150,,jordan-addison.php,,,82.7,,,,,,6.0,Jordan Addison,2026-09-04,MIN,jordan addison,23107,23107.0,00-0038994,9756.0,2002-01-27,2023.0,WR,24.607802874743328,46.0,00-0038994,12.530057479466123,14.639999999999997,46.0,9.990888360979012,0.9905183778234085,12.650000000000006,11.75429387418031,0.5184999999999998,12.156527303521003,15.36,186.7242593820826,65.43290874589988,161.78053356376364,24.943725818318967
/nfl/rankings/ppr-cheatsheets.php,redraft-overall,ro,Makai Lemon,25420,WR,PHI,108.06,20.16,68,180,,makai-lemon.php,,,79.4,,,,,,10.0,Makai Lemon,2026-09-04,PHI,makai lemon,25420,25420.0,00-0040867,13294.0,2004-06-02,2026.0,WR,22.261464750171115,47.0,,,,,,1.0979999999999999,,11.606036151849787,0.0,11.606036151849787,15.4,178.73295673848673,64.88571392894109,161.78053356376364,16.952423174723094
/nfl/rankings/ppr-cheatsheets.php,redraft-overall,ro,KC Concepcion,27331,WR,CLE,108.19,18.14,71,150,,kevin-concepcion.php,,,72.4,,,,,,11.0,KC Concepcion,2026-09-04,CLE,kc concepcion,27331,27331.0,00-0041547,13298.0,2004-09-24,2026.0,WR,21.949349760438057,48.0,,,,,,1.0979999999999999,,11.457778429519266,0.0,11.457778429519266,15.4,176.4497878145967,64.70734738041816,161.78053356376364,14.669254250833063
/nfl/rankings/ppr-cheatsheets.php,redraft-overall,ro,MarShawn Lloyd,23118,RB,GB,106.21,47.96,58,284,,marshawn-lloyd.php,,,76.7,,,,,20.0,11.0,MarShawn Lloyd,2026-09-04,GBP,marshawn lloyd,23118,23118.0,00-0039811,11581.0,2001-01-05,2024.0,RB,25.66735112936345,35.0,00-0039811,2.8091037371663248,0.28,1.0,,1.003251334702259,2.8,10.709972780360156,0.009916666666666667,10.631622495681816,15.091111111111111,160.44299637372268,74.01968273792467,161.23689076876227,-0.7938943950395867
/nfl/rankings/ppr-cheatsheets.php,redraft-overall,ro,Blake Corum,23013,RB,LAR,109.75,15.19,78,141,,blake-corum.php,,,83.4,,,,,,11.0,Blake Corum,2026-09-04,LAR,blake corum,23013,23013.0,00-0039738,11586.0,2000-11-25,2024.0,RB,25.779603011635867,36.0,00-0039738,6.60472174332455,14.12,31.0,6.33660554969876,1.0007368925393565,6.599858356940511,9.757285372067276,0.5000833333333332,8.180740844060185,12.440000000000001,101.76841610010872,60.46648794433062,161.23689076876227,-59.46847466865354
/nfl/rankings/ppr-cheatsheets.php,redraft-overall,ro,Dalton Kincaid,25247,TE,BUF,111.01,12.69,85,144,,dalton-kincaid.php,,,86.6,,,,,,7.0,Dalton Kincaid,2026-09-04,BUF,dalton kincaid,25247,25247.0,00-0038933,10236.0,1999-10-18,2023.0,TE,26.885694729637237,11.0,00-0038933,10.544224679573832,12.76,41.0,6.016165215686736,1.016118925393566,10.376959247648903,10.544224679573832,0.45191666666666663,10.544224679573832,14.16,149.30622146276545,46.586250978490824,141.4555441643843,7.850677298381157
/nfl/rankings/ppr-cheatsheets.php,redraft-overall,ro,Rachaad White,23891,RB,WAS,112.32,16.05,75,148,,rachaad-white.php,,,68.9,,,,,,7.0,Rachaad White,2026-09-04,WAS,rachaad white,23891,23891.0,00-0037256,8136.0,1999-01-12,2022.0,RB,27.64955509924709,37.0,00-0037256,10.722357233717364,16.44,49.0,7.807033529709836,0.9322506844626968,11.501581508515814,9.757285372067276,0.58225,10.31919846351304,16.04,165.51994335474916,77.75742226207439,161.23689076876227,4.283052585986894
/nfl/rankings/ppr-cheatsheets.php,redraft-overall,ro,Jordan Mason,22969,RB,MIN,113.61,18.14,75,148,,jordan-mason.php,,,77.1,,,,,,6.0,Jordan Mason,2026-09-04,MIN,jordan mason,22969,22969.0,00-0037525,8408.0,1999-05-24,2022.0,RB,27.28815879534565,38.0,00-0037525,8.923123731072463,14.04,37.0,7.925667003315712,0.9551451403148529,9.342165242165244,9.757285372067276,0.49724999999999997,9.342498496082605,13.64,127.43167948656674,66.6462305332365,161.23689076876227,-33.80521128219553
/nfl/rankings/ppr-cheatsheets.php,redraft-overall,ro,Kyler Murray,18600,QB,MIN,113.74,9.41,98,147,,kyler-murray.php,,,68.5,,,,,,6.0,Kyler Murray,2026-09-04,MIN,kyler murray,18600,18600.0,00-0035228,5849.0,1997-08-07,2019.0,QB,29.08145106091718,17.0,00-0035228,19.731246072597006,8.719999999999999,30.0,8.350490273995412,0.989262354551677,19.9454128440367,19.731246072597006,0.3088333333333333,19.731246072597006,12.32,243.0889516143951,84.98961585901571,308.62175610452914,-65.53280449013403
/nfl/rankings/ppr-cheatsheets.php,redraft-overall,ro,Jacory Croskey-Merritt,27316,RB,WAS,114.54,15.84,67,141,,jacory-croskeymerritt.php,,,78.8,,,,,,7.0,Jacory Croskey-Merritt,2026-09-04,WAS,jacory croskey-merritt,27316,27316.0,00-0040242,12533.0,2001-04-12,2025.0,RB,25.40177960301164,39.0,00-0040242,9.516163643757299,10.2,17.0,9.086426326249113,1.0092001368925394,9.429411764705883,9.757285372067276,0.36124999999999996,9.670180147715296,9.97111111111111,96.42244071733006,51.869543564995595,161.23689076876227,-64.8144500514322
/nfl/rankings/ppr-cheatsheets.php,redraft-overall,ro,Jordan Love,19246,QB,GB,116.43,8.9,98,145,,jordan-love.php,,,56.5,,,,,,11.0,Jordan Love,2026-09-04,GBP,jordan love,19246,19246.0,00-0036264,6804.0,1998-11-02,2020.0,QB,27.84394250513347,18.0,00-0036264,19.647060014247064,15.239999999999997,47.0,10.032737011075042,1.007380184804928,19.503123359580055,19.71015911063845,0.53975,19.6761013733612,15.719999999999999,309.308313589238,100.46122936298538,308.62175610452914,0.6865574847088851
/nfl/rankings/ppr-cheatsheets.php,redraft-overall,ro,Aaron Jones Sr.,16673,RB,MIN,117.76,16.04,86,152,,aaron-jones.php,,,75.6,,,,,,6.0,Aaron Jones,2026-09-04,MIN,aaron jones,16673,16673.0,00-0033293,4199.0,1994-12-02,2017.0,RB,31.761806981519506,40.0,00-0033293,10.405562528821653,13.28,40.0,7.223554664234188,0.7957906913073237,13.075753012048194,9.757285372067276,0.4703333333333333,10.062191728127418,14.24,143.28561020853445,69.87444262422068,161.23689076876227,-17.951280560227815
/nfl/rankings/ppr-cheatsheets.php,redraft-overall,ro,Baker Mayfield,17237,QB,TB,118.46,8.97,92,144,,baker-mayfield.php,,,60.6,,,,,,10.0,Baker Mayfield,2026-09-04,TBB,baker mayfield,17237,17237.0,00-0034855,4892.0,1995-04-14,2018.0,QB,31.397672826830934,19.0,00-0034855,19.773258207029837,17.0,51.0,11.203234410423715,0.9227867898699522,21.427764705882353,19.71015911063845,0.6020833333333333,19.748150024924097,16.52,326.2394384117461,104.36411328991738,308.62175610452914,17.617682307216967
/nfl/rankings/ppr-cheatsheets.php,redraft-overall,ro,Isaiah Likely,23781,TE,NYG,118.57,26.71,87,226,,isaiah-likely.php,,,85.2,,,,,2.0,8.0,Isaiah Likely,2026-09-04,NYG,isaiah likely,23781,23781.0,00-0037838,8131.0,2000-04-18,2022.0,TE,26.38466803559206,12.0,00-0037838,7.1639001590877385,12.359999999999998,39.0,6.873957288121623,0.9885875085557837,7.246601941747574,9.904230170838346,0.4377499999999999,8.704650708194519,13.760000000000002,119.77599374475659,43.03357646853557,141.4555441643843,-21.679550419627702
/nfl/rankings/ppr-cheatsheets.php,redraft-overall,ro,Dallas Goedert,17270,TE,PHI,119.37,17.06,85,158,,dallas-goedert.php,,,87.7,,,,,,10.0,Dallas Goedert,2026-09-04,PHI,dallas goedert,17270,17270.0,00-0034351,5022.0,1995-01-03,2018.0,TE,31.67419575633128,13.0,00-0034351,12.207170832746025,13.479999999999999,39.0,7.906941252659554,0.9838488934519736,12.407566765578636,9.904230170838346,0.47741666666666666,11.003692425177437,13.760000000000002,151.41080777044155,46.45628431330097,141.4555441643843,9.955263606057258
/nfl/rankings/ppr-cheatsheets.php,redraft-overall,ro,Jake Ferguson,22718,TE,DAL,119.93,19.24,81,181,,jake-ferguson.php,,,84.4,,,,,,14.0,Jake Ferguson,2026-09-04,DAL,jake ferguson,22718,22718.0,00-0038041,8110.0,1999-01-18,2022.0,TE,27.633127994524298,14.0,00-0038041,10.341619520681277,16.16,48.0,6.276238187014722,0.9809617727583848,10.542326732673265,9.904230170838346,0.5723333333333334,10.15456267539845,15.56,158.0049952291999,49.09335347793329,141.4555441643843,16.5494510648156
/nfl/rankings/ppr-cheatsheets.php,redraft-overall,ro,Kyle Monangai,27131,RB,CHI,120.02,14.09,86,162,,kyle-monangai.php,,,80.9,,,,,,10.0,Kyle Monangai,2026-09-04,CHI,kyle monangai,27131,27131.0,00-0040236,12534.0,2002-06-06,2025.0,RB,24.251882272416157,41.0,00-0040236,10.192945649233,10.2,17.0,8.164772564463249,1.0286736481861738,9.908823529411766,9.757285372067276,0.36124999999999996,9.914667647193394,9.97111111111111,98.8602527399039,52.180629766079115,161.23689076876227,-62.376638028858366
/nfl/rankings/ppr-cheatsheets.php,redraft-overall,ro,De'Zhaun Stribling,28138,WR,SF,121.47,34.93,62,303,,dezhaun-stribling.php,,,66.5,,,,,,8.0,DeZhaun Stribling,2026-09-04,SFO,dezhaun stribling,28138,28138.0,00-0041035,13417.0,2002-12-18,2026.0,WR,23.718001368925396,49.0,,,,,,1.0500016084873374,,11.309520707188746,0.0,11.309520707188746,15.4,174.1666188907067,64.53079042065112,161.78053356376364,12.38608532694306
/nfl/rankings/ppr-cheatsheets.php,redraft-overall,ro,Khalil Shakir,23748,WR,BUF,122.63,16.45,69,168,,khalil-shakir.php,,,60.1,,,,,,7.0,Khalil Shakir,2026-09-04,BUF,khalil shakir,23748,23748.0,00-0037261,8134.0,2000-02-03,2022.0,WR,26.590006844626966,50.0,00-0037261,11.161262984858224,15.719999999999997,47.0,7.2354774961708515,0.9759865503080082,11.435877862595422,11.161262984858224,0.55675,11.161262984858224,15.559999999999999,173.66925204439394,64.88929908251471,161.78053356376364,11.888718480630303
/nfl/rankings/ppr-cheatsheets.php,redraft-overall,ro,Matthew Golden,26024,WR,GB,124.75,20.24,81,202,,matthew-golden.php,,,78.5,,,,,,11.0,Matthew Golden,2026-09-04,GBP,matthew golden,26024,26024.0,00-0040667,12501.0,2003-08-01,2025.0,WR,23.09924709103354,51.0,00-0040667,5.866088659308693,8.399999999999999,14.0,4.700685301920594,1.0913653319644079,5.375000000000001,9.38327794034032,0.29749999999999993,8.336914129233413,10.391111111111112,86.62980104065655,44.40828740368799,161.78053356376364,-75.1507325231071
/nfl/rankings/ppr-cheatsheets.php,redraft-overall,ro,Jalen Coker,26403,WR,CAR,124.94,15.22,91,176,,jalen-coker.php,,,57.0,,,,,,5.0,Jalen Coker,2026-09-04,CAR,jalen coker,26403,26403.0,00-0039491,11646.0,2001-10-30,2024.0,WR,24.851471594798085,52.0,00-0039491,8.72402051740572,9.679999999999998,22.0,7.019911137682042,0.9742291238877481,8.954793388429755,9.38327794034032,0.34283333333333327,9.157262520510908,10.559999999999999,96.70069221659519,46.025432685398876,161.78053356376364,-65.07984134716845
/nfl/rankings/ppr-cheatsheets.php,redraft-overall,ro,Tyler Shough,23096,QB,NO,125.2,12.5,98,183,,tyler-shough.php,,,44.6,,,,,,8.0,Tyler Shough,2026-09-04,NOS,tyler shough,23096,23096.0,00-0040743,12545.0,1999-09-28,2025.0,QB,26.94045174537988,20.0,00-0040743,17.24565156468173,6.599999999999999,11.0,10.62301694863136,1.0191917864476385,16.920909090909095,17.24565156468173,0.23374999999999996,17.24565156468173,11.351111111111111,195.7573070942095,76.86450494413575,308.62175610452914,-112.86444901031965
/nfl/rankings/ppr-cheatsheets.php,redraft-overall,ro,Romeo Doubs,23794,WR,NE,126.88,15.13,90,180,,romeo-doubs.php,,,62.6,,,,,,11.0,Romeo Doubs,2026-09-04,NEP,romeo doubs,23794,23794.0,00-0037816,8121.0,2000-04-13,2022.0,WR,26.39835728952772,53.0,00-0037816,10.679919856679426,15.279999999999998,46.0,6.571074901590975,0.9745779260780287,10.958507853403143,9.38327794034032,0.5411666666666666,10.084977324065832,15.36,154.90525169765118,63.00795728317173,161.78053356376364,-6.875281866112459
/nfl/rankings/ppr-cheatsheets.php,redraft-overall,ro,Juwan Johnson,19562,TE,NO,127.67,19.32,87,173,,juwan-johnson.php,,,48.7,,,,,,8.0,Juwan Johnson,2026-09-04,NOS,juwan johnson,19562,19562.0,00-0036040,7002.0,1996-09-13,2020.0,TE,29.97946611909651,15.0,00-0036040,9.455584502966865,15.959999999999997,45.0,5.5550754843083485,0.9253242299794662,10.218671679197996,9.455584502966865,0.5652499999999999,9.455584502966865,14.96,141.4555441643843,46.7753055598675,141.4555441643843,0.0
/nfl/rankings/ppr-cheatsheets.php,redraft-overall,ro,Malik Willis,23499,QB,MIA,128.78,18.79,104,255,,malik-willis.php,,,32.6,,,,,,6.0,Malik Willis,2026-09-04,MIA,malik willis,23499,23499.0,00-0038128,8161.0,1999-05-25,2022.0,QB,27.28542094455852,21.0,00-0038128,13.155767639155068,4.32,12.0,12.109179463230664,1.015004004106776,12.961296296296297,16.757306198699073,0.15300000000000002,16.20627079908884,11.08,179.56548045390437,74.08880969028037,308.62175610452914,-129.05627565062477
/nfl/rankings/ppr-cheatsheets.php,redraft-overall,ro,Xavier Worthy,23019,WR,KC,129.83,14.24,100,180,,xavier-worthy.php,,,67.7,,,,,,5.0,Xavier Worthy,2026-09-04,KCC,xavier worthy,23019,23019.0,00-0039894,11624.0,2003-04-27,2024.0,WR,23.362080766598226,54.0,00-0039894,10.509184006933902,12.879999999999999,30.0,6.779977282707,1.0737949007529086,9.78695652173913,9.38327794034032,0.4561666666666666,9.896878757718092,12.16,120.346045693852,52.14757137259614,161.78053356376364,-41.434487869911635
/nfl/rankings/ppr-cheatsheets.php,redraft-overall,ro,Mark Andrews,17269,TE,BAL,133.61,23.71,87,236,,mark-andrews.php,,,83.6,,,,,,13.0,Mark Andrews,2026-09-04,BAL,mark andrews,17269,17269.0,00-0034753,5012.0,1995-09-06,2018.0,TE,31.000684462696785,16.0,00-0034753,9.288004708781454,16.16,44.0,7.2224013593367165,0.960590303445129,9.669059405940594,9.288004708781454,0.5723333333333334,9.288004708781454,14.76,137.09094950161426,46.09379966220557,141.4555441643843,-4.364594662770031
/nfl/rankings/ppr-cheatsheets.php,redraft-overall,ro,Woody Marks,27520,RB,HOU,135.81,13.9,102,189,,woody-marks.php,,,55.2,,,,,,8.0,Woody Marks,2026-09-04,HOU,woody marks,27520,27520.0,00-0040583,12474.0,2000-12-29,2025.0,RB,25.68651608487337,42.0,00-0040583,10.34786992214237,9.6,16.0,7.411654673552998,1.0028220396988365,10.318750000000001,9.757285372067276,0.33999999999999997,9.958084119092808,10.124444444444444,100.82006943685963,52.843558544539334,161.23689076876227,-60.41682133190264
/nfl/rankings/ppr-cheatsheets.php,redraft-overall,ro,Tyler Allgeier,24172,RB,ARI,136.5,13.57,99,182,,tyler-allgeier.php,,,47.7,,,,,,14.0,Tyler Allgeier,2026-09-04,ARI,tyler allgeier,24172,24172.0,00-0037263,8132.0,2000-04-15,2022.0,RB,26.392881587953458,43.0,00-0037263,7.654354929967388,17.0,51.0,6.018820156677833,0.9869994524298425,7.7551764705882364,9.757285372067276,0.6020833333333333,8.491146001719635,16.439999999999998,139.59444026827077,77.99187286157597,161.23689076876227,-21.642450500491492
/nfl/rankings/ppr-cheatsheets.php,redraft-overall,ro,Sam Darnold,17236,QB,SEA,138.31,12.86,113,212,,sam-darnold.php,,,38.2,,,,,,11.0,Sam Darnold,2026-09-04,SEA,sam darnold,17236,17236.0,00-0034869,4943.0,1997-06-05,2018.0,QB,29.253935660506503,22.0,00-0034869,17.689062042768754,16.16,44.0,14.012892870360298,0.9843120465434634,17.970990099009903,16.757306198699073,0.5723333333333334,17.290581126788286,15.12,261.4335866370389,94.53350497546275,308.62175610452914,-47.18816946749024
/nfl/rankings/ppr-cheatsheets.php,redraft-overall,ro,Jordyn Tyson,26035,WR,NO,138.63,30.35,71,232,,jordyn-tyson.php,,,60.3,,,,,,8.0,Jordyn Tyson,2026-09-04,NOS,jordyn tyson,26035,26035.0,00-0041029,13281.0,2004-08-12,2026.0,WR,22.067077344284737,55.0,,,,,,1.0979999999999999,,9.38327794034032,0.0,9.38327794034032,15.4,144.50248028124093,62.40812191664141,161.78053356376364,-17.278053282522706
/nfl/rankings/ppr-cheatsheets.php,redraft-overall,ro,Tyjae Spears,25323,RB,TEN,140.39,15.58,89,182,,tyjae-spears.php,,,45.9,,,,,,9.0,Tyjae Spears,2026-09-04,TEN,tyjae spears,25323,25323.0,00-0039032,9508.0,2001-06-15,2023.0,RB,25.22655715263518,44.0,00-0039032,9.627298202621702,13.2,42.0,6.63699213756852,1.013125119780972,9.502575757575759,9.757285372067276,0.4674999999999999,9.696516370351471,14.64,141.95699966194553,71.22324177479244,161.23689076876227,-19.279891106816734
/nfl/rankings/ppr-cheatsheets.php,redraft-overall,ro,Chris Rodriguez Jr.,22986,RB,JAC,141.1,17.66,102,234,,chris-rodriguez-jr.php,,,51.3,,,,,,7.0,Chris Rodriguez,2026-09-04,JAC,chris rodriguez,22986,22986.0,00-0038611,10219.0,2000-09-26,2023.0,RB,25.94387405886379,45.0,00-0038611,7.603371926372961,9.84,26.0,5.910589258662404,0.997057221081451,7.625813008130082,9.757285372067276,0.3485,9.006646536242807,11.44,103.03603637461771,57.07696341925335,161.23689076876227,-58.20085439414456
/nfl/rankings/ppr-cheatsheets.php,redraft-overall,ro,Deebo Samuel Sr.,18244,WR,SF,140.72,30.3,83,241,,deebo-samuel.php,,,63.0,,,,,,8.0,Deebo Samuel,2026-09-04,SFO,deebo samuel,18244,18244.0,00-0035719,5872.0,1996-01-15,2019.0,WR,30.64202600958248,56.0,00-0035719,10.949310199066057,15.319999999999999,45.0,9.899919650729954,0.8429657084188911,12.989033942558748,9.38327794034032,0.5425833333333333,10.232980943387261,15.16,155.13199110175088,62.49325201489384,161.78053356376364,-6.648542462012756
/nfl/rankings/ppr-cheatsheets.php,redraft-overall,ro,C.J. Stroud,23071,QB,HOU,143.15,13.02,108,208,,cj-stroud.php,,,28.3,,,,,,8.0,CJ Stroud,2026-09-04,HOU,cj stroud,23071,23071.0,00-0039163,9758.0,2001-10-03,2023.0,QB,24.92539356605065,23.0,00-0039163,17.936092020830365,14.959999999999997,46.0,11.417327343625459,1.027368275154004,17.458288770053482,16.757306198699073,0.5298333333333332,17.38186622012497,15.52,269.7665637363395,96.58531714225312,308.62175610452914,-38.85519236818965
/nfl/rankings/ppr-cheatsheets.php,redraft-overall,ro,Daniel Jones,18232,QB,IND,146.36,20.49,119,255,,daniel-jones.php,,,29.9,,,,,,13.0,Daniel Jones,2026-09-04,IND,daniel jones,18232,18232.0,00-0035710,5870.0,1997-05-27,2019.0,QB,29.27857631759069,24.0,00-0035710,18.248303092042097,11.319999999999999,29.0,11.510498131765598,0.9836048596851471,18.55247349823322,16.757306198699073,0.40091666666666664,17.355071703188514,12.120000000000001,210.3434690426448,80.49632012360708,308.62175610452914,-98.27828706188433
/nfl/rankings/ppr-cheatsheets.php,redraft-overall,ro,Rashid Shaheed,24687,WR,SEA,146.98,17.44,115,205,,rashid-shaheed.php,,,50.6,,,,,,11.0,Rashid Shaheed,2026-09-04,SEA,rashid shaheed,24687,24687.0,00-0037545,8676.0,1998-08-31,2022.0,WR,28.016427104722798,57.0,00-0037545,9.571144402648121,14.279999999999998,39.0,7.757793086712762,0.9256375770020531,10.340056022408966,9.38327794034032,0.5057499999999999,9.478291403652491,13.96,132.3169479949888,57.607926071540334,161.78053356376364,-29.463585568774846
/nfl/rankings/ppr-cheatsheets.php,redraft-overall,ro,Dylan Sampson,27102,RB,CLE,148.97,19.74,89,231,,dylan-sampson.php,,,20.5,,,,,,11.0,Dylan Sampson,2026-09-04,CLE,dylan sampson,27102,27102.0,00-0040162,12469.0,2004-09-14,2025.0,RB,21.976728268309376,47.0,00-0040162,6.632908000000002,8.999999999999998,15.0,6.238337690671863,1.0462,6.340000000000002,9.132143212523278,0.3187499999999999,8.335511988531485,10.3,85.8557734818743,51.63349846127063,161.23689076876227,-75.38111728688797
/nfl/rankings/ppr-cheatsheets.php,redraft-overall,ro,Jonah Coleman,27320,RB,DEN,149.36,19.28,116,221,,jonah-coleman.php,,,33.3,,,,,,10.0,Jonah Coleman,2026-09-04,DEN,jonah coleman,27320,27320.0,00-0041496,13345.0,2003-08-20,2026.0,RB,23.04722792607803,48.0,,,,,,1.0455388090349076,,9.132143212523278,0.0,9.132143212523278,15.6,142.46143411536315,74.8459593302222,161.23689076876227,-18.775456653399118
/nfl/rankings/ppr-cheatsheets.php,redraft-overall,ro,Keaton Mitchell,25360,RB,LAC,152.54,27.63,102,314,,keaton-mitchell.php,,,33.4,,,,,,7.0,Keaton Mitchell,2026-09-04,LAC,keaton mitchell,25360,25360.0,00-0038454,9511.0,2002-01-17,2023.0,RB,24.635181382614647,50.0,00-0038454,5.711721479744682,8.599999999999998,21.0,5.949036536640679,1.023307460643395,5.581627906976746,9.132143212523278,0.30458333333333326,8.090339759747799,10.440000000000001,84.46314709176703,51.95099924558078,161.23689076876227,-76.77374367699524
/nfl/rankings/ppr-cheatsheets.php,redraft-overall,ro,Denzel Boston,27339,WR,CLE,153.85,29.81,107,299,,denzel-boston.php,,,34.5,,,,,,11.0,Denzel Boston,2026-09-04,CLE,denzel boston,27339,27339.0,00-0041037,13346.0,2003-12-06,2026.0,WR,22.751540041067763,58.0,,,,,,1.0979999999999999,,9.189520242920533,0.0,9.189520242920533,15.4,141.5186117409762,62.21291660350375,161.78053356376364,-20.26192182278743
/nfl/rankings/ppr-cheatsheets.php,redraft-overall,ro,Mike Washington Jr.,28108,RB,LV,152.53,26.25,103,248,,mike-washington-jr.php,,,52.2,,,,,8.0,13.0,Mike Washington,2026-09-04,LVR,mike washington,28108,28108.0,WAS569019,13305.0,2003-07-03,2026.0,RB,23.17864476386037,49.0,,,,,,1.043698973305955,,9.132143212523278,0.0,9.132143212523278,15.6,142.46143411536315,74.8459593302222,161.23689076876227,-18.775456653399118
/nfl/rankings/ppr-cheatsheets.php,redraft-overall,ro,Zach Charbonnet,23152,RB,SEA,156.22,28.12,117,292,,zach-charbonnet.php,,,56.4,,,,,,11.0,Zach Charbonnet,2026-09-04,SEA,zach charbonnet,23152,23152.0,00-0039165,9753.0,2001-01-08,2023.0,RB,25.659137577002053,51.0,00-0039165,11.703704666791115,16.28,49.0,8.51324223591382,1.003435318275154,11.663636363636362,9.132143212523278,0.5765833333333333,10.614862687696542,16.04,170.26239751065253,78.02600475982152,161.23689076876227,9.025506741890268
/nfl/rankings/ppr-cheatsheets.php,redraft-overall,ro,Cam Ward,24755,QB,TEN,158.85,24.06,119,255,,cam-ward.php,,,15.1,,,,,,9.0,Cam Ward,2026-09-04,TEN,cam ward,24755,24755.0,00-0040676,12522.0,2002-05-25,2025.0,QB,24.28473648186174,25.0,00-0040676,11.25713021928977,10.2,17.0,7.982655785035012,1.015932546201232,11.080588235294119,14.91197141100046,0.36124999999999996,13.591660030494975,10.05777777777778,136.70189621782282,65.64185495239448,308.62175610452914,-171.91985988670632
/nfl/rankings/ppr-cheatsheets.php,redraft-overall,ro,Josh Jacobs,18269,RB,GB,147.99,66.57,39,394,,josh-jacobs.php,,,94.3,,,,,-33.0,11.0,Josh Jacobs,2026-09-04,GBP,josh jacobs,18269,18269.0,00-0035700,5850.0,1998-02-11,2019.0,RB,28.566735112936342,46.0,00-0035700,15.732369581709303,15.319999999999999,45.0,8.760717390255161,0.8741473305954828,17.99738903394256,9.757285372067276,0.5425833333333333,12.999266479482213,15.24,198.10882114730893,77.14028807355484,161.23689076876227,36.871930378546665
/nfl/rankings/ppr-cheatsheets.php,redraft-overall,ro,Brenton Strange,25345,TE,JAC,160.94,25.18,111,236,,brenton-strange.php,,,38.3,,,,,,7.0,Brenton Strange,2026-09-04,JAC,brenton strange,25345,25345.0,00-0038935,9480.0,2000-12-27,2023.0,TE,25.69199178644764,17.0,00-0038935,8.416687553121783,11.719999999999999,31.0,5.654686418770156,0.9505249486652978,8.854778156996588,9.022991748197857,0.4150833333333333,8.771324981891697,12.16,106.65931177980303,39.576838666833815,141.4555441643843,-34.79623238458126
/nfl/rankings/ppr-cheatsheets.php,redraft-overall,ro,Tre Tucker,25337,WR,LV,159.03,26.97,115,247,,tre-tucker.php,,,27.9,,,,,,13.0,Tre Tucker,2026-09-04,LVR,tre tucker,25337,25337.0,00-0038563,10213.0,2001-03-08,2023.0,WR,25.49760438056126,59.0,00-0038563,8.992863229686124,16.52,47.0,8.190461725369675,0.9679573921971252,9.290556900726392,8.995762545500744,0.5850833333333333,8.994066204139541,15.559999999999999,139.94767013641123,62.57268189217119,161.78053356376364,-21.832863427352407
/nfl/rankings/ppr-cheatsheets.php,redraft-overall,ro,Dalton Schultz,17349,TE,HOU,162.07,22.67,111,206,,dalton-schultz.php,,,31.2,,,,,,8.0,Dalton Schultz,2026-09-04,HOU,dalton schultz,17349,17349.0,00-0034383,5001.0,1996-07-11,2018.0,TE,30.154688569472963,18.0,00-0034383,9.2890787886426,16.76,49.0,6.417840912081657,0.9313752452657996,9.973508353221956,9.022991748197857,0.5935833333333334,9.180936580621848,15.76,144.69156051060034,48.24125017951366,141.4555441643843,3.236016346216047
/nfl/rankings/ppr-cheatsheets.php,redraft-overall,ro,Chig Okonkwo,23982,TE,WAS,163.01,22.77,112,226,,chigoziem-okonkwo.php,,,28.7,,,,,,7.0,Chigoziem Okonkwo,2026-09-04,WAS,chig okonkwo,23982,23982.0,00-0037809,8210.0,1999-09-08,2022.0,TE,26.99520876112252,19.0,00-0037809,7.757479748910264,16.720000000000002,50.0,4.784061548303824,1.0221367214236825,7.5894736842105255,9.022991748197857,0.5921666666666667,8.273597725953053,15.96,132.04661970621072,47.592504742205506,141.4555441643843,-9.408924458173573
/nfl/rankings/ppr-cheatsheets.php,redraft-overall,ro,Hunter Henry,15561,TE,NE,167.1,25.75,112,236,,hunter-henry.php,,,60.2,,,,,,11.0,Hunter Henry,2026-09-04,NEP,hunter henry,15561,15561.0,00-0033090,3214.0,1994-12-07,2016.0,TE,31.74811772758385,20.0,00-0033090,10.628720902116779,16.24,46.0,7.252985475594084,0.9864016655258956,10.77524630541872,9.022991748197857,0.5751666666666666,9.94655363322689,15.16,150.78975307971965,47.905609030756885,141.4555441643843,9.334208915335353
/nfl/rankings/ppr-cheatsheets.php,redraft-overall,ro,Alvin Kamara,16421,RB,NO,168.28,34.47,102,317,,alvin-kamara.php,,,38.6,,,,,,8.0,Alvin Kamara,2026-09-04,NOS,alvin kamara,16421,16421.0,00-0033906,4035.0,1995-07-25,2017.0,RB,31.11841204654346,52.0,00-0033906,12.155810184298758,12.079999999999998,38.0,9.85489431877072,0.8076506046087155,15.050827814569537,9.132143212523278,0.4278333333333333,10.425768731947887,13.84,144.29263925015874,68.55845799526081,161.23689076876227,-16.944251518603522
/nfl/rankings/ppr-cheatsheets.php,redraft-overall,ro,Adonai Mitchell,24357,WR,NYJ,169.01,26.15,126,258,,adonai-mitchell.php,,,14.6,,,,,,13.0,Adonai Mitchell,2026-09-04,NYJ,adonai mitchell,24357,24357.0,00-0039890,11625.0,2002-10-08,2024.0,WR,23.91238877481177,60.0,00-0039890,5.409507030393767,14.360000000000001,33.0,6.430644466737045,1.0370068104038332,5.216462395543175,8.995762545500744,0.5085833333333334,7.171852761442587,12.76,91.5128412360074,51.11720628100725,161.78053356376364,-70.26769232775624
/nfl/rankings/ppr-cheatsheets.php,redraft-overall,ro,Bryce Young,22900,QB,CAR,169.51,27.8,134,326,,bryce-young.php,,,15.7,,,,,,5.0,Bryce Young,2026-09-04,CAR,bryce young,22900,22900.0,00-0039150,9228.0,2001-07-25,2023.0,QB,25.117043121149894,26.0,00-0039150,15.280703068506561,15.439999999999998,46.0,10.92762604881783,1.0281264887063655,14.862668393782386,14.91197141100046,0.5468333333333332,15.113606172380045,15.52,234.5631677953383,93.97050696238962,308.62175610452914,-74.05858830919084
/nfl/rankings/ppr-cheatsheets.php,redraft-overall,ro,Tank Bigsby,22908,RB,PHI,170.74,25.53,131,257,,tank-bigsby.php,,,29.7,,,,,,10.0,Tank Bigsby,2026-09-04,PHI,tank bigsby,22908,22908.0,00-0038555,9225.0,2001-08-30,2023.0,RB,25.018480492813143,53.0,00-0038555,6.754443160822154,12.359999999999998,39.0,7.718944132167273,1.0177860369609855,6.636407766990294,9.132143212523278,0.4377499999999999,8.091305014891113,14.04,113.60192240907121,67.25683481896434,161.23689076876227,-47.63496835969106
/nfl/rankings/ppr-cheatsheets.php,redraft-overall,ro,Kayshon Boutte,22989,WR,HOU,169.75,26.05,121,277,,kayshon-boutte.php,,,18.0,,,,,,8.0,Kayshon Boutte,2026-09-04,HOU,kayshon boutte,22989,22989.0,00-0038608,9504.0,2002-05-07,2023.0,WR,24.33401779603012,61.0,00-0038608,9.192257816474212,12.96,32.0,7.792200239766231,1.0088209103353865,9.111882716049383,8.995762545500744,0.459,9.085953874877566,12.559999999999999,114.11958066846222,52.46788419861126,161.78053356376364,-47.66095289530142
/nfl/rankings/ppr-cheatsheets.php,redraft-overall,ro,Jerry Jeudy,19201,WR,CLE,170.19,28.08,115,272,,jerry-jeudy.php,,,22.2,,,,,,11.0,Jerry Jeudy,2026-09-04,CLE,jerry jeudy,19201,19201.0,00-0036407,6783.0,1999-04-24,2020.0,WR,27.370294318959616,62.0,00-0036407,9.830824002136108,16.880000000000003,50.0,8.780542089629495,0.9595595482546202,10.245142180094787,8.995762545500744,0.5978333333333334,9.494990119659253,16.16,153.43904033369353,65.13631336572254,161.78053356376364,-8.341493230070114
/nfl/rankings/ppr-cheatsheets.php,redraft-overall,ro,Tyrone Tracy Jr.,22980,RB,NYG,173.85,41.6,120,311,,tyrone-tracy-jr.php,,,24.4,,,,,,8.0,Tyrone Tracy,2026-09-04,NYG,tyrone tracy,22980,22980.0,00-0039384,11655.0,1999-11-23,2024.0,RB,26.78713210130048,54.0,00-0039384,11.834271783482958,13.760000000000002,32.0,8.533743358318503,0.9781682409308693,12.098401162790696,9.132143212523278,0.48733333333333334,10.448980536104294,12.64,132.0751139763583,63.60577817375299,161.23689076876227,-29.16177679240397
/nfl/rankings/ppr-cheatsheets.php,redraft-overall,ro,Jalen McMillan,23179,WR,TB,175.82,26.1,137,296,,jalen-mcmillan.php,,,22.2,,,,,,10.0,Jalen McMillan,2026-09-04,TBB,jalen mcmillan,23179,23179.0,00-0039855,11618.0,2001-12-07,2024.0,WR,24.747433264887064,64.0,00-0039855,9.856026635843179,6.04,17.0,8.525311577883825,0.9811840862422997,10.04503311258278,8.995762545500744,0.21391666666666664,9.17978737215983,9.884444444444444,90.73709829192649,43.920115626865005,161.78053356376364,-71.04343527183715
/nfl/rankings/ppr-cheatsheets.php,redraft-overall,ro,Braelon Allen,24346,RB,NYJ,177.59,28.87,132,292,,braelon-allen.php,,,16.9,,,,,,13.0,Braelon Allen,2026-09-04,NYJ,braelon allen,24346,24346.0,00-0039794,11576.0,2004-01-20,2024.0,RB,22.628336755646817,55.0,00-0039794,5.243566089385475,7.159999999999999,21.0,5.02522328335956,1.0462,5.012011173184358,8.393064618562644,0.25358333333333327,7.594404283205467,10.440000000000001,79.28558071666508,51.442422615749365,161.23689076876227,-81.95131005209718
/nfl/rankings/ppr-cheatsheets.php,redraft-overall,ro,Jauan Jennings,19590,WR,MIN,175.56,33.36,115,307,,jauan-jennings.php,,,15.4,,,,,,6.0,Jauan Jennings,2026-09-04,MIN,jauan jennings,19590,19590.0,00-0036259,7049.0,1997-07-10,2020.0,WR,29.15811088295688,63.0,00-0036259,10.693096558471069,14.639999999999999,42.0,9.446538012930073,0.8710117043121149,12.276639344262298,8.995762545500744,0.5185,9.875830231225859,14.56,143.7920881666485,60.072974216951536,161.78053356376364,-17.98844539711513
/nfl/rankings/ppr-cheatsheets.php,redraft-overall,ro,Omar Cooper Jr.,28127,WR,NYJ,181.61,34.85,123,302,,omar-cooper-jr.php,,,16.0,,,,,,13.0,Omar Cooper,2026-09-04,NYJ,omar cooper,28127,28127.0,00-0041511,13276.0,2003-12-14,2026.0,WR,22.729637234770703,65.0,,,,,,1.0979999999999999,,8.445011109702389,0.0,8.445011109702389,15.4,130.0531710894168,61.49548342331052,161.78053356376364,-31.727362474346847
/nfl/rankings/ppr-cheatsheets.php,redraft-overall,ro,Emmett Johnson,28107,RB,KC,183.79,37.82,132,329,,emmett-johnson.php,,,15.5,,,,,,5.0,Emmett Johnson,2026-09-04,KCC,emmett johnson,28107,28107.0,00-0041013,13337.0,2003-10-10,2026.0,RB,22.90759753593429,57.0,,,,,,1.0462,,8.393064618562644,0.0,8.393064618562644,15.6,130.93180804957723,74.25872802407571,161.23689076876227,-30.305082719185037
/nfl/rankings/ppr-cheatsheets.php,redraft-overall,ro,Tre' Harris,26215,WR,LAC,182.09,30.34,123,303,,tre-harris.php,,,6.9,,,,,,7.0,Tre Harris,2026-09-04,LAC,tre harris,26215,26215.0,00-0040727,12509.0,2002-02-28,2025.0,WR,24.520191649555095,66.0,00-0040727,4.6020079006245735,9.6,16.0,3.0224093589938037,0.9963751882272419,4.61875,7.894259673904032,0.33999999999999997,6.774894070989016,10.03111111111111,67.95971519209871,41.355034809064634,161.78053356376364,-93.82081837166493
/nfl/rankings/ppr-cheatsheets.php,redraft-overall,ro,Brian Robinson Jr.,20094,RB,ATL,182.38,25.04,141,263,,brian-robinson-jr.php,,,34.4,,,,,,11.0,Brian Robinson,2026-09-04,ATL,brian robinson,20094,20094.0,00-0037746,8154.0,1999-03-22,2022.0,RB,27.460643394934976,56.0,00-0037746,7.357506313927118,15.319999999999999,45.0,8.093192675129371,0.9442182409308693,7.792167101827676,8.393064618562644,0.5425833333333333,7.831187941772485,15.24,119.34730423261267,72.26954334265916,161.23689076876227,-41.889586536149594
/nfl/rankings/ppr-cheatsheets.php,redraft-overall,ro,Dontayvion Wicks,24354,WR,PHI,182.79,32.6,109,272,,dontayvion-wicks.php,,,12.1,,,,,,10.0,Dontayvion Wicks,2026-09-04,PHI,dontayvion wicks,24354,24354.0,00-0038393,9486.0,2001-06-16,2023.0,WR,25.22381930184805,67.0,00-0038393,6.4975008282761255,14.359999999999998,45.0,6.814175532066824,0.9659450718685831,6.726573816155988,7.894259673904032,0.5085833333333333,7.1838914043317725,15.16,108.90779368966967,59.55176461898008,161.78053356376364,-52.872739874093966
/nfl/rankings/ppr-cheatsheets.php,redraft-overall,ro,Pat Bryant,27211,WR,DEN,184.61,27.51,115,293,,pat-bryant.php,,,6.8,,,,,,10.0,Pat Bryant,2026-09-04,DEN,pat bryant,27211,27211.0,00-0040134,12492.0,2002-12-10,2025.0,WR,23.73990417522245,68.0,00-0040134,7.1038409248802195,7.199999999999998,12.0,4.219731788115966,1.0485374058863792,6.775,7.894259673904032,0.25499999999999995,7.692702892902961,10.84,83.38889935906809,45.109697008045934,161.78053356376364,-78.39163420469555
/nfl/rankings/ppr-cheatsheets.php,redraft-overall,ro,Ryan Flournoy,26398,WR,DAL,185.74,29.71,126,327,,ryan-flournoy.php,,,7.9,,,,,,14.0,Ryan Flournoy,2026-09-04,DAL,ryan flournoy,26398,26398.0,00-0039410,11783.0,1999-10-27,2024.0,WR,26.86105407255305,69.0,00-0039410,8.346487473996032,9.759999999999998,20.0,7.989295469893648,0.977978747433265,8.534426229508199,7.894259673904032,0.34566666666666657,8.050579750135833,10.16,81.79389026138007,43.29313398447713,161.78053356376364,-79.98664330238357
/nfl/rankings/ppr-cheatsheets.php,redraft-overall,ro,T.J. Hockenson,18290,TE,MIN,188.02,27.92,87,299,,tj-hockenson.php,,,43.9,,,,,,6.0,TJ Hockenson,2026-09-04,MIN,tj hockenson,18290,18290.0,00-0035229,5844.0,1997-07-03,2019.0,TE,29.177275838466805,21.0,00-0035229,8.3307234891157,13.600000000000001,40.0,7.009915596258393,0.8976219256217204,9.280882352941175,8.3307234891157,0.48166666666666674,8.330723489115702,13.96,116.2968999080552,42.989006699390295,141.4555441643843,-25.158644256329097
/nfl/rankings/ppr-cheatsheets.php,redraft-overall,ro,Malik Washington,26314,WR,MIA,189.21,35.27,83,296,,malik-washington.php,,,18.8,,,,,,6.0,Malik Washington,2026-09-04,MIA,malik washington,26314,26314.0,00-0039880,11610.0,2001-01-04,2024.0,WR,25.67008898015058,70.0,00-0039880,6.396743062864568,13.559999999999999,29.0,3.8868850787955576,0.9692251540041068,6.5998525073746315,7.894259673904032,0.48024999999999995,7.17507732145233,11.96,85.81392476456986,48.354317308025564,161.78053356376364,-75.96660879919378
/nfl/rankings/ppr-cheatsheets.php,redraft-overall,ro,Ray Davis,26191,RB,BUF,190.37,33.25,134,263,,ray-davis.php,,,13.2,,,,,,7.0,Ray Davis,2026-09-04,BUF,ray davis,26191,26191.0,00-0039875,11575.0,1999-11-11,2024.0,RB,26.819986310746064,58.0,00-0039875,6.1589378683334575,12.28,29.0,7.904221529049877,0.9774323066392882,6.301140065146582,8.393064618562644,0.4349166666666666,7.421405659442133,12.04,89.35372413968328,58.08089027264577,161.23689076876227,-71.88316662907899
/nfl/rankings/ppr-cheatsheets.php,redraft-overall,ro,Keenan Allen,11616,WR,IND,192.19,53.81,110,293,,keenan-allen.php,,,27.0,,,,,,13.0,Keenan Allen,2026-09-04,IND,keenan allen,11616,11616.0,00-0030279,1479.0,1992-04-27,2013.0,WR,34.36002737850787,71.0,00-0030279,10.850609992481207,15.959999999999997,45.0,11.763067257868217,0.8173,13.276165413533839,7.894259673904032,0.5652499999999999,9.565336691479779,15.16,145.01050424283343,61.774196008887536,161.78053356376364,-16.770029320930206
/nfl/rankings/ppr-cheatsheets.php,redraft-overall,ro,Jalen Nailor,24177,WR,LV,194.41,32.3,128,302,,jalen-nailor.php,,,24.2,,,,,,13.0,Jalen Nailor,2026-09-04,LVR,jalen nailor,24177,24177.0,00-0037291,8180.0,1999-03-02,2022.0,WR,27.515400410677618,72.0,00-0037291,6.327289712020736,14.64,34.0,6.581380043718597,0.951941478439425,6.64672131147541,7.894259673904032,0.5185,7.081785748667543,12.96,91.77994330273137,51.7286996252236,161.78053356376364,-70.00059026103227
/nfl/rankings/ppr-cheatsheets.php,redraft-overall,ro,Jacoby Brissett,15642,QB,ARI,196.67,38.68,139,338,,jacoby-brissett.php,,,9.4,,,,,,14.0,Jacoby Brissett,2026-09-04,ARI,jacoby brissett,15642,15642.0,00-0033119,3257.0,1992-12-11,2016.0,QB,33.73579739904175,27.0,00-0033119,15.462659698113209,10.599999999999998,23.0,10.511474080821333,0.9055,17.076377358490568,14.91197141100046,0.3754166666666666,15.118708972120704,10.92,165.09630197555808,71.78003232271283,308.62175610452914,-143.52545412897106
/nfl/rankings/ppr-cheatsheets.php,redraft-overall,ro,Isiah Pacheco,24333,RB,DET,192.34,43.37,143,311,,isiah-pacheco.php,,,33.2,,,,,-7.0,6.0,Isiah Pacheco,2026-09-04,DET,isiah pacheco,24333,24333.0,00-0037197,8205.0,1999-03-02,2022.0,RB,27.515400410677618,59.0,00-0037197,8.49305912393561,11.44,34.0,8.312415279077195,0.9407493839835729,9.027972027972027,8.393064618562644,0.4051666666666666,8.43357905898959,13.04,109.97387092922425,63.25419316401861,161.23689076876227,-51.26301983953802
/nfl/rankings/ppr-cheatsheets.php,redraft-overall,ro,Travis Hunter,26034,WR,JAC,197.59,38.48,128,347,,travis-hunter.php,,,64.7,,,,,,7.0,Travis Hunter,2026-09-04,JAC,travis hunter,26034,26034.0,00-0040718,12530.0,2003-05-18,2025.0,WR,23.30458590006845,73.0,00-0040718,10.360723787523218,4.2,7.0,8.068545629258633,1.077638432580424,9.614285714285714,7.894259673904032,0.14875000000000002,8.261146210804887,12.351111111111111,102.03433475478569,50.830686867675624,161.78053356376364,-59.74619880897795
/nfl/rankings/ppr-cheatsheets.php,redraft-overall,ro,Kimani Vidal,26355,RB,LAC,200.45,36.2,152,297,,kimani-vidal.php,,,5.2,,,,,,7.0,Kimani Vidal,2026-09-04,LAC,kimani vidal,26355,26355.0,00-0039391,11647.0,2001-08-28,2024.0,RB,25.02395619438741,60.0,00-0039391,10.158416381558377,9.719999999999999,21.0,9.542561301373768,1.017663381245722,9.982098765432099,8.393064618562644,0.34424999999999994,9.000786962973924,10.440000000000001,93.96821589344778,52.95371342824984,161.23689076876227,-67.26867487531449
/nfl/rankings/ppr-cheatsheets.php,redraft-overall,ro,Terrance Ferguson,23091,TE,LAR,205.53,43.49,112,287,,terrance-ferguson.php,,,20.6,,,,,,11.0,Terrance Ferguson,2026-09-04,LAR,terrance ferguson,23091,23091.0,00-0040737,12487.0,2003-03-07,2025.0,TE,23.50171115674196,22.0,00-0040737,5.272929896241677,6.599999999999999,11.0,5.400269353551644,1.0671983230663926,4.940909090909091,8.28218278671025,0.23374999999999996,7.578769923563222,10.78111111111111,81.70756063148215,34.795012253645055,141.4555441643843,-59.74798353290214
/nfl/rankings/ppr-cheatsheets.php,redraft-overall,ro,Jaylin Noel,27122,WR,HOU,200.36,25.47,141,289,,jaylin-noel.php,,,6.9,,,,,,8.0,Jaylin Noel,2026-09-04,HOU,jaylin noel,27122,27122.0,00-0040138,12536.0,2002-09-04,2025.0,WR,24.005475701574262,74.0,00-0040138,5.385846135352498,8.399999999999999,14.0,5.468115622546625,1.0307839493497604,5.2250000000000005,7.894259673904032,0.29749999999999993,7.148006646184951,10.391111111111112,74.27573128346852,42.984223338367244,161.78053356376364,-87.50480228029512
/nfl/rankings/ppr-cheatsheets.php,redraft-overall,ro,AJ Barner,26335,TE,SEA,211.33,22.21,144,261,,aj-barner.php,,,18.9,,,,,,11.0,AJ Barner,2026-09-04,SEA,aj barner,26335,26335.0,00-0039793,11603.0,2002-05-03,2024.0,TE,24.34496919917865,23.0,00-0039793,8.133290245025039,14.12,31.0,5.888291188305787,0.9801319301848044,8.29815864022663,8.28218278671025,0.5000833333333332,8.207724108155837,12.16,99.80592515517498,38.75096086809556,141.4555441643843,-41.64961900920932
/nfl/rankings/ppr-cheatsheets.php,redraft-overall,ro,Calvin Ridley,17258,WR,TEN,209.81,31.11,136,302,,calvin-ridley.php,,,12.3,,,,,,9.0,Calvin Ridley,2026-09-04,TEN,calvin ridley,17258,17258.0,00-0034837,4981.0,1994-12-20,2018.0,WR,31.71252566735113,77.0,00-0034837,9.262779859697593,10.999999999999998,41.0,9.344731951420673,0.8227332648870637,11.258545454545455,7.894259673904032,0.3895833333333333,8.42741232961944,14.36,121.01764105333515,57.87121380268717,161.78053356376364,-40.762892510428486
/nfl/rankings/ppr-cheatsheets.php,redraft-overall,ro,Aaron Rodgers,9001,QB,PIT,213.2,40.75,139,341,,aaron-rodgers.php,,,11.0,,,,,,9.0,Aaron Rodgers,2026-09-04,PIT,aaron rodgers,9001,9001.0,00-0023459,96.0,1983-12-02,2005.0,QB,42.76249144421629,28.0,00-0023459,15.720255428176795,14.48,34.0,10.46815778262125,0.9055,17.36085635359116,14.91197141100046,0.5128333333333334,15.326486397809056,13.120000000000001,201.08350153925483,82.43177550340069,308.62175610452914,-107.53825456527431
/nfl/rankings/ppr-cheatsheets.php,redraft-overall,ro,Sean Tucker,23679,RB,TB,213.05,35.32,154,304,,sean-tucker.php,,,3.8,,,,,,10.0,Sean Tucker,2026-09-04,TBB,sean tucker,23679,23679.0,00-0038951,9506.0,2001-10-25,2023.0,RB,24.865160848733744,61.0,00-0038951,7.153537645795177,11.84,28.0,9.824482666078895,1.0200877481177275,7.0126689189189175,8.393064618562644,0.41933333333333334,7.873289641315486,11.84,93.21974935317535,57.630165077727035,161.23689076876227,-68.01714141558692
/nfl/rankings/ppr-cheatsheets.php,redraft-overall,ro,Gunnar Helm,27109,TE,TEN,220.35,29.76,143,305,,gunnar-helm.php,,,6.8,,,,,,9.0,Gunnar Helm,2026-09-04,TEN,gunnar helm,27109,27109.0,00-0040584,12502.0,2002-09-06,2025.0,TE,24.0,25.0,00-0040584,6.091325781250001,9.6,16.0,4.173147043898645,1.01575,5.996875000000001,8.28218278671025,0.33999999999999997,7.537291404853765,9.797777777777778,73.84870623111168,32.60787062184403,141.4555441643843,-67.60683793327262
/nfl/rankings/ppr-cheatsheets.php,redraft-overall,ro,Ja'Kobi Lane,27337,WR,BAL,209.7,49.9,128,331,,jakobi-lane.php,,,28.6,,,,,,13.0,JaKobi Lane,2026-09-04,BAL,jakobi lane,27337,27337.0,00-0040870,13293.0,2004-08-05,2026.0,WR,22.086242299794662,76.0,,,,,,1.0979999999999999,,7.894259673904032,0.0,7.894259673904032,15.4,121.5715989781221,60.99886944855147,161.78053356376364,-40.20893458564154
/nfl/rankings/ppr-cheatsheets.php,redraft-overall,ro,Kenyon Sadiq,26055,TE,NYJ,223.91,28.43,144,295,,kenyon-sadiq.php,,,38.1,,,,,3.0,13.0,Kenyon Sadiq,2026-09-04,NYJ,kenyon sadiq,26055,26055.0,00-0041032,13330.0,2005-03-04,2026.0,TE,21.508555783709788,26.0,,,,,,1.119,,8.28218278671025,0.0,8.28218278671025,14.9,123.40452352198272,45.106020945948686,141.4555441643843,-18.051020642401568
/nfl/rankings/ppr-cheatsheets.php,redraft-overall,ro,Nicholas Singleton,24343,RB,TEN,218.92,39.72,148,321,,nick-singleton.php,,,9.1,,,,,,9.0,Nicholas Singleton,2026-09-04,TEN,nicholas singleton,24343,24343.0,00-0040886,13288.0,2004-01-06,2026.0,RB,22.666666666666668,62.0,,,,,,1.0462,,8.393064618562644,0.0,8.393064618562644,15.6,130.93180804957723,74.25872802407571,161.23689076876227,-30.305082719185037
/nfl/rankings/ppr-cheatsheets.php,redraft-overall,ro,Oronde Gadsden II,25997,TE,LAC,224.17,38.1,131,306,,oronde-gadsden-ii.php,,,23.8,,,,,-5.0,7.0,Oronde Gadsden,2026-09-04,LAC,oronde gadsden,25997,25997.0,00-0040189,12493.0,2003-06-25,2025.0,TE,23.200547570157426,27.0,00-0040189,10.426465945699293,8.999999999999998,15.0,8.613815038866898,1.0982934633812458,9.493333333333334,8.28218278671025,0.3187499999999999,8.965673043638008,9.95,89.20844678419817,35.26886942514348,141.4555441643843,-52.24709738018612
/nfl/rankings/ppr-cheatsheets.php,redraft-overall,ro,Geno Smith,11687,QB,NYJ,227.97,33.24,147,342,,geno-smith.php,,,6.9,,,,,,13.0,Geno Smith,2026-09-04,NYJ,geno smith,11687,11687.0,00-0030565,1373.0,1990-10-10,2013.0,QB,35.90691307323751,29.0,00-0030565,14.645682699228795,15.559999999999997,47.0,10.029902207792075,0.9055,16.174138817480724,14.91197141100046,0.5510833333333333,14.765224140088293,15.719999999999999,232.10932348218796,94.59963881966797,308.62175610452914,-76.51243262234118
/nfl/rankings/ppr-cheatsheets.php,redraft-overall,ro,Isaac TeSlaa,27446,WR,DET,219.56,25.73,168,282,,isaac-teslaa.php,,,7.1,,,,,,6.0,Isaac TeSlaa,2026-09-04,DET,isaac teslaa,27446,27446.0,00-0040669,12535.0,2002-02-20,2025.0,WR,24.542094455852155,80.0,00-0040669,5.642566589909065,8.399999999999999,14.0,5.846291207177494,0.9949109856262834,5.671428571428572,7.894259673904032,0.29749999999999993,7.22438098141553,10.391111111111112,75.06934548688672,43.07045139403113,161.78053356376364,-86.71118807687692
/nfl/rankings/ppr-cheatsheets.php,redraft-overall,ro,Cooper Kupp,16433,WR,SEA,225.03,28.89,149,298,,cooper-kupp.php,,,13.3,,,,,,11.0,Cooper Kupp,2026-09-04,SEA,cooper kupp,16433,16433.0,00-0033908,4039.0,1993-06-15,2017.0,WR,33.22655715263518,82.0,00-0033908,8.504914611111113,14.4,40.0,10.034241376407088,0.8173,10.406111111111112,7.894259673904032,0.51,8.205693691879643,14.16,116.19262267701575,56.963042464769075,161.78053356376364,-45.58791088674789
/nfl/rankings/ppr-cheatsheets.php,redraft-overall,ro,Rashod Bateman,19794,WR,BAL,227.62,27.43,150,321,,rashod-bateman.php,,,6.6,,,,,,13.0,Rashod Bateman,2026-09-04,BAL,rashod bateman,19794,19794.0,00-0036550,7571.0,1999-11-29,2021.0,WR,26.770704996577688,85.0,00-0036550,6.802887594210846,14.079999999999998,44.0,6.389499015918119,0.977314681724846,6.960795454545455,7.808465658507805,0.49866666666666654,7.307017397111721,14.959999999999999,109.31298026079135,58.94626877550306,161.78053356376364,-52.46755330297229
/nfl/rankings/ppr-cheatsheets.php,redraft-overall,ro,Kaelon Black,28401,RB,SF,227.97,52.39,132,338,,kaelon-black.php,,,16.2,,,,,,8.0,Kaelon Black,2026-09-04,SFO,kaelon black,28401,28401.0,00-0041052,13414.0,2001-10-17,2026.0,RB,24.8870636550308,64.0,,,,,,1.0197811088295687,,8.393064618562644,0.0,8.393064618562644,15.6,130.93180804957723,74.25872802407571,161.23689076876227,-30.305082719185037
/nfl/rankings/ppr-cheatsheets.php,redraft-overall,ro,Pat Freiermuth,20163,TE,PIT,233.5,31.87,138,332,,pat-freiermuth.php,,,10.5,,,,,,9.0,Pat Freiermuth,2026-09-04,PIT,pat freiermuth,20163,20163.0,00-0036894,7600.0,1998-10-25,2021.0,TE,27.86584531143053,28.0,00-0036894,8.585266624046609,15.079999999999998,43.0,6.756252794799979,0.9657304243668718,8.889920424403185,8.28218278671025,0.5340833333333332,8.44405481283431,14.56,122.94543807486755,44.51947723335637,141.4555441643843,-18.51010608951674
/nfl/rankings/ppr-cheatsheets.php,redraft-overall,ro,James Conner,16447,RB,ARI,219.9,42.06,144,330,,james-conner.php,,,9.4,,,,,,14.0,James Conner,2026-09-04,ARI,james conner,16447,16447.0,00-0033553,4137.0,1995-05-05,2017.0,RB,31.34017796030116,63.0,00-0033553,13.717348598818718,7.840000000000001,32.0,9.732748255702033,0.8035627195984486,17.07066326530612,8.393064618562644,0.27766666666666673,9.871440803747081,12.64,124.77501175936311,62.9790494239404,161.23689076876227,-36.461879009399155
/nfl/rankings/ppr-cheatsheets.php,redraft-overall,ro,Chris Bell,26038,WR,MIA,227.67,36.86,150,305,,chris-bell.php,,,6.3,,,,,15.0,6.0,Chris Bell,2026-09-04,MIA,chris bell,26038,26038.0,00-0041525,13311.0,2004-06-07,2026.0,WR,22.24777549623545,86.0,,,,,,1.0979999999999999,,7.808465658507805,0.0,7.808465658507805,15.4,120.2503711410202,60.92417420823238,161.78053356376364,-41.530162422743444
/nfl/rankings/ppr-cheatsheets.php,redraft-overall,ro,Malachi Fields,27994,WR,NYG,222.55,37.74,133,354,,malachi-fields.php,,,9.4,,,,,,8.0,Malachi Fields,2026-09-04,NYG,malachi fields,27994,27994.0,00-0041042,13285.0,2003-08-26,2026.0,WR,23.03080082135524,81.0,,,,,,1.0959409650924021,,7.894259673904032,0.0,7.894259673904032,15.4,121.5715989781221,60.99886944855147,161.78053356376364,-40.20893458564154
/nfl/rankings/ppr-cheatsheets.php,redraft-overall,ro,Troy Franklin,23092,WR,DEN,218.75,35.54,163,347,,troy-franklin.php,,,2.8,,,,,,10.0,Troy Franklin,2026-09-04,DEN,troy franklin,23092,23092.0,00-0039868,11627.0,2003-02-06,2024.0,WR,23.581108829568787,78.0,00-0039868,9.488941946900054,14.680000000000001,33.0,7.013714581792482,1.0591528747433265,8.958991825613078,7.894259673904032,0.5199166666666667,8.723361565672548,12.76,111.3100935779817,52.72267972321648,161.78053356376364,-50.47043998578194
/nfl/rankings/ppr-cheatsheets.php,redraft-overall,ro,Darnell Mooney,19810,WR,NYG,226.23,24.31,165,299,,darnell-mooney.php,,,3.5,,,,,,8.0,Darnell Mooney,2026-09-04,NYG,darnell mooney,19810,19810.0,00-0036309,7090.0,1997-10-29,2020.0,WR,28.854209445585216,83.0,00-0036309,7.169196286428678,15.159999999999998,45.0,7.386084035112069,0.8816540041067762,8.131530343007917,7.894259673904032,0.5369166666666666,7.504961056778724,15.16,113.77520962076545,59.8188415783443,161.78053356376364,-48.00532394299819
/nfl/rankings/ppr-cheatsheets.php,redraft-overall,ro,Zachariah Branch,25419,WR,ATL,233.38,34.99,140,312,,zachariah-branch.php,,,10.2,,,,,,11.0,Zachariah Branch,2026-09-04,ATL,zachariah branch,25419,25419.0,00-0041044,13320.0,2004-03-29,2026.0,WR,22.439425051334705,87.0,,,,,,1.0979999999999999,,7.808465658507805,0.0,7.808465658507805,15.4,120.2503711410202,60.92417420823238,161.78053356376364,-41.530162422743444
/nfl/rankings/ppr-cheatsheets.php,redraft-overall,ro,Tank Dell,25361,WR,HOU,226.41,33.76,166,312,,nathaniel-dell.php,,,27.4,,,,,,8.0,Tank Dell,2026-09-04,HOU,tank dell,25361,25361.0,00-0038977,9502.0,1999-10-29,2023.0,WR,26.855578370978783,84.0,00-0038977,12.4744459964948,5.120000000000001,24.0,10.037494698321916,0.977938501026694,12.755859374999998,7.894259673904032,0.18133333333333337,8.724800127067159,10.96,95.62380939265607,46.75281228438727,161.78053356376364,-66.15672417110757
/nfl/rankings/ppr-cheatsheets.php,redraft-overall,ro,Germie Bernard,26039,WR,PIT,236.65,31.92,168,329,,germie-bernard.php,,,7.1,,,,,,9.0,Germie Bernard,2026-09-04,PIT,germie bernard,26039,26039.0,00-0041489,13274.0,2003-12-02,2026.0,WR,22.76249144421629,88.0,,,,,,1.0979999999999999,,7.808465658507805,0.0,7.808465658507805,15.4,120.2503711410202,60.92417420823238,161.78053356376364,-41.530162422743444
/nfl/rankings/ppr-cheatsheets.php,redraft-overall,ro,Caleb Douglas,28135,WR,MIA,205.67,49.17,126,327,,caleb-douglas.php,,,14.7,,,,,,6.0,Caleb Douglas,2026-09-04,MIA,caleb douglas,28135,28135.0,00-0041523,13296.0,2003-09-09,2026.0,WR,22.99247091033539,75.0,,,,,,1.0979999999999999,,7.894259673904032,0.0,7.894259673904032,15.4,121.5715989781221,60.99886944855147,161.78053356376364,-40.20893458564154
/nfl/rankings/ppr-cheatsheets.php,redraft-overall,ro,Cade Otton,23181,TE,TB,239.02,24.66,181,295,,cade-otton.php,,,6.6,,,,,,10.0,Cade Otton,2026-09-04,TBB,cade otton,23181,23181.0,00-0038129,8111.0,1999-04-15,2022.0,TE,27.394934976043807,29.0,00-0038129,9.01382180073649,14.839999999999998,45.0,6.825183980204224,0.9965515058179328,9.04501347708895,8.28218278671025,0.5255833333333333,8.666720058498875,14.96,129.65413207514317,45.730602097384796,141.4555441643843,-11.801412089241126
/nfl/rankings/ppr-cheatsheets.php,redraft-overall,ro,Kaytron Allen,24362,RB,WAS,235.83,31.33,152,324,,kaytron-allen.php,,,5.2,,,,,,7.0,Kaytron Allen,2026-09-04,WAS,kaytron allen,24362,24362.0,00-0041096,13405.0,2003-01-08,2026.0,RB,23.66050650239562,66.0,,,,,,1.0369529089664613,,8.393064618562644,0.0,8.393064618562644,15.6,130.93180804957723,74.25872802407571,161.23689076876227,-30.305082719185037
/nfl/rankings/ppr-cheatsheets.php,redraft-overall,ro,Jaylen Wright,25987,RB,MIA,238.65,26.54,164,310,,jaylen-wright.php,,,3.8,,,,,,6.0,Jaylen Wright,2026-09-04,MIA,jaylen wright,25987,25987.0,00-0039874,11643.0,2003-04-01,2024.0,RB,23.43326488706365,70.0,00-0039874,4.957436514055716,9.04,22.0,5.3876266168667035,1.040134291581109,4.766150442477877,5.413014092868675,0.32016666666666665,5.267153338052059,10.64,56.04251151687391,50.31166641025815,161.23689076876227,-105.19437925188836
/nfl/rankings/ppr-cheatsheets.php,redraft-overall,ro,Malik Davis,24205,RB,DAL,237.71,49.86,146,315,,malik-davis.php,,,8.5,,,,,12.0,14.0,Malik Davis,2026-09-04,DAL,malik davis,24205,24205.0,00-0037563,8800.0,1998-11-26,2022.0,RB,27.7782340862423,69.0,00-0037563,5.067142140657084,5.3999999999999995,9.0,6.09836043539573,0.9240988706365503,5.483333333333333,5.413014092868675,0.19124999999999998,5.346866082008209,11.82,63.199957089337026,55.54869435762433,161.23689076876227,-98.03693367942523
/nfl/rankings/ppr-cheatsheets.php,redraft-overall,ro,Justice Hill,18256,RB,BAL,233.86,43.07,132,317,,justice-hill.php,,,9.9,,,,,,13.0,Justice Hill,2026-09-04,BAL,justice hill,18256,18256.0,00-0034975,5995.0,1997-11-14,2019.0,RB,28.810403832991103,65.0,00-0034975,7.046647382352034,11.52,40.0,7.0313618652069945,0.8587109171800137,8.20607638888889,8.393064618562644,0.408,7.843726386188715,14.24,111.6946637393273,67.92573738194247,161.23689076876227,-49.54222702943497
/nfl/rankings/ppr-cheatsheets.php,redraft-overall,ro,Najee Harris,19302,RB,NYG,235.92,48.4,141,327,,najee-harris-rb.php,,,10.8,,,,,8.0,8.0,Najee Harris,2026-09-04,NYG,najee harris,19302,19302.0,00-0036893,7528.0,1998-03-09,2021.0,RB,28.49555099247091,67.0,00-0036893,10.208562162957834,8.6,37.0,7.655355198370173,0.8786568446269678,11.618372093023257,8.393064618562644,0.3045833333333333,8.946034912293012,13.64,122.02391620367669,66.2774853084159,161.23689076876227,-39.212974565085574
/nfl/rankings/ppr-cheatsheets.php,redraft-overall,ro,Antonio Williams,25418,WR,WAS,237.78,41.4,137,374,,antonio-williams-wr.php,,,6.2,,,,,,7.0,Antonio Williams,2026-09-04,WAS,antonio williams,25418,25418.0,00-0041040,13301.0,2004-07-14,2026.0,WR,22.14647501711157,89.0,,,,,,1.0979999999999999,,7.808465658507805,0.0,7.808465658507805,15.4,120.2503711410202,60.92417420823238,161.78053356376364,-41.530162422743444
/nfl/rankings/ppr-cheatsheets.php,redraft-overall,ro,Emanuel Wilson,25885,RB,SEA,237.18,38.88,146,326,,emanuel-wilson.php,,,2.1,,,,,,11.0,Emanuel Wilson,2026-09-04,SEA,emanuel wilson,25885,25885.0,00-0038797,11435.0,1999-05-08,2023.0,RB,27.33196440793977,68.0,00-0038797,6.117577057615654,14.959999999999997,38.0,6.723142659959965,0.9523700547570156,6.423529411764707,6.117577057615654,0.5298333333333332,6.117577057615654,13.84,84.66726647740066,64.94970429199543,161.23689076876227,-76.5696242913616
/nfl/rankings/ppr-cheatsheets.php,redraft-overall,ro,Greg Dulcich,23153,TE,MIA,215.31,39.45,131,306,,greg-dulcich.php,,,8.9,,,,,,6.0,Greg Dulcich,2026-09-04,MIA,greg dulcich,23153,23153.0,00-0037252,8172.0,2000-03-26,2022.0,TE,26.4476386036961,24.0,00-0037252,6.534655214274852,6.479999999999999,14.0,4.128871809293965,0.9920477412731007,6.587037037037039,8.28218278671025,0.22949999999999995,7.881125208836327,10.124444444444444,79.79201433657401,33.84018303055629,141.4555441643843,-61.66352982781028
/nfl/rankings/ppr-cheatsheets.php,redraft-overall,ro,Ted Hurst III,28130,WR,TB,242.11,37.04,150,344,,ted-hurst.php,,,4.4,,,,,,10.0,Ted Hurst,2026-09-04,TBB,ted hurst,28130,28130.0,00-0041048,13317.0,2004-07-02,2026.0,WR,22.17932922655715,90.0,,,,,,1.0979999999999999,,7.808465658507805,0.0,7.808465658507805,15.4,120.2503711410202,60.92417420823238,161.78053356376364,-41.530162422743444
/nfl/rankings/ppr-cheatsheets.php,redraft-overall,ro,George Holani,22915,RB,SEA,241.81,34.84,154,329,,george-holani.php,,,3.5,,,,,,11.0,George Holani,2026-09-04,SEA,george holani,22915,22915.0,00-0039299,12048.0,1999-12-16,2024.0,RB,26.72416153319644,71.0,00-0039299,3.435806388904304,2.9600000000000004,6.0,3.6968567729897246,0.9795787816563998,3.5074324324324313,5.413014092868675,0.10483333333333335,5.2057368185697435,12.88,67.0498902231783,60.14667704679684,161.23689076876227,-94.18700054558397
/nfl/rankings/ppr-cheatsheets.php,redraft-overall,ro,Evan Engram,16411,TE,DEN,255.13,26.31,181,336,,evan-engram.php,,,3.7,,,,,,10.0,Evan Engram,2026-09-04,DEN,evan engram,16411,16411.0,00-0033881,4066.0,1994-09-02,2017.0,TE,32.01095140314853,31.0,00-0033881,8.500936906779662,14.16,42.0,6.856815513745944,0.9951,8.542796610169493,8.28218278671025,0.5015,8.39188797792506,14.360000000000001,120.50751136300389,43.99001505430673,141.4555441643843,-20.948032801380407
/nfl/rankings/ppr-cheatsheets.php,redraft-overall,ro,Keon Coleman,26019,WR,BUF,246.62,29.66,149,307,,keon-coleman.php,,,3.8,,,,,,7.0,Keon Coleman,2026-09-04,BUF,keon coleman,26019,26019.0,00-0039901,11637.0,2003-05-17,2024.0,WR,23.307323750855577,93.0,00-0039901,10.082756135791339,10.84,25.0,6.400262364413926,1.0774554072553046,9.357933579335795,7.808465658507805,0.38391666666666663,8.681603677578241,11.16,96.88669704177317,47.352859649257624,161.78053356376364,-64.89383652199047
/nfl/rankings/ppr-cheatsheets.php,redraft-overall,ro,Devaughn Vele,26409,WR,NO,245.27,37.46,163,312,,devaughn-vele.php,,,7.9,,,,,,8.0,Devaughn Vele,2026-09-04,NOS,devaughn vele,26409,26409.0,00-0039424,11834.0,1997-12-12,2024.0,WR,28.733744010951405,92.0,00-0039424,7.295371537179045,9.04,22.0,6.0687801073479335,0.8879784394250513,8.215707964601771,7.808465658507805,0.32016666666666665,7.644190023995714,10.559999999999999,80.72264665339473,44.11903194122895,161.78053356376364,-81.05788691036891
/nfl/rankings/ppr-cheatsheets.php,redraft-overall,ro,Jack Bech,27224,WR,LV,244.66,28.55,180,376,,jack-bech.php,,,2.4,,,,,,13.0,Jack Bech,2026-09-04,LVR,jack bech,27224,27224.0,00-0040729,12483.0,2002-12-18,2025.0,WR,23.718001368925396,91.0,00-0040729,3.950631051933607,7.199999999999998,12.0,3.3184830187081786,1.0500016084873374,3.7625,7.808465658507805,0.25499999999999995,6.824717833831386,10.84,73.97994131873222,44.15543739084885,161.78053356376364,-87.80059224503142
/nfl/rankings/ppr-cheatsheets.php,redraft-overall,ro,David Njoku,16399,TE,LAC,254.16,28.98,155,355,,david-njoku.php,,,9.2,,,,,,7.0,David Njoku,2026-09-04,LAC,david njoku,16399,16399.0,00-0033885,4033.0,1996-07-10,2017.0,TE,30.15742642026009,30.0,00-0033885,9.849008268494257,11.599999999999998,38.0,7.5832179061552285,0.9314697923796484,10.573620689655172,8.28218278671025,0.4108333333333332,8.92588692214318,13.56,121.03502666426152,42.89050123074985,141.4555441643843,-20.42051750012277
/nfl/rankings/ppr-cheatsheets.php,redraft-overall,ro,Kaleb Johnson,27165,RB,GB,248.63,46.93,145,381,,kaleb-johnson-rb.php,,,14.8,,,,,17.0,11.0,Kaleb Johnson,2026-09-04,GBP,kaleb johnson,27165,27165.0,00-0040142,12504.0,2003-08-14,2025.0,RB,23.06365503080082,72.0,00-0040142,0.9721372114989735,5.999999999999999,10.0,0.9721682524702765,1.0453088295687885,0.9300000000000002,5.413014092868675,0.21249999999999997,4.469327755577614,11.511111111111111,51.446928386426755,53.64912935099408,161.23689076876227,-109.78996238233552
/nfl/rankings/ppr-cheatsheets.php,redraft-overall,ro,Chris Brooks,25823,RB,GB,250.89,42.64,145,327,,christopher-brooks.php,,,5.4,,,,,,11.0,Chris Brooks,2026-09-04,GBP,chris brooks,25823,25823.0,00-0038685,11370.0,2000-01-11,2023.0,RB,26.652977412731005,73.0,00-0038685,2.9010908019312955,11.84,28.0,2.627203031209383,0.9811733059548255,2.956756756756757,5.413014092868675,0.41933333333333334,4.359680926202267,11.84,51.618622166234836,55.0515982709063,161.23689076876227,-109.61826860252742
/nfl/rankings/ppr-cheatsheets.php,redraft-overall,ro,Fernando Mendoza,28013,QB,LV,261.28,39.51,159,343,,fernando-mendoza.php,,,18.7,,,,,,13.0,Fernando Mendoza,2026-09-04,LVR,fernando mendoza,28013,28013.0,00-0041562,13269.0,2003-10-01,2026.0,QB,22.93223819301848,30.0,,,,,,0.993,,14.91197141100046,0.0,14.91197141100046,15.8,235.60914829380727,95.15676636798072,308.62175610452914,-73.01260781072187
/nfl/rankings/ppr-cheatsheets.php,redraft-overall,ro,Samaje Perine,16423,RB,CIN,259.0,45.75,157,408,,samaje-perine.php,,,5.0,,,,,,6.0,Samaje Perine,2026-09-04,CIN,samaje perine,16423,16423.0,00-0033526,4147.0,1995-09-16,2017.0,RB,30.973305954825463,76.0,00-0033526,4.919954600093663,15.2,48.0,4.098570499801604,0.8103253935660506,6.071578947368422,5.413014092868675,0.5383333333333333,5.14758373259146,15.84,81.53772632424874,73.30414097170849,161.23689076876227,-79.69916444451353
/nfl/rankings/ppr-cheatsheets.php,redraft-overall,ro,Cyrus Allen,28424,WR,KC,219.45,57.45,133,435,,cyrus-allen.php,,,14.2,,,,,,5.0,Cyrus Allen,2026-09-04,KCC,cyrus allen,28424,28424.0,00-0040890,13413.0,2003-02-11,2026.0,WR,23.567419575633128,79.0,,,,,,1.0600680013689252,,7.894259673904032,0.0,7.894259673904032,15.4,121.5715989781221,60.99886944855147,161.78053356376364,-40.20893458564154
/nfl/rankings/ppr-cheatsheets.php,redraft-overall,ro,Chimere Dike,27315,WR,TEN,252.17,32.43,174,346,,chimere-dike.php,,,3.5,,,,,,9.0,Chimere Dike,2026-09-04,TEN,chimere dike,27315,27315.0,00-0040705,12540.0,2001-12-14,2025.0,WR,24.72826830937714,94.0,00-0040705,7.5765409439545826,10.2,17.0,6.905127836700525,0.9824652635181382,7.711764705882352,7.808465658507805,0.36124999999999996,7.724682855375453,9.884444444444444,76.35419853491113,41.98446885265217,161.78053356376364,-85.4263350288525
/nfl/rankings/ppr-cheatsheets.php,redraft-overall,ro,Elic Ayomanor,27059,WR,TEN,254.04,29.51,184,333,,elic-ayomanor.php,,,2.2,,,,,,9.0,Elic Ayomanor,2026-09-04,TEN,elic ayomanor,27059,27059.0,00-0040170,12499.0,2003-06-03,2025.0,WR,23.260780287474333,95.0,00-0040170,8.374392992813142,9.6,16.0,4.501518262393997,1.0805668377823407,7.750000000000001,7.808465658507805,0.33999999999999997,8.00088095217162,10.03111111111111,80.25772581800598,42.80999498834125,161.78053356376364,-81.52280774575766
/nfl/rankings/ppr-cheatsheets.php,redraft-overall,ro,Demond Claiborne,28084,RB,MIN,253.21,31.84,156,323,,demond-claiborne.php,,,3.8,,,,,,6.0,Demond Claiborne,2026-09-04,MIN,demond claiborne,28084,28084.0,00-0041104,13347.0,2003-10-09,2026.0,RB,22.910335386721425,74.0,,,,,,1.0462,,5.413014092868675,0.0,5.413014092868675,15.6,84.44301984875133,72.36182196303835,161.23689076876227,-76.79387092001093
/nfl/rankings/ppr-cheatsheets.php,redraft-overall,ro,Ollie Gordon II,25984,RB,MIA,258.43,26.86,177,322,,ollie-gordon.php,,,1.5,,,,,,6.0,Ollie Gordon,2026-09-04,MIA,ollie gordon,25984,25984.0,00-0040198,12495.0,2004-01-15,2025.0,RB,22.64202600958248,75.0,00-0040198,3.8970950000000006,9.6,16.0,4.854036121277495,1.0462,3.7250000000000005,5.413014092868675,0.33999999999999997,4.897601601293326,10.124444444444444,49.58549532331643,47.79378180888492,161.23689076876227,-111.65139544544584
/nfl/rankings/ppr-cheatsheets.php,redraft-overall,ro,Isaiah Davis,25977,RB,NYJ,262.01,23.09,201,317,,isaiah-davis.php,,,1.4,,,,,,13.0,Isaiah Davis,2026-09-04,NYJ,isaiah davis,25977,25977.0,00-0039798,11571.0,2002-02-21,2024.0,RB,24.539356605065024,77.0,00-0039798,5.256840767620162,11.52,24.0,5.363027194449586,1.0246490075290897,5.130381944444444,5.413014092868675,0.408,5.349295376167282,11.04,59.05622095288679,52.12188561924094,161.23689076876227,-102.18066981587548
/nfl/rankings/ppr-cheatsheets.php,redraft-overall,ro,Colby Parkinson,19372,TE,LAR,266.14,18.64,215,309,,colby-parkinson.php,,,4.0,,,,,,11.0,Colby Parkinson,2026-09-04,LAR,colby parkinson,19372,19372.0,00-0036244,6865.0,1999-01-08,2020.0,TE,27.66050650239562,32.0,00-0036244,7.444982182803306,14.28,43.0,5.673314044547685,0.9791698494182066,7.603361344537816,8.28218278671025,0.5057499999999999,7.858768581284313,14.56,114.4236705434996,43.78905300405418,141.4555441643843,-27.031873620884696
/nfl/rankings/ppr-cheatsheets.php,redraft-overall,ro,LeQuint Allen Jr.,27285,RB,JAC,264.39,30.71,145,337,,lequint-allen-jr.php,,,1.4,,,,,,7.0,LeQuint Allen,2026-09-04,JAC,lequint allen,27285,27285.0,00-0040238,12544.0,2004-08-05,2025.0,RB,22.086242299794662,79.0,00-0040238,1.946679285714286,8.399999999999999,14.0,1.0143543932792103,1.0462,1.860714285714286,5.413014092868675,0.29749999999999993,4.3817794877402445,10.497777777777777,45.99894733352203,49.104750818705575,161.23689076876227,-115.23794343524023
/nfl/rankings/ppr-cheatsheets.php,redraft-overall,ro,Tyquan Thornton,22913,WR,KC,265.74,30.2,166,341,,tyquan-thornton.php,,,1.6,,,,,,5.0,Tyquan Thornton,2026-09-04,KCC,tyquan thornton,22913,22913.0,00-0038104,8188.0,2000-08-07,2022.0,WR,26.0807665982204,97.0,00-0038104,6.362671694395184,8.799999999999999,24.0,4.853983404514724,0.9722436344969199,6.544318181818182,7.808465658507805,0.31166666666666665,7.357859873026038,10.96,80.64214420836538,45.13550019174426,161.78053356376364,-81.13838935539826
/nfl/rankings/ppr-cheatsheets.php,redraft-overall,ro,Jordan James,27310,RB,SF,264.32,40.04,164,397,,jordan-james.php,,,3.6,,,,,,8.0,Jordan James,2026-09-04,SFO,jordan james,27310,27310.0,00-0040177,12467.0,2004-03-29,2025.0,RB,22.439425051334705,78.0,,,,,,1.0462,,5.413014092868675,0.0,5.413014092868675,15.6,84.44301984875133,72.36182196303835,161.23689076876227,-76.79387092001093
/nfl/rankings/ppr-cheatsheets.php,redraft-overall,ro,Ty Johnson,18406,RB,BUF,265.44,30.76,160,381,,ty-johnson.php,,,1.7,,,,,,7.0,Ty Johnson,2026-09-04,BUF,ty johnson,18406,18406.0,00-0035537,6039.0,1997-09-17,2019.0,RB,28.969199178644764,80.0,00-0035537,5.2720577866425815,15.799999999999999,41.0,5.587825944004323,0.8486512320328542,6.2122784810126594,5.413014092868675,0.5595833333333333,5.334137293176323,14.44,77.0249425134661,67.14979689975385,161.23689076876227,-84.21194825529616
/nfl/rankings/ppr-cheatsheets.php,redraft-overall,ro,Tory Horton,26022,WR,SEA,263.77,24.98,197,351,,tory-horton.php,,,2.8,,,,,,11.0,Tory Horton,2026-09-04,SEA,tory horton,26022,26022.0,00-0040648,12497.0,2002-11-29,2025.0,WR,23.770020533880903,96.0,00-0040648,9.994305415811088,4.2,7.0,8.95404936327693,1.0465241273100616,9.549999999999999,7.808465658507805,0.14875000000000002,8.133609322406668,12.351111111111111,100.45911247541392,50.691458840301934,161.78053356376364,-61.32142108834972
/nfl/rankings/ppr-cheatsheets.php,redraft-overall,ro,Seth McGowan,23079,RB,IND,266.32,40.28,169,338,,seth-mcgowan.php,,,1.7,,,,,,13.0,Seth McGowan,2026-09-04,IND,seth mcgowan,23079,23079.0,00-0041125,13424.0,2001-10-23,2026.0,RB,24.870636550308006,81.0,,,,,,1.020011088295688,,5.413014092868675,0.0,5.413014092868675,15.6,84.44301984875133,72.36182196303835,161.23689076876227,-76.79387092001093
/nfl/rankings/ppr-cheatsheets.php,redraft-overall,ro,Elijah Sarratt,27463,WR,BAL,268.32,28.27,202,370,,elijah-sarratt.php,,,3.1,,,,,,13.0,Elijah Sarratt,2026-09-04,BAL,elijah sarratt,27463,27463.0,00-0040876,13268.0,2003-05-28,2026.0,WR,23.277207392197127,98.0,,,,,,1.079468685831622,,7.808465658507805,0.0,7.808465658507805,15.4,120.2503711410202,60.92417420823238,161.78053356376364,-41.530162422743444
/nfl/rankings/ppr-cheatsheets.php,redraft-overall,ro,Michael Penix Jr.,22973,QB,ATL,282.37,28.81,174,345,,michael-penix-jr.php,,,4.1,,,,,,11.0,Michael Penix,2026-09-04,ATL,michael penix,22973,22973.0,00-0039917,11559.0,2000-05-08,2024.0,QB,26.32991101984942,32.0,00-0039917,13.634063054716755,6.799999999999999,14.0,11.115674730994728,1.0221834360027378,13.338176470588238,13.634063054716755,0.24083333333333326,13.634063054716755,10.604444444444447,144.58166421579637,68.25204396442524,308.62175610452914,-164.04009188873277
/nfl/rankings/ppr-cheatsheets.php,redraft-overall,ro,Tua Tagovailoa,19198,QB,ATL,281.77,31.68,153,344,,tua-tagovailoa.php,,,5.9,,,,,,11.0,Tua Tagovailoa,2026-09-04,ATL,tua tagovailoa,19198,19198.0,00-0036212,6768.0,1998-03-02,2020.0,QB,28.51471594798084,31.0,00-0036212,17.10539735268763,13.52,42.0,12.102233456918633,0.9982241273100615,17.135828402366865,14.91197141100046,0.47883333333333333,15.962256866078333,14.72,234.96442106867306,90.97761612170642,308.62175610452914,-73.65733503585608
/nfl/rankings/ppr-cheatsheets.php,redraft-overall,ro,Mason Taylor,26005,TE,NYJ,276.24,24.22,203,342,,mason-taylor.php,,,2.9,,,,,,13.0,Mason Taylor,2026-09-04,NYJ,mason taylor,26005,26005.0,00-0040736,12498.0,2004-05-08,2025.0,TE,22.32991101984942,34.0,00-0040736,8.147180769230772,7.799999999999998,13.0,5.603144149401687,1.119,7.280769230769233,8.147180769230772,0.2762499999999999,8.147180769230772,10.321111111111112,84.08795796153849,34.6761613446117,141.4555441643843,-57.3675862028458
/nfl/rankings/ppr-cheatsheets.php,redraft-overall,ro,Darius Slayton,18706,WR,NYG,272.71,23.95,209,371,,darius-slayton.php,,,1.6,,,,,,8.0,Darius Slayton,2026-09-04,NYG,darius slayton,18706,18706.0,00-0035535,6149.0,1997-01-12,2019.0,WR,29.648186173853524,102.0,00-0035535,6.817176117527567,14.919999999999996,47.0,6.825821796731882,0.8617492813141683,7.910857908847187,7.808465658507805,0.5284166666666665,7.284651743561498,15.559999999999999,113.3491811298169,61.05104001054217,161.78053356376364,-48.43135243394674
/nfl/rankings/ppr-cheatsheets.php,redraft-overall,ro,Xavier Legette,26136,WR,CAR,269.99,28.59,197,335,,xavier-legette.php,,,1.5,,,,,,5.0,Xavier Legette,2026-09-04,CAR,xavier legette,26136,26136.0,00-0039342,11626.0,2001-01-29,2024.0,WR,25.60164271047228,99.0,00-0039342,6.849892495130983,13.2,30.0,6.1891546318920865,0.9687220739219713,7.071060606060607,7.808465658507805,0.4674999999999999,7.3603327046291405,12.16,89.50164568829035,49.22863911885391,161.78053356376364,-72.27888787547329
/nfl/rankings/ppr-cheatsheets.php,redraft-overall,ro,Christian Kirk,17268,WR,SF,273.41,33.36,205,383,,christian-kirk.php,,,2.3,,,,,,8.0,Christian Kirk,2026-09-04,SFO,christian kirk,17268,17268.0,00-0034775,4950.0,1996-11-18,2018.0,WR,29.79876796714579,103.0,00-0034775,6.523286901868825,10.279999999999998,31.0,7.155720021930572,0.8589032854209446,7.59490272373541,7.808465658507805,0.36408333333333326,7.3405534928614955,12.36,90.72924117176808,49.897115675872016,161.78053356376364,-71.05129239199556
/nfl/rankings/ppr-cheatsheets.php,redraft-overall,ro,Kendre Miller,24360,RB,NO,278.05,34.04,189,381,,kendre-miller.php,,,2.0,,,,,,8.0,Kendre Miller,2026-09-04,NOS,kendre miller,24360,24360.0,00-0038551,9757.0,2002-06-11,2023.0,RB,24.23819301848049,84.0,00-0038551,5.53994969248069,6.719999999999999,20.0,4.365673517701237,1.028865297741273,5.38452380952381,5.413014092868675,0.23799999999999996,5.443224765576335,10.24,55.73862159950167,48.6939878007175,161.23689076876227,-105.4982691692606
/nfl/rankings/ppr-cheatsheets.php,redraft-overall,ro,Kirk Cousins,11177,QB,LV,289.05,29.41,211,347,,kirk-cousins.php,,,4.8,,,,,,13.0,Kirk Cousins,2026-09-04,LVR,kirk cousins,11177,11177.0,00-0029604,1166.0,1988-08-19,2012.0,QB,38.04791238877481,33.0,00-0029604,12.7884896875,10.879999999999999,32.0,13.748545696551373,0.9055,14.123125000000002,12.7884896875,0.3853333333333333,12.7884896875,12.719999999999999,162.66958882499998,77.45946660656853,308.62175610452914,-145.95216727952916
/nfl/rankings/ppr-cheatsheets.php,redraft-overall,ro,Marvin Mims Jr.,23080,WR,DEN,271.92,25.88,221,340,,marvin-mims.php,,,2.7,,,,,,10.0,Marvin Mims,2026-09-04,DEN,marvin mims,23080,23080.0,00-0038976,9494.0,2002-03-19,2023.0,WR,24.468172484599588,101.0,00-0038976,7.111124934219016,15.279999999999998,46.0,8.251757900841874,0.9998526694045174,7.112172774869112,7.808465658507805,0.5411666666666666,7.431088103213522,15.36,114.14151326535969,60.46287594655581,161.78053356376364,-47.63902029840395
/nfl/rankings/ppr-cheatsheets.php,redraft-overall,ro,Theo Johnson,23104,TE,NYG,285.13,27.18,203,345,,theo-johnson.php,,,2.9,,,,,,8.0,Theo Johnson,2026-09-04,NYG,theo johnson,23104,23104.0,00-0039847,11597.0,2001-02-26,2024.0,TE,25.52498288843258,37.0,00-0039847,8.098622622634833,11.799999999999999,25.0,5.380913800957356,0.9413478097193702,8.603220338983052,7.423293794917836,0.41791666666666666,7.70552496750123,10.96,84.45255364381349,35.37383454656204,141.4555441643843,-57.002990520570805
/nfl/rankings/ppr-cheatsheets.php,redraft-overall,ro,DJ Giddens,27097,RB,IND,278.91,23.7,213,338,,dj-giddens.php,,,0.9,,,,,,13.0,DJ Giddens,2026-09-04,IND,dj giddens,27097,27097.0,00-0040179,12471.0,2003-08-26,2025.0,RB,23.03080082135524,85.0,00-0040179,2.269318271047228,3.0,5.0,1.9973732750790474,1.0457687885010267,2.17,5.413014092868675,0.10625,5.078996411800146,13.277777777777779,67.43778569001306,61.840280670807964,161.23689076876227,-93.79910507874921
/nfl/rankings/ppr-cheatsheets.php,redraft-overall,ro,Deshaun Watson,16398,QB,CLE,291.93,28.12,179,346,,deshaun-watson.php,,,4.9,,,,,,11.0,Deshaun Watson,2026-09-04,CLE,deshaun watson,16398,16398.0,00-0033537,4017.0,1995-09-14,2017.0,QB,30.978781656399725,34.0,00-0033537,11.78863868570903,2.6800000000000006,13.0,8.801463529232525,0.9348089664613278,12.610746268656715,12.742219127917906,0.09491666666666669,12.651708450944914,10.831111111111111,137.0320599775678,68.04969942396272,308.62175610452914,-171.58969612696134
/nfl/rankings/ppr-cheatsheets.php,redraft-overall,ro,Kyle Williams,27487,WR,NE,275.04,29.35,202,341,,kyle-williams-wr-2025.php,,,2.1,,,,,,11.0,Kyle Williams,2026-09-04,NEP,kyle williams,27487,27487.0,00-0040131,12547.0,2002-11-13,2025.0,WR,23.813826146475016,104.0,00-0040131,4.290783949744644,7.799999999999998,13.0,5.723131203216537,1.043595722108145,4.111538461538463,7.808465658507805,0.2762499999999999,6.836706086461982,10.604444444444445,72.49946987688129,43.36508667049907,161.78053356376364,-89.28106368688235
/nfl/rankings/ppr-cheatsheets.php,redraft-overall,ro,Shedeur Sanders,25968,QB,CLE,301.37,23.31,214,359,,shedeur-sanders.php,,,4.6,,,,,,11.0,Shedeur Sanders,2026-09-04,CLE,shedeur sanders,25968,25968.0,00-0040668,12524.0,2002-02-07,2025.0,QB,24.577686516084874,35.0,00-0040668,10.824314065708423,4.8,8.0,13.833772339562957,1.021161704312115,10.600000000000003,12.742219127917906,0.16999999999999998,12.416175267342293,12.297777777777778,152.6913642877161,74.94664837480687,308.62175610452914,-155.93039181681303
/nfl/rankings/ppr-cheatsheets.php,redraft-overall,ro,Eli Stowers,23144,TE,PHI,288.95,33.68,209,371,,eli-stowers.php,,,4.3,,,,,,10.0,Eli Stowers,2026-09-04,PHI,eli stowers,23144,23144.0,00-0041483,13349.0,2003-04-15,2026.0,TE,23.394934976043807,38.0,,,,,,1.078222963723477,,7.423293794917836,0.0,7.423293794917836,14.9,110.60707754427575,44.08362191989106,141.4555441643843,-30.84846662010854
/nfl/rankings/ppr-cheatsheets.php,redraft-overall,ro,Brashard Smith,27259,RB,KC,286.05,27.91,206,379,,brashard-smith.php,,,2.2,,,,,,5.0,Brashard Smith,2026-09-04,KCC,brashard smith,27259,27259.0,00-0040078,12455.0,2003-04-11,2025.0,RB,23.40588637919233,87.0,00-0040078,4.599087750855579,8.999999999999998,15.0,4.234880669595578,1.0405175906913073,4.420000000000001,5.413014092868675,0.3187499999999999,5.153575071352002,10.3,53.08182323492562,48.74289011198014,161.23689076876227,-108.15506753383664
/nfl/rankings/ppr-cheatsheets.php,redraft-overall,ro,Devin Singletary,18280,RB,NYG,291.66,25.87,160,362,,devin-singletary.php,,,0.8,,,,,,8.0,Devin Singletary,2026-09-04,NYG,devin singletary,18280,18280.0,00-0035250,6130.0,1997-09-03,2019.0,RB,29.00752908966461,91.0,00-0035250,6.347726076410017,16.44,49.0,7.536945222191344,0.8465612137805156,7.49824817518248,5.413014092868675,0.58225,5.957250145285621,16.04,95.55429233038136,74.60748494637852,161.23689076876227,-65.68259843838091
/nfl/rankings/ppr-cheatsheets.php,redraft-overall,ro,Mack Hollins,16489,WR,NE,282.35,29.03,198,390,,mack-hollins.php,,,0.7,,,,,,11.0,Mack Hollins,2026-09-04,NEP,mack hollins,16489,16489.0,00-0033555,4177.0,1993-09-16,2017.0,WR,32.9719370294319,106.0,00-0033555,6.4046812893982805,13.959999999999999,39.0,4.987363924998643,0.8173,7.836389684813753,7.808465658507805,0.49441666666666667,7.114411270013903,13.96,99.3171813293941,55.25870594955848,161.78053356376364,-62.46335223436954
/nfl/rankings/ppr-cheatsheets.php,redraft-overall,ro,Skyler Bell,28126,WR,BUF,289.88,29.69,218,371,,skyler-bell.php,,,2.5,,,,,,7.0,Skyler Bell,2026-09-04,BUF,skyler bell,28126,28126.0,00-0041443,13402.0,2002-07-05,2026.0,WR,24.17248459958932,112.0,,,,,,1.0196194045174538,,5.7780067636551,0.0,5.7780067636551,15.4,88.98130416028853,59.373970830720985,161.78053356376364,-72.79922940347511
/nfl/rankings/ppr-cheatsheets.php,redraft-overall,ro,Jaydon Blue,24344,RB,PHI,272.35,47.87,175,412,,jaydon-blue.php,,,3.8,,,,,-24.0,10.0,Jaydon Blue,2026-09-04,PHI,jaydon blue,24344,24344.0,00-0040586,12457.0,2004-01-08,2025.0,RB,22.6611909650924,82.0,00-0040586,4.634666,3.0,5.0,5.381867705546096,1.0462,4.43,5.413014092868675,0.10625,5.330314608001378,13.277777777777779,70.77473285068497,61.983100975217894,161.23689076876227,-90.4621579180773
/nfl/rankings/ppr-cheatsheets.php,redraft-overall,ro,Hollywood Brown,18226,WR,PHI,291.83,20.61,241,363,,marquise-brown.php,,,1.2,,,,,,10.0,Marquise Brown,2026-09-04,PHI,hollywood brown,18226,18226.0,00-0035662,5848.0,1997-06-04,2019.0,WR,29.256673511293634,113.0,00-0035662,8.194768643607514,11.719999999999997,31.0,5.976465942452138,0.8691488706365502,9.428498293515357,5.7780067636551,0.41508333333333325,6.78116434065868,12.36,83.81519125054129,49.35910545167468,161.78053356376364,-77.96534231322235
/nfl/rankings/ppr-cheatsheets.php,redraft-overall,ro,Adam Randall,24367,RB,BAL,292.06,24.3,231,338,,adam-randall.php,,,1.5,,,,,,13.0,Adam Randall,2026-09-04,BAL,adam randall,24367,24367.0,00-0040888,13302.0,2004-07-14,2026.0,RB,22.14647501711157,92.0,,,,,,1.0462,,5.413014092868675,0.0,5.413014092868675,15.6,84.44301984875133,72.36182196303835,161.23689076876227,-76.79387092001093
/nfl/rankings/ppr-cheatsheets.php,redraft-overall,ro,Emari Demercado,25654,RB,DAL,293.96,32.78,169,379,,emari-demercado.php,,,1.1,,,,,,14.0,Emari Demercado,2026-09-04,DAL,emari demercado,25654,25654.0,00-0038705,11199.0,1999-01-20,2023.0,RB,27.627652292950035,94.0,00-0038705,5.164247017844581,11.56,35.0,5.227057513754831,0.9336382272416153,5.531314878892734,5.413014092868675,0.40941666666666665,5.311164706235894,13.239999999999998,70.31982071056323,61.80443208078638,161.23689076876227,-90.91707005819903
/nfl/rankings/ppr-cheatsheets.php,redraft-overall,ro,Devin Neal,23682,RB,FA,276.42,38.66,201,382,,devin-neal.php,,,2.2,,,,,,,Devin Neal,2026-09-04,FA,devin neal,23682,23682.0,00-0040202,12476.0,2003-08-12,2025.0,RB,23.069130732375086,83.0,00-0040202,7.403727869039471,5.3999999999999995,9.0,5.669821425759369,1.0452321697467488,7.083333333333334,5.413014092868675,0.19124999999999998,5.79373810256134,11.82,68.48198437227504,55.85079760504088,161.23689076876227,-92.75490639648723
/nfl/rankings/ppr-cheatsheets.php,redraft-overall,ro,Mike Gesicki,17272,TE,CIN,277.84,21.71,236,357,,mike-gesicki.php,,,2.7,,,,,,6.0,Mike Gesicki,2026-09-04,CIN,mike gesicki,17272,17272.0,00-0034829,4993.0,1995-10-03,2018.0,TE,30.92676249144421,35.0,00-0034829,6.883087450907912,13.479999999999999,43.0,6.608555145220453,0.9580375313712067,7.184569732937687,7.423293794917836,0.47741666666666666,7.165390282848431,14.56,104.32808251827316,42.97742855501527,141.4555441643843,-37.12746164611113
/nfl/rankings/ppr-cheatsheets.php,redraft-overall,ro,Isaiah Bond,24371,WR,CLE,295.52,23.35,244,373,,isaiah-bond.php,,,0.7,,,,,,11.0,Isaiah Bond,2026-09-04,CLE,isaiah bond,24371,24371.0,00-0040782,12503.0,2004-03-15,2025.0,WR,22.477754962354556,115.0,00-0040782,4.33344,8.999999999999998,15.0,3.5660335441629316,1.0979999999999999,3.9466666666666677,5.401371763487999,0.3187499999999999,5.0609685138762,10.2,51.62187884153724,40.25723184146541,161.78053356376364,-110.1586547222264
/nfl/rankings/ppr-cheatsheets.php,redraft-overall,ro,Trevor Etienne,25393,RB,CAR,301.12,21.39,237,354,,trevor-etienne.php,,,0.9,,,,,,5.0,Trevor Etienne,2026-09-04,CAR,trevor etienne,25393,25393.0,00-0040644,12531.0,2004-07-09,2025.0,RB,22.16016427104723,96.0,00-0040644,2.02047375,4.8,8.0,1.4711359799245518,1.0462,1.93125,5.413014092868675,0.16999999999999998,4.836282234581001,12.151111111111112,58.76620279708647,56.69945035070184,161.23689076876227,-102.4706879716758
/nfl/rankings/ppr-cheatsheets.php,redraft-overall,ro,Brandon Aiyuk,19252,WR,SF,279.1,56.29,142,397,,brandon-aiyuk.php,,,3.0,,,,,,8.0,Brandon Aiyuk,2026-09-04,SFO,brandon aiyuk,19252,19252.0,00-0036261,6803.0,1998-03-17,2020.0,WR,28.47364818617385,105.0,00-0036261,12.654472230572193,3.8800000000000017,23.0,9.6621265632013,0.9016334702258728,14.035051546391745,7.808465658507805,0.13741666666666671,8.474387728285652,10.76,91.18441195635361,45.78507664355923,161.78053356376364,-70.59612160741003
/nfl/rankings/ppr-cheatsheets.php,redraft-overall,ro,Darren Waller,14104,TE,CAR,268.11,31.25,209,345,,darren-waller.php,,,5.0,,,,,,5.0,Darren Waller,2026-09-04,CAR,darren waller,14104,14104.0,00-0031610,2505.0,1992-09-13,2015.0,TE,33.97946611909651,33.0,00-0031610,11.251327788461543,6.239999999999998,20.0,7.290247180128286,0.9951,11.306730769230773,8.28218278671025,0.22099999999999995,8.938363832097284,9.96,89.02610376768897,35.24197260945856,141.4555441643843,-52.42944039669533
/nfl/rankings/ppr-cheatsheets.php,redraft-overall,ro,Jake Tonges,24778,TE,SF,292.55,32.95,158,356,,jake-tonges.php,,,3.3,,,,,,8.0,Jake Tonges,2026-09-04,SFO,jake tonges,24778,24778.0,00-0037112,8698.0,1999-07-08,2022.0,TE,27.16495550992471,39.0,00-0037112,11.077060097535936,5.3999999999999995,9.0,6.184456322103019,1.0116036618754278,10.950000000000001,7.423293794917836,0.19124999999999998,8.122076600293548,11.33,92.0231278813259,36.79988500192635,141.4555441643843,-49.43241628305839
/nfl/rankings/ppr-cheatsheets.php,redraft-overall,ro,Trey Benson,25388,RB,ARI,290.52,30.37,212,352,,trey-benson.php,,,1.8,,,,,,14.0,Trey Benson,2026-09-04,ARI,trey benson,25388,25388.0,00-0039921,11589.0,2002-07-23,2024.0,RB,24.123203285420946,89.0,00-0039921,6.606848513432581,5.76,16.0,4.17687956693351,1.0304751540041068,6.411458333333334,5.413014092868675,0.204,5.656556314663712,10.124444444444444,57.26949015468416,48.356944115318775,161.23689076876227,-103.9674006140781
/nfl/rankings/ppr-cheatsheets.php,redraft-overall,ro,Andrei Iosivas,25335,WR,CIN,283.65,36.25,168,389,,andrei-iosivas.php,,,1.7,,,,,,6.0,Andrei Iosivas,2026-09-04,CIN,andrei iosivas,25335,25335.0,00-0038619,10226.0,1999-10-15,2023.0,WR,26.89390828199863,108.0,00-0038619,6.547879239679097,14.839999999999998,41.0,5.540195140527268,0.97822022587269,6.693665768194071,6.547879239679097,0.5255833333333333,6.547879239679097,14.36,94.02754588179182,56.20326207786308,161.78053356376364,-67.75298768197182
/nfl/rankings/ppr-cheatsheets.php,redraft-overall,ro,DeMario Douglas,25304,WR,NE,271.61,54.05,166,420,,demario-douglas.php,,,1.7,,,,,,11.0,Demario Douglas,2026-09-04,NEP,demario douglas,25304,25304.0,00-0038621,9501.0,2000-12-08,2023.0,WR,25.744010951403148,100.0,00-0038621,7.481246945324634,15.759999999999998,46.0,5.3950482753836235,0.9697684804928132,7.714467005076143,7.808465658507805,0.5581666666666666,7.625823080099398,15.36,117.13264251032675,60.626565239563774,161.78053356376364,-44.647891053436894
/nfl/rankings/ppr-cheatsheets.php,redraft-overall,ro,Jerome Ford,22921,RB,WAS,295.87,25.76,231,365,,jerome-ford.php,,,1.9,,,,,,7.0,Jerome Ford,2026-09-04,WAS,jerome ford,22921,22921.0,00-0037267,8143.0,1999-09-12,2022.0,RB,26.98425735797399,95.0,00-0037267,6.846981283745603,13.759999999999998,44.0,7.882041551331312,0.9737526351813826,7.03154069767442,5.413014092868675,0.48733333333333323,6.111834103889365,15.04,91.92198492249604,70.25279462716784,161.23689076876227,-69.31490584626623
/nfl/rankings/ppr-cheatsheets.php,redraft-overall,ro,Isaac Guerendo,26392,RB,SF,303.0,27.47,234,364,,isaac-guerendo.php,,,0.7,,,,,,8.0,Isaac Guerendo,2026-09-04,SFO,isaac guerendo,26392,26392.0,00-0039363,11651.0,2000-06-28,2024.0,RB,26.190280629705683,97.0,00-0039363,7.737807774969722,3.6400000000000015,13.0,9.286133514064163,0.9915377138945927,7.803846153846151,5.413014092868675,0.1289166666666667,5.712718745052868,10.717777777777778,61.22765001642218,50.97769679020019,161.23689076876227,-100.00924075234008
/nfl/rankings/ppr-cheatsheets.php,redraft-overall,ro,Darnell Washington,22967,TE,PIT,298.26,29.42,226,394,,darnell-washington.php,,,2.6,,,,,,9.0,Darnell Washington,2026-09-04,PIT,darnell washington,22967,22967.0,00-0038558,9479.0,2001-08-17,2023.0,TE,25.05407255304586,41.0,00-0038558,4.53025395967742,12.399999999999999,34.0,3.0001266313143464,0.91547128678987,4.948548387096775,5.492254585132739,0.4391666666666666,5.069775977120278,12.760000000000002,64.69034146805475,36.4112891688462,141.4555441643843,-76.76520269632954
/nfl/rankings/ppr-cheatsheets.php,redraft-overall,ro,Michael Mayer,23056,TE,LV,297.21,30.5,209,351,,michael-mayer.php,,,2.3,,,,,,13.0,Michael Mayer,2026-09-04,LVR,michael mayer,23056,23056.0,00-0039066,9482.0,2001-07-06,2023.0,TE,25.169062286105408,40.0,00-0039066,5.263798268572183,11.719999999999999,35.0,4.980812764832596,0.9217899726214922,5.7104095563139925,5.492254585132739,0.4150833333333333,5.397426175733728,12.96,69.95064323750913,37.220462543875925,141.4555441643843,-71.50490092687517
/nfl/rankings/ppr-cheatsheets.php,redraft-overall,ro,Tahj Brooks,26212,RB,CIN,304.38,22.53,259,394,,tahj-brooks.php,,,0.8,,,,,,6.0,Tahj Brooks,2026-09-04,CIN,tahj brooks,26212,26212.0,00-0040208,12543.0,2002-05-13,2025.0,RB,24.317590691307323,99.0,00-0040208,1.1390937177732148,3.6,6.0,1.1350844315145312,1.0277537303216975,1.1083333333333334,5.413014092868675,0.1275,4.868089245044004,12.88,62.700989476166775,59.95522726158696,161.23689076876227,-98.5359012925955
/nfl/rankings/ppr-cheatsheets.php,redraft-overall,ro,Will Shipley,22930,RB,PHI,306.94,18.59,233,363,,will-shipley.php,,,0.8,,,,,,10.0,Will Shipley,2026-09-04,PHI,will shipley,22930,22930.0,00-0039746,11577.0,2002-08-29,2024.0,RB,24.021902806297057,101.0,00-0039746,2.073589708350445,8.0,16.0,3.0108069239546618,1.0318933607118412,2.0095,5.413014092868675,0.2833333333333333,4.46684385058851,10.124444444444444,45.22431240729167,47.507652448520474,161.23689076876227,-116.01257836147059
/nfl/rankings/ppr-cheatsheets.php,redraft-overall,ro,Audric Estime,23054,RB,NO,310.65,21.48,251,359,,audric-estime.php,,,1.5,,,,,,8.0,Audric Estime,2026-09-04,NOS,audric estime,23054,23054.0,00-0039373,11579.0,2003-09-06,2024.0,RB,23.000684462696785,103.0,00-0039373,7.426691494025381,6.64,18.0,5.553589194491835,1.046190417522245,7.098795180722891,5.413014092868675,0.23516666666666666,5.886563895040694,9.84,57.923788727200424,47.31571655544362,161.23689076876227,-103.31310204156185
/nfl/rankings/ppr-cheatsheets.php,redraft-overall,ro,Tyreek Hill,15802,WR,FA,283.42,50.67,154,378,,tyreek-hill.php,,,8.3,,,,,,,Tyreek Hill,2026-09-04,FA,tyreek hill,15802,15802.0,00-0033040,3321.0,1994-03-01,2016.0,WR,32.51745379876797,107.0,00-0033040,14.171693964757711,9.08,37.0,12.005127157930401,0.8173,17.339647577092514,7.808465658507805,0.32158333333333333,9.85477382799267,13.56,133.6307331075806,56.69852735052306,161.78053356376364,-28.149800456183044
/nfl/rankings/ppr-cheatsheets.php,redraft-overall,ro,Charlie Kolar,22756,TE,LAC,283.6,36.28,196,361,,charlie-kolar.php,,,0.8,,,,,,7.0,Charlie Kolar,2026-09-04,LAC,charlie kolar,22756,22756.0,00-0038046,8127.0,1999-02-10,2022.0,TE,27.57015742642026,36.0,00-0038046,3.6344050085926622,9.28,24.0,3.9454150375899086,0.985083196440794,3.689439655172414,7.423293794917836,0.32866666666666666,6.1780123471456285,10.760000000000002,66.47541285528698,32.82088605927072,141.4555441643843,-74.98013130909732
/nfl/rankings/ppr-cheatsheets.php,redraft-overall,ro,Oscar Delp,25430,TE,NO,313.96,32.59,254,382,,oscar-delp.php,,,1.2,,,,,,8.0,Oscar Delp,2026-09-04,NOS,oscar delp,25430,25430.0,00-0041041,13319.0,2003-08-04,2026.0,TE,23.091033538672143,43.0,,,,,,1.1096007871321012,,5.492254585132739,0.0,5.492254585132739,14.9,81.83459331847781,42.12800033816799,141.4555441643843,-59.62095084590648
/nfl/rankings/ppr-cheatsheets.php,redraft-overall,ro,Jahan Dotson,23101,WR,ATL,284.48,45.19,170,369,,jahan-dotson.php,,,1.5,,,,,,11.0,Jahan Dotson,2026-09-04,ATL,jahan dotson,23101,23101.0,00-0037741,8119.0,2000-03-22,2022.0,WR,26.458590006844627,109.0,00-0037741,4.162713453038043,14.359999999999998,45.0,5.898381476337729,0.975020636550308,4.269359331476323,5.7780067636551,0.5085833333333333,4.956495507430441,15.16,75.1404718926455,57.99665922098103,161.78053356376364,-86.64006167111815
/nfl/rankings/ppr-cheatsheets.php,redraft-overall,ro,Jaleel McLaughlin,25876,RB,CLE,303.86,24.65,242,379,,jaleel-mclaughlin.php,,,0.6,,,,,,11.0,Jaleel McLaughlin,2026-09-04,CLE,jaleel mclaughlin,25876,25876.0,00-0038794,11439.0,2000-09-13,2023.0,RB,25.97946611909651,98.0,00-0038794,5.532763125285698,11.319999999999999,41.0,4.620156329843734,0.9962599589322382,5.553533568904595,5.413014092868675,0.40091666666666664,5.461023475781866,14.44,78.85717899029015,67.21870855085326,161.23689076876227,-82.37971177847211
/nfl/rankings/ppr-cheatsheets.php,redraft-overall,ro,Xavier Hutchinson,25332,WR,HOU,287.55,44.52,205,384,,xavier-hutchinson.php,,,1.9,,,,,,8.0,Xavier Hutchinson,2026-09-04,HOU,xavier hutchinson,25332,25332.0,00-0038618,10218.0,2000-06-01,2023.0,WR,26.26420260095825,111.0,00-0038618,4.7114237146261,14.84,41.0,4.248667294633437,0.9735918891170431,4.83921832884097,5.7780067636551,0.5255833333333333,5.217428489469608,14.36,74.92227310878357,55.25388031377388,161.78053356376364,-86.85826045498007
/nfl/rankings/ppr-cheatsheets.php,redraft-overall,ro,Bryce Lance,28129,WR,NO,285.32,43.11,174,385,,bryce-lance.php,,,1.0,,,,,,8.0,Bryce Lance,2026-09-04,NOS,bryce lance,28129,28129.0,00-0041067,13420.0,2002-08-20,2026.0,WR,24.046543463381244,110.0,,,,,,1.028038569472964,,5.7780067636551,0.0,5.7780067636551,15.4,88.98130416028853,59.373970830720985,161.78053356376364,-72.79922940347511
/nfl/rankings/ppr-cheatsheets.php,redraft-overall,ro,Jarquez Hunter,24335,RB,FA,315.09,22.42,271,383,,jarquez-hunter.php,,,1.2,,,,,,,Jarquez Hunter,2026-09-04,FA,jarquez hunter,24335,24335.0,00-0040692,11569.0,2002-12-29,2025.0,RB,23.68788501026694,105.0,,,,,,1.036569609856263,,5.413014092868675,0.0,5.413014092868675,15.6,84.44301984875133,72.36182196303835,161.23689076876227,-76.79387092001093
/nfl/rankings/ppr-cheatsheets.php,redraft-overall,ro,Elijah Arroyo,23004,TE,SEA,310.25,25.9,259,363,,elijah-arroyo.php,,,1.6,,,,,,11.0,Elijah Arroyo,2026-09-04,SEA,elijah arroyo,23004,23004.0,00-0040739,12521.0,2003-04-05,2025.0,TE,23.42231348391513,42.0,00-0040739,3.1972354255515185,7.799999999999998,13.0,3.482672308767566,1.0753961327857628,2.9730769230769236,5.492254585132739,0.2762499999999999,4.858255542298426,10.321111111111112,50.14259525823343,30.220598114682147,141.4555441643843,-91.31294890615087
/nfl/rankings/ppr-cheatsheets.php,redraft-overall,ro,Jalen Tolbert,23770,WR,MIA,294.16,45.95,180,387,,jalen-tolbert.php,,,1.3,,,,,,6.0,Jalen Tolbert,2026-09-04,MIA,jalen tolbert,23770,23770.0,00-0037666,8117.0,1999-02-27,2022.0,WR,27.52361396303901,114.0,00-0037666,6.043121243348741,12.92,41.0,5.445251343613255,0.9515102669404519,6.35108359133127,5.7780067636551,0.45758333333333334,5.899318730988249,14.36,84.71421697699125,55.715660307591904,161.78053356376364,-77.06631658677239
/nfl/rankings/ppr-cheatsheets.php,redraft-overall,ro,Carson Beck,22953,QB,ARI,322.53,21.19,271,376,,carson-beck.php,,,2.7,,,,,,14.0,Carson Beck,2026-09-04,ARI,carson beck,22953,22953.0,00-0041561,13272.0,2001-11-19,2026.0,QB,24.79671457905544,37.0,,,,,,1.0250713552361397,,12.742219127917906,0.0,12.742219127917906,15.8,201.32706222110292,93.001030330498,308.62175610452914,-107.29469388342622
/nfl/rankings/ppr-cheatsheets.php,redraft-overall,ro,Kareem Hunt,16425,RB,FA,317.31,25.22,251,418,,kareem-hunt.php,,,1.0,,,,,,,Kareem Hunt,2026-09-04,FA,kareem hunt,16425,16425.0,00-0033923,4098.0,1995-08-06,2017.0,RB,31.08555783709788,107.0,00-0033923,8.59273515004788,15.639999999999999,45.0,7.020134642871203,0.8082562172028291,10.631202046035808,5.413014092868675,0.5539166666666666,7.174314581791188,15.24,109.33655422649771,71.80707139618683,161.23689076876227,-51.900336542264554
/nfl/rankings/ppr-cheatsheets.php,redraft-overall,ro,Eli Raridon,28154,TE,NE,315.54,34.37,203,410,,eli-raridon.php,,,1.3,,,,,,11.0,Eli Raridon,2026-09-04,NEP,eli raridon,28154,28154.0,00-0041395,13421.0,2004-02-12,2026.0,TE,22.56536618754278,44.0,,,,,,1.119,,5.492254585132739,0.0,5.492254585132739,14.9,81.83459331847781,42.12800033816799,141.4555441643843,-59.62095084590648
/nfl/rankings/ppr-cheatsheets.php,redraft-overall,ro,Cole Kmet,19229,TE,CHI,324.18,24.41,256,380,,cole-kmet.php,,,1.8,,,,,,10.0,Cole Kmet,2026-09-04,CHI,cole kmet,19229,19229.0,00-0036290,6826.0,1999-03-10,2020.0,TE,27.49349760438056,46.0,00-0036290,6.998175678779692,15.319999999999999,45.0,7.117412138941761,0.9901005817932923,7.068146214099218,5.492254585132739,0.5425833333333333,6.3093422718606815,14.96,94.3877603870358,43.042204036359244,141.4555441643843,-47.067783777348495
/nfl/rankings/ppr-cheatsheets.php,redraft-overall,ro,Dawson Knox,18631,TE,BUF,329.24,30.21,260,413,,dawson-knox.php,,,1.7,,,,,6.0,7.0,Dawson Knox,2026-09-04,BUF,dawson knox,18631,18631.0,00-0035689,5906.0,1996-11-14,2019.0,TE,29.80971937029432,48.0,00-0035689,5.62171248660834,14.719999999999999,40.0,4.181295345850466,0.9194623089208306,6.114130434782609,5.492254585132739,0.5213333333333333,5.559745304435353,13.96,77.61404444991753,39.84797409690097,141.4555441643843,-63.841499714466764
/nfl/rankings/ppr-cheatsheets.php,redraft-overall,ro,Kendrick Bourne,17066,WR,ARI,302.0,43.74,223,443,,kendrick-bourne.php,,,0.8,,,,,,14.0,Kendrick Bourne,2026-09-04,ARI,kendrick bourne,17066,17066.0,00-0033307,4454.0,1995-08-04,2017.0,WR,31.091033538672143,119.0,00-0033307,6.2361595196815305,12.719999999999999,34.0,7.4545212028430345,0.8344794661190964,7.47311320754717,5.401371763487999,0.4504999999999999,5.777443647653184,12.96,74.87566967358528,50.62088506859815,161.78053356376364,-86.90486389017836
/nfl/rankings/ppr-cheatsheets.php,redraft-overall,ro,Tyler Higbee,15623,TE,LAR,325.16,23.9,274,375,,tyler-higbee.php,,,1.7,,,,,,11.0,Tyler Higbee,2026-09-04,LAR,tyler higbee,15623,15623.0,00-0033110,3271.0,1993-01-01,2016.0,TE,33.67830253251198,47.0,00-0033110,8.268736417910446,8.04,27.0,5.665535960595231,0.9951,8.309452736318407,5.492254585132739,0.28474999999999995,6.282857787016191,11.36,71.37326446050392,34.35039491897933,141.4555441643843,-70.08227970388037
/nfl/rankings/ppr-cheatsheets.php,redraft-overall,ro,Erick All Jr.,23837,TE,CIN,317.64,38.93,209,408,,erick-all.php,,,0.6,,,,,,6.0,Erick All,2026-09-04,CIN,erick all,23837,23837.0,00-0039814,11592.0,2000-09-13,2024.0,TE,25.97946611909651,45.0,00-0039814,4.565869858829569,2.24,8.0,2.5625043553969955,0.9663216632443532,4.7250000000000005,5.492254585132739,0.07933333333333334,5.41876139684602,11.637777777777778,63.06234096729468,34.01173203236369,141.4555441643843,-78.3932031970896
/nfl/rankings/ppr-cheatsheets.php,redraft-overall,ro,Olamide Zaccheaus,18864,WR,ATL,315.45,29.8,234,376,,olamide-zaccheaus.php,,,0.7,,,,,,11.0,Olamide Zaccheaus,2026-09-04,ATL,olamide zaccheaus,18864,18864.0,00-0035208,6271.0,1997-07-23,2019.0,WR,29.12251882272416,124.0,00-0035208,5.753617970096061,13.92,40.0,6.248745515127057,0.8716843942505133,6.600574712643679,5.401371763487999,0.49299999999999994,5.575029143345773,14.16,78.94241266977615,54.769714111872865,161.78053356376364,-82.8381208939875
/nfl/rankings/ppr-cheatsheets.php,redraft-overall,ro,Konata Mumpfield,27449,WR,LAR,311.95,31.17,247,383,,konata-mumpfield.php,,,0.6,,,,,,11.0,Konata Mumpfield,2026-09-04,LAR,konata mumpfield,27449,27449.0,00-0040590,12718.0,2002-10-24,2025.0,WR,23.86858316221766,121.0,00-0040590,3.114028228952772,5.3999999999999995,9.0,3.151928422058118,1.0399352156057493,2.994444444444445,5.401371763487999,0.19124999999999998,4.963917312508137,11.68,57.97855421009504,45.43787869759576,161.78053356376364,-103.8019793536686
/nfl/rankings/ppr-cheatsheets.php,redraft-overall,ro,Bam Knight,24901,RB,ARI,310.5,31.04,237,383,,zonovan-bam-knight.php,,,0.7,,,,,,14.0,Bam Knight,2026-09-04,ARI,bam knight,24901,24901.0,00-0037157,8122.0,2001-04-11,2022.0,RB,25.404517453798768,102.0,00-0037157,9.826489152977416,6.239999999999998,12.0,5.841289487672039,1.0091388090349076,9.737500000000002,5.413014092868675,0.22099999999999995,6.388392081152706,10.959999999999999,70.01677720943366,52.56142620654364,161.23689076876227,-91.22011355932861
/nfl/rankings/ppr-cheatsheets.php,redraft-overall,ro,Tez Johnson,27147,WR,TB,316.19,37.4,221,391,,tez-johnson.php,,,0.6,,,,,,10.0,Tez Johnson,2026-09-04,TBB,tez johnson,27147,27147.0,00-0040237,12485.0,2002-05-18,2025.0,WR,24.303901437371664,127.0,00-0040237,6.563683333333333,8.999999999999998,15.0,6.844989477886796,1.0108341889117043,6.493333333333333,5.401371763487999,0.3187499999999999,5.7718585763762,10.2,58.87295747903724,40.89869351993591,161.78053356376364,-102.9075760847264
/nfl/rankings/ppr-cheatsheets.php,redraft-overall,ro,J.J. McCarthy,23018,QB,MIN,330.44,19.19,269,386,,jj-mccarthy.php,,,2.3,,,,,,6.0,JJ McCarthy,2026-09-04,MIN,jj mccarthy,23018,23018.0,00-0039923,11565.0,2003-01-20,2024.0,QB,23.627652292950035,38.0,00-0039923,12.269359504517451,5.999999999999999,10.0,11.333956649525943,1.004203593429158,12.218,12.742219127917906,0.21249999999999997,12.64173645794531,11.644444444444446,147.20599786585208,71.98631903869806,308.62175610452914,-161.41575823867706
/nfl/rankings/ppr-cheatsheets.php,redraft-overall,ro,Max Klare,27993,TE,LAR,332.08,28.82,274,394,,max-klare.php,,,2.1,,,,,,11.0,Max Klare,2026-09-04,LAR,max klare,27993,27993.0,00-0041510,13278.0,2003-07-08,2026.0,TE,23.16495550992471,50.0,,,,,,1.1019683436002736,,5.097326051770256,0.0,5.097326051770256,14.9,75.95015817137683,41.79111424998928,141.4555441643843,-65.50538599300747
/nfl/rankings/ppr-cheatsheets.php,redraft-overall,ro,Jalen Royals,27076,WR,KC,323.19,28.62,270,386,,jalen-royals.php,,,0.6,,,,,,5.0,Jalen Royals,2026-09-04,KCC,jalen royals,27076,27076.0,00-0040646,12505.0,2003-02-18,2025.0,WR,23.548254620123203,134.0,00-0040646,2.5472380287474334,0.6,1.0,,1.061349178644764,2.4,4.495435202872825,0.021249999999999998,4.45403601292266,14.897777777777778,66.35523873474114,56.76257118337707,161.78053356376364,-95.4252948290225
/nfl/rankings/ppr-cheatsheets.php,redraft-overall,ro,Joshua Palmer,22845,WR,BUF,312.54,35.08,244,378,,josh-palmer.php,,,0.7,,,,,,7.0,Josh Palmer,2026-09-04,BUF,joshua palmer,22845,22845.0,00-0036988,7670.0,1999-09-22,2021.0,WR,26.95687885010267,122.0,00-0036988,6.2570470273785075,12.6,37.0,5.826949531344925,0.9786830595482545,6.3933333333333335,5.401371763487999,0.44625,5.783216849999138,13.56,78.42042048598832,52.766535285790845,161.78053356376364,-83.36011307777532
/nfl/rankings/ppr-cheatsheets.php,redraft-overall,ro,Brenen Thompson,28133,WR,LAC,318.05,31.44,234,382,,brenen-thompson.php,,,1.0,,,,,,7.0,Brenen Thompson,2026-09-04,LAC,brenen thompson,28133,28133.0,00-0041550,13380.0,2003-07-25,2026.0,WR,23.11841204654346,130.0,,,,,,1.0900841546885696,,4.948403483180412,0.0,4.948403483180412,15.4,76.20541364097835,58.865214141619326,161.78053356376364,-85.57511992278529
/nfl/rankings/ppr-cheatsheets.php,redraft-overall,ro,Luke McCaffrey,26328,WR,WAS,325.41,31.0,269,401,,luke-mccaffrey.php,,,0.7,,,,,,7.0,Luke McCaffrey,2026-09-04,WAS,luke mccaffrey,26328,26328.0,00-0039355,11650.0,2001-04-02,2024.0,WR,25.429158110882955,137.0,00-0039355,5.48787178845757,7.559999999999999,19.0,4.092197682339531,0.9674543121149897,5.672486772486773,4.488137946295539,0.26774999999999993,4.755816682534423,9.96,47.36793415804286,39.1545427340024,161.78053356376364,-114.41259940572078
/nfl/rankings/ppr-cheatsheets.php,redraft-overall,ro,Noah Gray,19539,TE,KC,330.02,25.0,274,387,,noah-gray.php,,,0.9,,,,,,5.0,Noah Gray,2026-09-04,KCC,noah gray,19539,19539.0,00-0036637,7828.0,1999-04-30,2021.0,TE,27.353867214236825,49.0,00-0036637,4.716550662651474,14.199999999999998,45.0,4.681788810342311,0.9992393908281998,4.720140845070423,5.097326051770256,0.5029166666666666,4.905827762325936,14.96,73.39118332439601,41.78785120279804,141.4555441643843,-68.06436083998828
/nfl/rankings/ppr-cheatsheets.php,redraft-overall,ro,Joe Mixon,16420,RB,FA,318.14,26.75,256,370,,joe-mixon.php,,,2.6,,,,,,,Joe Mixon,2026-09-04,FA,joe mixon,16420,16420.0,00-0033897,4018.0,1996-07-24,2017.0,RB,30.119096509240247,108.0,00-0033897,16.26223961316373,5.960000000000002,31.0,10.016631331231396,0.8260713210130047,19.68624161073825,5.413014092868675,0.2110833333333334,7.7031047797776235,12.440000000000001,95.82662346043365,60.04090346720354,161.23689076876227,-65.41026730832861
/nfl/rankings/ppr-cheatsheets.php,redraft-overall,ro,Mac Jones,20156,QB,SF,339.65,22.58,293,440,,mac-jones.php,,,1.5,,,,,,8.0,Mac Jones,2026-09-04,SFO,mac jones,20156,20156.0,00-0036972,7527.0,1998-09-05,2021.0,QB,28.00273785078713,41.0,00-0036972,13.634284001900147,10.72,32.0,11.72441951242047,1.0052126283367555,13.563582089552238,12.742219127917906,0.3796666666666667,13.080906425073163,12.719999999999999,166.3891297269306,77.78885500644856,308.62175610452914,-142.23262637759854
/nfl/rankings/ppr-cheatsheets.php,redraft-overall,ro,Chris Brazzell II,28047,WR,CAR,299.1,39.88,229,378,,chris-brazzell-ii.php,,,1.7,,,,,,5.0,Chris Brazzell,2026-09-04,CAR,chris brazzell,28047,28047.0,00-0041047,13353.0,2003-10-23,2026.0,WR,22.87200547570157,117.0,,,,,,1.0979999999999999,,5.401371763487999,0.0,5.401371763487999,15.4,83.18112515771519,59.13379005635662,161.78053356376364,-78.59940840604845
/nfl/rankings/ppr-cheatsheets.php,redraft-overall,ro,Malik Benson,26012,WR,LV,317.06,42.61,232,432,,malik-benson.php,,,0.6,,,,,,13.0,Malik Benson,2026-09-04,LVR,malik benson,26012,26012.0,00-0040894,13329.0,2002-10-17,2026.0,WR,23.887748117727583,128.0,,,,,,1.038654038329911,,5.401371763487999,0.0,5.401371763487999,15.4,83.18112515771519,59.13379005635662,161.78053356376364,-78.59940840604845
/nfl/rankings/ppr-cheatsheets.php,redraft-overall,ro,Cedric Tillman,25287,WR,NO,317.74,32.34,270,379,,cedric-tillman.php,,,0.6,,,,,,8.0,Cedric Tillman,2026-09-04,NOS,cedric tillman,25287,25287.0,00-0038979,10444.0,2000-04-19,2023.0,WR,26.38193018480493,129.0,00-0038979,5.955839958374251,11.040000000000001,32.0,6.968858580811841,0.9744571868583162,6.111956521739129,5.401371763487999,0.391,5.618168827688524,12.559999999999999,70.56420047576785,49.07322580838291,161.78053356376364,-91.21633308799579
/nfl/rankings/ppr-cheatsheets.php,redraft-overall,ro,Roman Wilson,28896,WR,PIT,301.1,41.85,225,375,,roman-wilson-wr.php,,,0.7,,,,,,9.0,Roman Wilson,2026-09-04,PIT,roman wilson,28896,,00-0039739,11630.0,2001-06-19,2024.0,,25.21560574948665,118.0,00-0039739,4.384043343029887,5.3999999999999995,9.0,6.461703421785242,0.9658847022587268,4.538888888888889,5.401371763487999,0.19124999999999998,5.206807703075386,11.68,60.8155139719205,45.62127279031135,161.78053356376364,-100.96501959184315
/nfl/rankings/ppr-cheatsheets.php,redraft-overall,ro,Jacob Saylors,25693,RB,DET,286.24,67.18,156,370,,jacob-saylors.php,,,3.6,,,,,28.0,6.0,Jacob Saylors,2026-09-04,DET,jacob saylors,25693,25693.0,00-0038896,11237.0,2001-03-08,2023.0,RB,25.49760438056126,88.0,00-0038896,1.3595224435318276,0.6,1.0,,1.0070536618754278,1.35,5.413014092868675,0.021249999999999998,5.326877395320267,15.091111111111111,80.38849864804429,70.0474153674998,161.23689076876227,-80.84839212071797
/nfl/rankings/ppr-cheatsheets.php,redraft-overall,ro,Ja'Tavion Sanders,24334,TE,CAR,336.64,31.8,246,398,,jatavion-sanders.php,,,0.6,,,,,,5.0,JaTavion Sanders,2026-09-04,CAR,jatavion sanders,24334,24334.0,00-0039356,11600.0,2003-03-27,2024.0,TE,23.44695414099932,51.0,00-0039356,5.478101440889039,10.8,26.0,4.330925021108255,1.07285198494182,5.106111111111112,5.097326051770256,0.3825,5.24297263810819,11.16,58.5115746412874,32.665867186522235,141.4555441643843,-82.94396952309688
/nfl/rankings/ppr-cheatsheets.php,redraft-overall,ro,Treylon Burks,22905,WR,WAS,318.97,50.09,222,407,,treylon-burks.php,,,1.7,,,,,,7.0,Treylon Burks,2026-09-04,WAS,treylon burks,22905,22905.0,00-0037742,8135.0,2000-03-23,2022.0,WR,26.455852156057496,131.0,00-0037742,3.461787536949704,7.2799999999999985,22.0,3.3110205591112156,0.9750005133470226,3.5505494505494513,4.495435202872825,0.2578333333333333,4.228926379675647,10.559999999999999,44.65746256937483,40.89464729417634,161.78053356376364,-117.12307099438881
/nfl/rankings/ppr-cheatsheets.php,redraft-overall,ro,Justin Fields,19781,QB,KC,344.12,21.32,300,388,,justin-fields.php,,,1.5,,,,,,5.0,Justin Fields,2026-09-04,KCC,justin fields,19781,19781.0,00-0036945,7591.0,1999-03-05,2021.0,QB,27.50718685831622,43.0,00-0036945,16.60235199811913,9.760000000000002,32.0,12.588770369473048,1.0119768993839835,16.405860655737705,12.742219127917906,0.34566666666666673,14.076538390050796,12.719999999999999,179.0535683214461,78.95497696405742,308.62175610452914,-129.56818778308303
/nfl/rankings/ppr-cheatsheets.php,redraft-overall,ro,Kalif Raymond,16081,WR,CHI,315.83,41.27,225,380,,kalif-raymond.php,,,0.6,,,,,,10.0,Kalif Raymond,2026-09-04,CHI,kalif raymond,16081,16081.0,00-0032464,3634.0,1994-08-08,2016.0,WR,32.07939767282683,125.0,00-0032464,4.850037408637875,12.04,39.0,4.737598698760726,0.8173,5.934219269102991,5.401371763487999,0.4264166666666666,5.166273605673991,13.96,72.12117953520892,53.775414470818376,161.78053356376364,-89.65935402855472
/nfl/rankings/ppr-cheatsheets.php,redraft-overall,ro,Eli Heidenreich,28297,RB,PIT,315.83,30.56,242,367,,eli-heidenreich.php,,,1.8,,,,,,9.0,Eli Heidenreich,2026-09-04,PIT,eli heidenreich,28297,28297.0,00-0041490,13423.0,2003-06-28,2026.0,RB,23.19233401779603,106.0,,,,,,1.0435073237508556,,5.413014092868675,0.0,5.413014092868675,15.6,84.44301984875133,72.36182196303835,161.23689076876227,-76.79387092001093
/nfl/rankings/ppr-cheatsheets.php,redraft-overall,ro,Ty Simpson,25368,QB,LAR,350.1,23.04,301,400,,ty-simpson.php,,,2.7,,,,,,11.0,Ty Simpson,2026-09-04,LAR,ty simpson,25368,25368.0,00-0041568,13275.0,2002-12-21,2026.0,QB,23.709787816564,46.0,,,,,,1.0056697125256673,,10.015247099396586,0.0,10.015247099396586,15.8,158.24090417046605,90.7175450470466,308.62175610452914,-150.3808519340631
/nfl/rankings/ppr-cheatsheets.php,redraft-overall,ro,Zavion Thomas,28132,WR,CHI,331.31,34.83,262,438,,zavion-thomas.php,,,2.2,,,,,,10.0,Zavion Thomas,2026-09-04,CHI,zavion thomas,28132,28132.0,00-0041051,13411.0,2004-02-14,2026.0,WR,22.55989048596852,143.0,,,,,,1.0979999999999999,,4.479760473845778,0.0,4.479760473845778,15.4,68.98831129722498,58.610961094188596,161.78053356376364,-92.79222226653866
/nfl/rankings/ppr-cheatsheets.php,redraft-overall,ro,Roschon Johnson,25322,RB,CHI,313.63,39.65,233,387,,roschon-johnson.php,,,0.6,,,,,,10.0,Roschon Johnson,2026-09-04,CHI,roschon johnson,25322,25322.0,00-0039021,10235.0,2001-01-31,2023.0,RB,25.59616700889801,104.0,00-0039021,5.903311426997104,6.36,29.0,5.0615910970264615,1.0048458590006846,5.874842767295598,5.413014092868675,0.22525,5.523453567381104,12.04,66.50238095126849,56.63307558081639,161.23689076876227,-94.73450981749377
/nfl/rankings/ppr-cheatsheets.php,redraft-overall,ro,Kevin Coleman Jr.,28067,WR,MIA,330.81,39.58,241,417,,kevin-coleman-jr.php,,,1.1,,,,,,6.0,Kevin Coleman,2026-09-04,MIA,kevin coleman,28067,28067.0,00-0041529,13338.0,2003-09-10,2026.0,WR,22.989733059548254,142.0,,,,,,1.0979999999999999,,4.479760473845778,0.0,4.479760473845778,15.4,68.98831129722498,58.610961094188596,161.78053356376364,-92.79222226653866
/nfl/rankings/ppr-cheatsheets.php,redraft-overall,ro,Michael Carter,22728,RB,TEN,325.71,27.42,282,410,,michael-carter-rb.php,,,1.0,,,,,,9.0,Michael Carter,2026-09-04,TEN,michael carter,22728,22728.0,00-0036924,7607.0,1999-05-07,2021.0,RB,27.3347022587269,113.0,00-0036924,7.508125008850814,10.439999999999998,31.0,5.206213202893107,0.952196611909651,7.88505747126437,5.413014092868675,0.3697499999999999,6.187681354053071,12.440000000000001,76.9747560444202,58.84393963396436,161.23689076876227,-84.26213472434206
/nfl/rankings/ppr-cheatsheets.php,redraft-overall,ro,Anthony Richardson Sr.,24347,QB,IND,347.16,23.55,291,386,,anthony-richardson.php,,,1.7,,,,,,13.0,Anthony Richardson,2026-09-04,IND,anthony richardson,24347,24347.0,00-0039164,9229.0,2002-05-22,2023.0,QB,24.292950034223136,45.0,00-0039164,10.597534849490104,4.76,17.0,11.018674455881973,1.0160791581108828,10.429831932773112,10.597534849490104,0.16858333333333334,10.597534849490106,10.05777777777778,106.58765050842717,61.80013668028599,308.62175610452914,-202.03410559610197
/nfl/rankings/ppr-cheatsheets.php,redraft-overall,ro,Odell Beckham Jr.,12127,WR,NYG,321.36,45.4,224,384,,odell-beckham.php,,,4.3,,,,,,8.0,Odell Beckham,2026-09-04,NYG,odell beckham,12127,12127.0,00-0031235,2078.0,1992-11-05,2014.0,WR,33.83436002737851,132.0,00-0031235,3.886344897959182,3.9200000000000017,22.0,6.247326701005072,0.8173,4.7551020408163245,4.495435202872825,0.1388333333333334,4.4108731655406475,10.559999999999999,46.578820628109234,41.02436821594708,161.78053356376364,-115.2017129356544
/nfl/rankings/ppr-cheatsheets.php,redraft-overall,ro,Savion Williams,27144,WR,GB,347.5,28.18,290,441,,savion-williams.php,,,0.7,,,,,,11.0,Savion Williams,2026-09-04,GBP,savion williams,27144,27144.0,00-0040009,12482.0,2001-11-22,2025.0,WR,24.78850102669405,160.0,00-0040009,2.3571477926078024,6.599999999999999,11.0,2.5972887962082867,0.9784387063655028,2.409090909090909,4.479760473845778,0.23374999999999996,3.9835997596064017,11.097777777777779,44.20910488772083,42.67079799107069,161.78053356376364,-117.57142867604281
/nfl/rankings/ppr-cheatsheets.php,redraft-overall,ro,Noah Fant,17527,TE,NO,349.73,25.02,281,393,,noah-fant.php,,,1.3,,,,,,8.0,Noah Fant,2026-09-04,NOS,noah fant,17527,17527.0,00-0035644,5857.0,1997-11-20,2019.0,TE,28.79397672826831,53.0,00-0035644,5.878885571301603,13.4,41.0,4.348513553152528,0.9049842231348392,6.496119402985075,4.905693322538167,0.47458333333333336,5.367554143930481,14.16,76.00456667805561,40.16786442890699,141.4555441643843,-65.45097748632868
/nfl/rankings/ppr-cheatsheets.php,redraft-overall,ro,Demarcus Robinson,15665,WR,SF,330.17,47.5,244,411,,demarcus-robinson.php,,,0.8,,,,,,8.0,Demarcus Robinson,2026-09-04,SFO,demarcus robinson,15665,15665.0,00-0032775,3286.0,1994-09-21,2016.0,WR,31.958932238193015,140.0,00-0032775,4.926881179476591,14.12,39.0,6.617895574528025,0.818076180698152,6.022521246458925,4.488137946295539,0.5000833333333332,4.707546124822164,13.96,65.71734390251741,53.489966428640976,161.78053356376364,-96.06318966124623
/nfl/rankings/ppr-cheatsheets.php,redraft-overall,ro,KaVontae Turpin,18520,WR,DAL,323.38,49.19,216,430,,kavontae-turpin.php,,,2.6,,,,,,14.0,KaVontae Turpin,2026-09-04,DAL,kavontae turpin,18520,18520.0,00-0037801,8917.0,1996-08-02,2022.0,WR,30.094455852156056,135.0,00-0037801,5.5109913158795365,14.639999999999999,42.0,4.730368841097098,0.8533147843942506,6.458333333333335,4.495435202872825,0.5185,5.022001047466805,14.56,73.12033525111669,55.85638996928035,161.78053356376364,-88.66019831264695
/nfl/rankings/ppr-cheatsheets.php,redraft-overall,ro,Raheim Sanders,24351,RB,CLE,331.7,28.2,274,387,,raheim-sanders.php,,,0.6,,,,,,11.0,Raheim Sanders,2026-09-04,CLE,raheim sanders,24351,24351.0,00-0040466,12472.0,2002-06-08,2025.0,RB,24.246406570841888,119.0,00-0040466,5.6709860728952775,2.4,4.0,1.38586615515352,1.0287503080082137,5.512499999999999,3.7525624401494926,0.08499999999999999,3.9156284489328845,13.697777777777777,53.63540835382733,63.15090722220046,161.23689076876227,-107.60148241493494
/nfl/rankings/ppr-cheatsheets.php,redraft-overall,ro,Sione Vaki,26309,RB,DET,320.1,39.71,194,381,,sione-vaki.php,,,0.7,,,,,,6.0,Sione Vaki,2026-09-04,DET,sione vaki,26309,26309.0,00-0039364,11729.0,2001-07-30,2024.0,RB,25.10335386721424,110.0,00-0039364,1.5639902004043107,1.7200000000000002,5.0,1.7164643893771871,1.015884873374401,1.5395348837209304,5.413014092868675,0.06091666666666667,5.178544387419388,13.277777777777779,68.75956158851298,61.896066653810315,161.23689076876227,-92.47732918024928
/nfl/rankings/ppr-cheatsheets.php,redraft-overall,ro,Kyle Juszczyk,11798,RB,SF,290.8,33.04,228,338,,kyle-juszczyk.php,,,0.8,,,,,,8.0,Kyle Juszczyk,2026-09-04,SFO,kyle juszczyk,11798,11798.0,00-0029892,1379.0,1991-04-23,2013.0,RB,35.37303216974675,90.0,00-0029892,3.2159312464589234,14.12,39.0,3.6816304586430313,0.7914,4.063597733711048,5.413014092868675,0.5000833333333332,4.314289579426599,14.04,60.57262569514944,64.85934353142966,161.23689076876227,-100.66426507361282
/nfl/rankings/ppr-cheatsheets.php,redraft-overall,ro,Colbie Young,26037,WR,CIN,337.79,30.75,287,385,,colbie-young.php,,,0.9,,,,,,6.0,Colbie Young,2026-09-04,CIN,colbie young,26037,26037.0,00-0041069,13477.0,2002-07-24,2026.0,WR,24.12046543463381,149.0,,,,,,1.0230968856947296,,4.479760473845778,0.0,4.479760473845778,15.4,68.98831129722498,58.610961094188596,161.78053356376364,-92.79222226653866
/nfl/rankings/ppr-cheatsheets.php,redraft-overall,ro,Tutu Atwell,20126,WR,LAR,345.96,40.04,261,421,,tutu-atwell.php,,,0.7,,,,,,11.0,Tutu Atwell,2026-09-04,LAR,tutu atwell,20126,20126.0,00-0036849,7562.0,1999-10-07,2021.0,WR,26.915811088295687,158.0,00-0036849,5.986630353132764,10.68,37.0,5.904441754512651,0.9783812114989733,6.118913857677904,4.479760473845778,0.37825,5.04973400568608,13.56,68.47439311710325,52.25508347415123,161.78053356376364,-93.3061404466604
/nfl/rankings/ppr-cheatsheets.php,redraft-overall,ro,Joe Flacco,9300,QB,CIN,351.79,29.0,288,401,,joe-flacco.php,,,1.1,,,,,,6.0,Joe Flacco,2026-09-04,CIN,joe flacco,9300,9300.0,00-0026158,19.0,1985-01-16,2008.0,QB,41.637234770705,48.0,00-0026158,12.619523474903476,10.36,25.0,13.572978204260602,0.9055,13.936525096525099,9.432959349303069,0.3669166666666666,10.60216283638795,11.32,120.0164833079116,68.08943524535046,308.62175610452914,-188.60527279661756
/nfl/rankings/ppr-cheatsheets.php,redraft-overall,ro,Dont'e Thornton Jr.,27288,WR,LV,338.3,32.8,286,397,,donte-thornton-jr.php,,,0.7,,,,,,13.0,Donte Thornton,2026-09-04,LVR,donte thornton,27288,27288.0,00-0040581,12541.0,2002-11-30,2025.0,WR,23.76728268309377,151.0,00-0040581,2.4026686912762125,6.599999999999999,11.0,2.335214609565312,1.0467071526351814,2.295454545454546,4.479760473845778,0.23374999999999996,3.9942402696701427,11.097777777777779,44.32719090385043,42.67752155427589,161.78053356376364,-117.4533426599132
/nfl/rankings/ppr-cheatsheets.php,redraft-overall,ro,John Metchie III,22895,WR,CAR,335.59,36.37,287,413,,john-metchie.php,,,1.3,,,,,,5.0,John Metchie,2026-09-04,CAR,john metchie,22895,22895.0,00-0037614,8147.0,2000-07-18,2022.0,WR,26.13552361396304,147.0,00-0037614,5.474964931172823,11.68,36.0,4.698431644776257,0.9726460985626283,5.628938356164385,4.479760473845778,0.4136666666666666,4.891443384360066,13.36,65.34968361505048,51.43004172762281,161.78053356376364,-96.43084994871316
/nfl/rankings/ppr-cheatsheets.php,redraft-overall,ro,Rasheen Ali,25983,RB,BAL,326.53,25.94,257,366,,rasheen-ali.php,,,0.6,,,,,,13.0,Rasheen Ali,2026-09-04,BAL,rasheen ali,25983,25983.0,00-0039796,11570.0,2001-02-16,2024.0,RB,25.5523613963039,114.0,00-0039796,2.714713763388646,5.919999999999999,12.0,3.193491843032506,1.0058271047227927,2.6989864864864868,3.7525624401494926,0.2096666666666666,3.534960167588635,10.959999999999999,38.74316343677143,50.707888945333956,161.23689076876227,-122.49372733199084
/nfl/rankings/ppr-cheatsheets.php,redraft-overall,ro,Jameis Winston,13891,QB,NYG,356.46,23.74,319,398,,jameis-winston.php,,,1.0,,,,,,8.0,Jameis Winston,2026-09-04,NYG,jameis winston,13891,13891.0,00-0031503,2306.0,1994-01-06,2015.0,QB,32.6652977412731,53.0,00-0031503,11.093991964285717,5.6,20.0,13.99181733615834,0.9055,12.251785714285717,9.28031916315248,0.1983333333333333,9.64003093537724,10.32,99.48511925309312,62.04760855907989,308.62175610452914,-209.13663685143604
/nfl/rankings/ppr-cheatsheets.php,redraft-overall,ro,Tommy Tremble,22795,TE,CAR,350.79,27.62,290,400,,tommy-tremble.php,,,0.6,,,,,,5.0,Tommy Tremble,2026-09-04,CAR,tommy tremble,22795,22795.0,00-0037005,7694.0,2000-06-02,2021.0,TE,26.261464750171115,54.0,00-0037005,4.726833894428801,13.36,38.0,4.035193681994596,0.9818174880219028,4.814371257485029,4.905693322538167,0.4731666666666666,4.821063003137752,13.56,65.37361432254792,38.18555155927843,141.4555441643843,-76.08192984183637
/nfl/rankings/ppr-cheatsheets.php,redraft-overall,ro,Jawhar Jordan,26329,RB,HOU,342.43,36.2,283,406,,jawhar-jordan.php,,,0.6,,,,,,8.0,Jawhar Jordan,2026-09-04,HOU,jawhar jordan,26329,26329.0,00-0039405,11588.0,1999-08-18,2024.0,RB,27.05270362765229,127.0,00-0039405,8.65779643480493,2.4,4.0,8.354489810874151,0.9700612251882275,8.924999999999999,3.7525624401494926,0.08499999999999999,4.169507329695205,13.697777777777777,57.11298484498053,63.260674709408896,161.23689076876227,-104.12390592378173
/nfl/rankings/ppr-cheatsheets.php,redraft-overall,ro,CJ Daniels,28125,WR,LAR,347.32,29.56,288,415,,cj-daniels.php,,,1.3,,,,,,11.0,CJ Daniels,2026-09-04,LAR,cj daniels,28125,28125.0,00-0041399,,2002-01-04,2026.0,WR,24.670773442847366,159.0,,,,,,0.9863087953456535,,4.479760473845778,0.0,4.479760473845778,15.4,68.98831129722498,58.610961094188596,161.78053356376364,-92.79222226653866
/nfl/rankings/ppr-cheatsheets.php,redraft-overall,ro,Jaylin Lane,27454,WR,WAS,354.67,29.07,298,409,,jaylin-lane.php,,,0.6,,,,,,7.0,Jaylin Lane,2026-09-04,WAS,jaylin lane,27454,27454.0,00-0040164,12641.0,2002-05-01,2025.0,WR,24.35044490075291,164.0,00-0040164,4.0463944605907445,7.799999999999998,13.0,2.698486042779715,1.007722758384668,4.015384615384616,4.479760473845778,0.2762499999999999,4.3600431126840755,10.604444444444445,46.23583496384091,41.14695688095108,161.78053356376364,-115.54469859992273
/nfl/rankings/ppr-cheatsheets.php,redraft-overall,ro,Justin Joly,28079,TE,MIA,352.09,20.14,313,377,,justin-joly.php,,,1.3,,,,,,6.0,Justin Joly,2026-09-04,MIA,justin joly,28079,28079.0,00-0041077,13400.0,2004-07-09,2026.0,TE,22.16016427104723,56.0,,,,,,1.119,,4.905693322538167,0.0,4.905693322538167,14.9,73.09483050581869,41.63578924854936,141.4555441643843,-68.3607136585656
/nfl/rankings/ppr-cheatsheets.php,redraft-overall,ro,J'Mari Taylor,28109,RB,JAC,332.13,22.93,301,365,,jmari-taylor.php,,,2.3,,,,,,7.0,JMari Taylor,2026-09-04,JAC,jmari taylor,28109,28109.0,00-0041217,13348.0,2002-02-06,2026.0,RB,24.580424366872005,120.0,,,,,,1.024074058863792,,3.7525624401494926,0.0,3.7525624401494926,15.6,58.539974066332086,71.64742047067996,161.23689076876227,-102.69691670243017
/nfl/rankings/ppr-cheatsheets.php,redraft-overall,ro,Ben Sinnott,26310,TE,WAS,355.95,14.99,331,388,,ben-sinnott.php,,,0.6,,,,,,7.0,Ben Sinnott,2026-09-04,WAS,ben sinnott,26310,26310.0,00-0039912,11596.0,2002-06-14,2024.0,TE,24.229979466119097,58.0,00-0039912,3.651984576176536,5.919999999999999,12.0,2.6374165217293437,0.9920046201232032,3.681418918918919,4.905693322538167,0.2096666666666666,4.642832388717678,10.54,48.93545337708432,30.524704075003694,141.4555441643843,-92.52009078729998
/nfl/rankings/ppr-cheatsheets.php,redraft-overall,ro,Marcus Mariota,13890,QB,WAS,351.89,30.87,290,407,,marcus-mariota.php,,,0.8,,,,,,7.0,Marcus Mariota,2026-09-04,WAS,marcus mariota,13890,13890.0,00-0032268,2307.0,1993-10-30,2015.0,QB,32.851471594798085,49.0,00-0032268,12.748416836158196,7.079999999999998,15.0,11.501000494780984,0.9055,14.07887005649718,9.432959349303069,0.2507499999999999,10.264310314131992,10.4,106.74882726697271,63.119307724971314,308.62175610452914,-201.87292883755643
/nfl/rankings/ppr-cheatsheets.php,redraft-overall,ro,Ashton Dulin,18656,WR,IND,337.47,30.32,295,391,,ashton-dulin.php,,,0.7,,,,,,13.0,Ashton Dulin,2026-09-04,IND,ashton dulin,18656,18656.0,00-0035021,6427.0,1997-05-15,2019.0,WR,29.31143052703628,148.0,00-0035021,2.526314979343893,6.720000000000001,16.0,4.03037942796126,0.8681139630390142,2.9101190476190473,4.479760473845778,0.23800000000000002,4.01484044615433,10.03111111111111,40.27331060875699,38.84487665074045,161.78053356376364,-121.50722295500665
/nfl/rankings/ppr-cheatsheets.php,redraft-overall,ro,Barion Brown,25416,WR,NO,316.0,47.84,262,396,,barion-brown.php,,,1.4,,,,,,8.0,Barion Brown,2026-09-04,NOS,barion brown,25416,25416.0,00-0041099,13533.0,2003-12-12,2026.0,WR,22.73511293634497,126.0,,,,,,1.0979999999999999,,5.401371763487999,0.0,5.401371763487999,15.4,83.18112515771519,59.13379005635662,161.78053356376364,-78.59940840604845
/nfl/rankings/ppr-cheatsheets.php,redraft-overall,ro,Cade Klubnik,24361,QB,NYJ,352.76,23.29,297,388,,cade-klubnik.php,,,1.2,,,,,,13.0,Cade Klubnik,2026-09-04,NYJ,cade klubnik,24361,24361.0,00-0041056,13303.0,2003-10-10,2026.0,QB,22.90759753593429,50.0,,,,,,0.993,,9.382079287252873,0.0,9.382079287252873,15.8,148.2368527385954,90.25878496548435,308.62175610452914,-160.38490336593375
/nfl/rankings/ppr-cheatsheets.php,redraft-overall,ro,Daniel Bellinger,24238,TE,TEN,367.05,17.47,338,405,,daniel-bellinger.php,,,1.5,,,,,,9.0,Daniel Bellinger,2026-09-04,TEN,daniel bellinger,24238,24238.0,00-0038115,8225.0,2000-09-22,2022.0,TE,25.95482546201232,68.0,00-0038115,4.742023907030555,10.72,32.0,4.2873548127397365,0.964967659137577,4.914179104477611,4.761933290033053,0.3796666666666667,4.754374360953104,12.36,58.76406710138036,35.124637116605726,141.4555441643843,-82.69147706300393
/nfl/rankings/ppr-cheatsheets.php,redraft-overall,ro,Mitchell Evans,27138,TE,CAR,365.15,24.35,298,404,,mitchell-evans.php,,,1.0,,,,,,5.0,Mitchell Evans,2026-09-04,CAR,mitchell evans,27138,27138.0,00-0040187,12473.0,2003-03-18,2025.0,TE,23.471594798083505,67.0,00-0040187,4.174200564681725,7.799999999999998,13.0,3.316938849803133,1.070307837097878,3.900000000000001,4.761933290033053,0.2762499999999999,4.599572124654749,10.321111111111112,47.47269496213107,29.945711681019922,141.4555441643843,-93.98284920225322
/nfl/rankings/ppr-cheatsheets.php,redraft-overall,ro,Luke Musgrave,25282,TE,GB,359.94,17.76,328,390,,luke-musgrave.php,,,0.8,,,,,,11.0,Luke Musgrave,2026-09-04,GBP,luke musgrave,25282,25282.0,00-0039144,9481.0,2000-09-02,2023.0,TE,26.00958247775496,62.0,00-0039144,3.8416788018258106,11.079999999999998,31.0,3.720203486167742,0.9679765571526351,3.9687725631768958,4.761933290033053,0.39241666666666664,4.400810091285727,12.16,53.51385071003445,34.30976004734865,141.4555441643843,-87.94169345434985
/nfl/rankings/ppr-cheatsheets.php,redraft-overall,ro,Devontez Walker,26011,WR,BAL,345.92,45.91,286,448,,devontez-walker.php,,,0.6,,,,,,13.0,Devontez Walker,2026-09-04,BAL,devontez walker,26011,26011.0,00-0039792,11629.0,2001-06-19,2024.0,WR,25.21560574948665,157.0,00-0039792,7.0346793708326585,3.5600000000000005,7.0,6.4903591506758636,0.9658847022587268,7.283146067415729,4.479760473845778,0.12608333333333335,4.801893164774207,12.351111111111111,59.30871602181121,47.73138822920458,161.78053356376364,-102.47181754195243
/nfl/rankings/ppr-cheatsheets.php,redraft-overall,ro,Nick Westbrook-Ikhine,19747,WR,FA,357.93,30.64,312,411,,nick-westbrook.php,,,0.6,,,,,,,Nick Westbrook-Ikhine,2026-09-04,FA,nick westbrook-ikhine,19747,19747.0,00-0036182,7496.0,1997-03-21,2020.0,WR,29.462012320328544,168.0,00-0036182,5.319438900662508,10.6,35.0,6.036328395987223,0.8652679671457906,6.147735849056604,4.479760473845778,0.3754166666666666,4.794989749913226,13.16,63.102065108858056,50.64523036519811,161.78053356376364,-98.67846845490558
/nfl/rankings/ppr-cheatsheets.php,redraft-overall,ro,Jordan Whittington,23135,WR,LAR,361.13,34.95,319,439,,jordan-whittington.php,,,0.6,,,,,,11.0,Jordan Whittington,2026-09-04,LAR,jordan whittington,23135,23135.0,00-0039751,11623.0,2000-10-01,2024.0,WR,25.93018480492813,170.0,00-0039751,4.004402931601383,9.479999999999999,19.0,4.859507170641943,0.9711368583162217,4.123417721518988,4.479760473845778,0.33574999999999994,4.320159179037223,9.96,43.02878542321074,38.81171294707056,161.78053356376364,-118.7517481405529
/nfl/rankings/ppr-cheatsheets.php,redraft-overall,ro,Isaiah Williams,26379,WR,NYJ,307.29,25.84,272,345,,isaiah-williams-wr.php,,,0.6,,,,,,13.0,Isaiah Williams,2026-09-04,NYJ,isaiah williams,26379,26379.0,00-0039451,11608.0,2001-01-29,2024.0,WR,25.60164271047228,120.0,00-0039451,6.565820845395783,5.68,10.0,4.0744086142108475,0.9687220739219713,6.777816901408451,5.401371763487999,0.20116666666666666,5.635620103798448,11.377777777777778,64.12083318099567,44.89740747785505,161.78053356376364,-97.65970038276797
/nfl/rankings/ppr-cheatsheets.php,redraft-overall,ro,Corey Kiner,22997,RB,NE,334.0,33.51,288,389,,corey-kiner.php,,,1.0,,,,,,11.0,Corey Kiner,2026-09-04,NEP,corey kiner,22997,22997.0,00-0040556,12491.0,2002-01-21,2025.0,RB,24.62422997946612,123.0,00-0040556,2.6993778080082143,2.4,4.0,2.296147135239087,1.0234607802874744,2.6375,3.7525624401494926,0.08499999999999999,3.663041746417484,13.697777777777777,50.17553183314971,63.04836721837994,161.23689076876227,-111.06135893561256
/nfl/rankings/ppr-cheatsheets.php,redraft-overall,ro,Jeremy McNichols,16445,RB,WAS,334.0,22.52,304,370,,jeremy-mcnichols.php,,,1.1,,,,,,7.0,Jeremy McNichols,2026-09-04,WAS,jeremy mcnichols,16445,16445.0,00-0033955,4219.0,1995-12-26,2017.0,RB,30.69678302532512,124.0,00-0033955,4.074338797552945,13.52,30.0,4.996086111826097,0.8154226328998402,4.996597633136095,3.7525624401494926,0.47883333333333333,3.906639685952846,12.24,47.817269756062835,56.610677962540116,161.23689076876227,-113.41962101269942
/nfl/rankings/ppr-cheatsheets.php,redraft-overall,ro,Elijah Higgins,23119,TE,ARI,367.33,23.31,336,425,,elijah-higgins.php,,,0.6,,,,,,14.0,Elijah Higgins,2026-09-04,ARI,elijah higgins,23119,23119.0,00-0039041,10231.0,2000-10-27,2023.0,TE,25.859000684462696,69.0,00-0039041,3.8533409820572997,13.999999999999998,38.0,3.6745646436083965,0.9597020876112251,4.015142857142858,4.761933290033053,0.49583333333333324,4.311422937328409,13.56,58.46289503017323,37.77133053140921,141.4555441643843,-82.99264913421106
/nfl/rankings/ppr-cheatsheets.php,redraft-overall,ro,Jam Miller,27326,RB,FA,350.27,25.77,304,383,,jam-miller.php,,,1.3,,,,,,,Jam Miller,2026-09-04,FA,jam miller,27326,27326.0,00-0041129,13403.0,2004-04-29,2026.0,RB,22.354551676933607,134.0,,,,,,1.0462,,3.7525624401494926,0.0,3.7525624401494926,15.6,58.539974066332086,71.64742047067996,161.23689076876227,-102.69691670243017
/nfl/rankings/ppr-cheatsheets.php,redraft-overall,ro,Khalil Herbert,22763,RB,FA,279.2,58.65,219,380,,khalil-herbert.php,,,1.2,,,,,,,Khalil Herbert,2026-09-04,FA,khalil herbert,22763,22763.0,00-0036906,7608.0,1998-04-21,2021.0,RB,28.37782340862423,86.0,00-0036906,4.880099870726479,5.4799999999999995,23.0,8.464487545452155,0.886114887063655,5.507299270072992,5.413014092868675,0.1940833333333333,5.309584324254577,10.84,57.555894074919614,51.217530976292295,161.23689076876227,-103.68099669384264
/nfl/rankings/ppr-cheatsheets.php,redraft-overall,ro,Dylan Laube,26194,RB,LV,339.78,34.9,284,394,,dylan-laube.php,,,0.8,,,,,,13.0,Dylan Laube,2026-09-04,LVR,dylan laube,26194,26194.0,00-0039407,11574.0,1999-12-14,2024.0,RB,26.729637234770703,126.0,00-0039407,1.1000607981652315,2.68,5.0,2.1588191216496115,0.9794561259411362,1.1231343283582091,3.7525624401494926,0.09491666666666668,3.5007958259644867,13.277777777777779,46.482789022528465,61.09570879730445,161.23689076876227,-114.7541017462338
/nfl/rankings/ppr-cheatsheets.php,redraft-overall,ro,Phil Mafah,22928,RB,FA,350.3,28.82,297,396,,phil-mafah.php,,,0.6,,,,,,,Phil Mafah,2026-09-04,FA,phil mafah,22928,22928.0,00-0040021,12738.0,2002-10-24,2025.0,RB,23.86858316221766,135.0,00-0040021,12.0465640862423,0.6,1.0,,1.0340398357289529,11.65,3.7525624401494926,0.021249999999999998,3.928809975128965,15.091111111111111,59.29010786911289,69.4202095423928,161.23689076876227,-101.94678289964938
/nfl/rankings/ppr-cheatsheets.php,redraft-overall,ro,Jonnu Smith,16460,TE,GB,358.18,39.24,285,426,,jonnu-smith.php,,,0.9,,,,,11.0,11.0,Jonnu Smith,2026-09-04,GBP,jonnu smith,16460,16460.0,00-0033858,4144.0,1995-08-22,2017.0,TE,31.041752224503764,61.0,00-0033858,7.9146437618113366,16.76,49.0,8.070568459229007,0.9620085101528633,8.227207637231503,4.905693322538167,0.5935833333333334,6.691756154116733,15.76,105.46207698887972,45.388662080312926,141.4555441643843,-35.99346717550458
/nfl/rankings/ppr-cheatsheets.php,redraft-overall,ro,Austin Hooper,15581,TE,ATL,362.83,26.85,309,395,,austin-hooper.php,,,0.9,,,,,,11.0,Austin Hooper,2026-09-04,ATL,austin hooper,15581,15581.0,00-0032392,3202.0,1994-10-29,2016.0,TE,31.854893908282,65.0,00-0032392,5.186753550344565,14.479999999999997,46.0,3.7529505300708963,0.9900890029660051,5.238674033149173,4.761933290033053,0.5128333333333331,4.979795280196139,15.16,75.49369644777347,42.353169136923,141.4555441643843,-65.96184771661082
/nfl/rankings/ppr-cheatsheets.php,redraft-overall,ro,Antonio Williams,19843,RB,FA,292.8,42.93,252,366,,antonio-williams.php,,,1.0,,,,,,,Antonio Williams,2026-09-04,FA,antonio williams,19843,19843.0,00-0036188,7203.0,1997-10-22,2020.0,RB,28.87337440109514,93.0,,,,,,0.8547217316906228,,5.413014092868675,0.0,5.413014092868675,15.6,84.44301984875133,72.36182196303835,161.23689076876227,-76.79387092001093
/nfl/rankings/ppr-cheatsheets.php,redraft-overall,ro,Austin Ekeler,16483,RB,FA,354.9,26.85,309,394,,austin-ekeler.php,,,0.6,,,,,,,Austin Ekeler,2026-09-04,FA,austin ekeler,16483,16483.0,00-0033699,4663.0,1995-05-17,2017.0,RB,31.307323750855577,136.0,00-0033699,9.329383638474992,6.24,28.0,7.173116329991999,0.8041683321925621,11.60128205128205,3.7525624401494926,0.221,4.985039924979429,11.84,59.022872711756435,55.409228435727194,161.23689076876227,-102.21401805700583
/nfl/rankings/ppr-cheatsheets.php,redraft-overall,ro,Tyler Goodson,22976,RB,ATL,330.14,36.55,258,370,,tyler-goodson.php,,,1.2,,,,,,11.0,Tyler Goodson,2026-09-04,ATL,tyler goodson,22976,22976.0,00-0037120,8207.0,2000-11-10,2022.0,RB,25.82067077344285,116.0,00-0037120,2.486641572497848,7.439999999999999,22.0,4.101108497600486,0.9998169746748802,2.487096774193549,3.7525624401494926,0.26349999999999996,3.4189922915232844,10.64,36.37807798180775,49.22136548326337,161.23689076876227,-124.85881278695452
/nfl/rankings/ppr-cheatsheets.php,redraft-overall,ro,Ronnie Rivers,23986,RB,LAR,331.14,40.57,257,364,,ronnie-rivers.php,,,0.6,,,,,,11.0,Ronnie Rivers,2026-09-04,LAR,ronnie rivers,23986,23986.0,00-0037557,8195.0,1999-01-31,2022.0,RB,27.59753593429158,118.0,00-0037557,3.0883899695573276,3.4400000000000004,14.0,3.484676029843669,0.9355460985626284,3.301162790697674,3.7525624401494926,0.12183333333333334,3.6716440941490136,10.497777777777777,38.54410377946653,48.70950595275641,161.23689076876227,-122.69278698929574
/nfl/rankings/ppr-cheatsheets.php,redraft-overall,ro,Dohnte Meyers,28178,WR,CIN,298.2,53.19,239,376,,dohnte-meyers.php,,,1.4,,,,,,6.0,Dohnte Meyers,2026-09-04,CIN,dohnte meyers,28178,28178.0,00-0040785,13264.0,2000-07-06,2025.0,WR,26.168377823408623,116.0,,,,,,0.9728875770020534,,5.401371763487999,0.0,5.401371763487999,15.4,83.18112515771519,59.13379005635662,161.78053356376364,-78.59940840604845
/nfl/rankings/ppr-cheatsheets.php,redraft-overall,ro,Matt Hibner,28168,TE,BAL,350.89,26.58,306,392,,matthew-hibner.php,,,1.2,,,,,,13.0,Matt Hibner,2026-09-04,BAL,matt hibner,28168,,,,,,,,55.0,,,,,,1.0,,4.905693322538167,0.0,4.905693322538167,14.9,73.09483050581869,41.63578924854936,141.4555441643843,-68.3607136585656
/nfl/rankings/ppr-cheatsheets.php,redraft-overall,ro,Hunter Luepke,25941,RB,DAL,345.63,42.43,259,393,,hunter-luepke.php,,,0.6,,,,,,14.0,Hunter Luepke,2026-09-04,DAL,hunter luepke,25941,25941.0,00-0038738,11510.0,2000-02-28,2023.0,RB,26.521560574948666,131.0,00-0038738,3.053456584706006,10.959999999999999,30.0,2.508446077582281,0.9841170431211499,3.1027372262773727,3.7525624401494926,0.3881666666666666,3.481192850594846,12.24,42.609800491280915,56.422701998061925,161.23689076876227,-118.62709027748136
/nfl/rankings/ppr-cheatsheets.php,redraft-overall,ro,John Bates,22833,TE,WAS,340.0,39.0,300,429,,john-bates.php,,,1.2,,,,,,7.0,John Bates,2026-09-04,WAS,john bates,22833,22833.0,00-0036628,7716.0,1997-11-06,2021.0,TE,28.83230663928816,52.0,00-0036628,2.3561188089725573,9.88,33.0,2.3136401775583257,0.90247553045859,2.610728744939271,4.905693322538167,0.34991666666666665,4.013554707333001,12.56,50.4102471241025,35.0013664411546,141.4555441643843,-91.0452970402818
/nfl/rankings/ppr-cheatsheets.php,redraft-overall,ro,Dameon Pierce,22947,RB,PHI,361.9,24.82,326,394,,dameon-pierce.php,,,1.5,,,,,,10.0,Dameon Pierce,2026-09-04,PHI,dameon pierce,22947,22947.0,00-0037258,8129.0,2000-02-19,2022.0,RB,26.546201232032853,139.0,00-0037258,4.706057875790974,5.88,25.0,7.339548691847477,0.983565092402464,4.784693877551021,3.7525624401494926,0.20825,3.9511278646218306,11.24,44.410677198349376,52.1635630021715,161.23689076876227,-116.82621357041289
/nfl/rankings/ppr-cheatsheets.php,redraft-overall,ro,Marlin Klein,28157,TE,HOU,369.18,25.64,321,402,,marlin-klein.php,,,0.6,,,,,,8.0,Marlin Klein,2026-09-04,HOU,marlin klein,28157,28157.0,00-0041472,13307.0,2002-09-17,2026.0,TE,23.969883641341543,70.0,,,,,,1.0188595140314858,,4.761933290033053,0.0,4.761933290033053,14.9,70.95280602149249,41.5228102918502,141.4555441643843,-70.5027381428918
/nfl/rankings/ppr-cheatsheets.php,redraft-overall,ro,Tai Felton,27182,WR,MIN,357.88,45.26,298,453,,tai-felton.php,,,0.6,,,,,,6.0,Tai Felton,2026-09-04,MIN,tai felton,27182,27182.0,00-0040154,12496.0,2003-03-15,2025.0,WR,23.479808350444905,166.0,00-0040154,2.131849623545516,1.7999999999999998,3.0,,1.065924811772758,2.0,4.479760473845778,0.06375,4.330081157139136,13.96,60.447932953662345,53.273966698128476,161.78053356376364,-101.3326006101013
/nfl/rankings/ppr-cheatsheets.php,redraft-overall,ro,Joe Milton III,25967,QB,DAL,360.44,18.49,330,386,,joe-milton.php,,,0.6,,,,,,14.0,Joe Milton,2026-09-04,DAL,joe milton,25967,25967.0,00-0039398,11557.0,2000-03-06,2024.0,QB,26.50239561943874,55.0,00-0039398,4.890381009858306,2.68,5.0,10.688963934825491,1.0213382614647502,4.7882089552238805,8.915312404012973,0.09491666666666668,8.533279332517793,13.444444444444446,114.72519991496146,77.20118400571933,308.62175610452914,-193.89655618956766
/nfl/rankings/ppr-cheatsheets.php,redraft-overall,ro,Dyami Brown,20113,WR,WAS,374.09,31.98,341,452,,dyami-brown.php,,,0.6,,,,,,7.0,Dyami Brown,2026-09-04,WAS,dyami brown,20113,20113.0,00-0036626,7587.0,1999-11-01,2021.0,WR,26.847364818617383,175.0,00-0036626,4.483492116192527,12.359999999999998,39.0,4.412802057344171,0.9778781314168378,4.584919093851132,4.4667212304700925,0.4377499999999999,4.474062685695088,13.96,62.45791509230344,53.354331915871434,161.78053356376364,-99.3226184714602
/nfl/rankings/ppr-cheatsheets.php,redraft-overall,ro,Deion Burks,27093,WR,IND,367.56,41.09,316,451,,deion-burks.php,,,2.0,,,,,,13.0,Deion Burks,2026-09-04,IND,deion burks,27093,27093.0,00-0041132,13333.0,2003-01-08,2026.0,WR,23.66050650239562,173.0,,,,,,1.0538451403148528,,4.473240852157936,0.0,4.473240852157936,15.4,68.88790912323222,58.60759488288837,161.78053356376364,-92.89262444053142
/nfl/rankings/ppr-cheatsheets.php,redraft-overall,ro,Greg Dortch,18585,WR,BUF,357.88,21.04,326,391,,greg-dortch.php,,,0.6,,,,,,7.0,Greg Dortch,2026-09-04,BUF,greg dortch,18585,18585.0,00-0035500,5970.0,1998-05-29,2019.0,WR,28.27378507871321,167.0,00-0035500,5.689877330847431,13.04,38.0,5.850233731090802,0.9121262833675564,6.23803680981595,4.479760473845778,0.4618333333333333,5.0386327756377085,13.76,69.33158699277487,52.97033849159979,161.78053356376364,-92.44894657098877
/nfl/rankings/ppr-cheatsheets.php,redraft-overall,ro,Zavier Scott,25748,RB,CHI,305.25,29.25,264,338,,zavier-scott.php,,,1.1,,,,,,10.0,Zavier Scott,2026-09-04,CHI,zavier scott,25748,25748.0,00-0038440,11299.0,1999-07-17,2023.0,RB,27.14031485284052,100.0,00-0038440,4.549277138375542,5.3999999999999995,9.0,5.047895601139151,0.9645110540725531,4.716666666666667,5.413014092868675,0.19124999999999998,5.247824400321863,11.82,62.029284411804426,55.484809352934676,161.23689076876227,-99.20760635695784
/nfl/rankings/ppr-cheatsheets.php,redraft-overall,ro,Terrell Jennings,26964,RB,FA,344.17,40.19,285,398,,terrell-jennings.php,,,1.0,,,,,,,Terrell Jennings,2026-09-04,FA,terrell jennings,26964,26964.0,00-0039757,12412.0,2001-03-01,2024.0,RB,25.516769336071185,130.0,00-0039757,3.1793495452552882,3.5600000000000005,7.0,4.349411563922291,1.0066243668720054,3.1584269662921343,3.7525624401494926,0.12608333333333335,3.6802898476515815,12.504444444444443,46.0199799394121,57.69425757601952,161.23689076876227,-115.21691082935016
/nfl/rankings/ppr-cheatsheets.php,redraft-overall,ro,AJ Dillon,19358,RB,CAR,332.2,44.64,263,393,,aj-dillon.php,,,0.6,,,,,36.0,5.0,AJ Dillon,2026-09-04,CAR,aj dillon,19358,19358.0,00-0036265,6828.0,1998-05-02,2020.0,RB,28.347707049965777,121.0,00-0036265,3.5737982565214095,5.3999999999999995,21.0,4.772682683774399,0.888022758384668,4.024444444444446,3.7525624401494926,0.19124999999999998,3.718373790030622,10.440000000000001,38.8198223679197,48.47582713706424,161.23689076876227,-122.41706840084257
/nfl/rankings/ppr-cheatsheets.php,redraft-overall,ro,Marquez Valdes-Scantling,17528,WR,FA,339.6,78.54,197,427,,marquez-valdesscantling.php,,,0.7,,,,,,,Marquez Valdes-Scantling,2026-09-04,FA,marquez valdes-scantling,17528,17528.0,00-0034272,5086.0,1994-10-10,2018.0,WR,31.906913073237508,153.0,00-0034272,4.03700599491899,10.959999999999999,38.0,6.516317192876604,0.8190593429158111,4.928832116788323,4.479760473845778,0.3881666666666666,4.30789794360903,13.76,59.276675704060246,52.53272381631894,161.78053356376364,-102.5038578597034
/nfl/rankings/ppr-cheatsheets.php,redraft-overall,ro,Josh Williams,27444,RB,TB,321.25,29.34,278,360,,josh-williams-rb.php,,,0.1,,,,,,10.0,Josh Williams,2026-09-04,TBB,josh williams,27444,27444.0,00-0040429,12787.0,2001-06-09,2025.0,RB,25.24298425735797,111.0,00-0040429,1.1140328678986997,0.6,1.0,,1.0127571526351815,1.1,5.413014092868675,0.021249999999999998,5.3216607418380635,15.091111111111111,80.3097735507162,70.04473487328099,161.23689076876227,-80.92711721804606
/nfl/rankings/ppr-cheatsheets.php,redraft-overall,ro,Jacob Cowing,25289,WR,SF,349.0,64.93,251,446,,jacob-cowing.php,,,1.0,,,,,,8.0,Jacob Cowing,2026-09-04,SFO,jacob cowing,25289,25289.0,00-0039365,11616.0,2001-02-04,2024.0,WR,25.58521560574949,161.0,00-0039365,4.503996206365503,0.8400000000000001,3.0,,0.9686013347022587,4.65,4.479760473845778,0.029750000000000002,4.48048148688824,13.96,62.547521556959836,53.35797299069179,161.78053356376364,-99.2330120068038
/nfl/rankings/ppr-cheatsheets.php,redraft-overall,ro,Ameer Abdullah,13924,RB,JAC,343.4,31.8,304,389,,ameer-abdullah.php,,,0.6,,,,,21.0,7.0,Ameer Abdullah,2026-09-04,JAC,ameer abdullah,13924,13924.0,00-0032104,2359.0,1993-06-13,2015.0,RB,33.23203285420944,128.0,00-0032104,4.124831379310345,12.76,41.0,6.1331884040847795,0.7914,5.212068965517242,3.7525624401494926,0.45191666666666663,3.9207969782386014,14.44,56.616308365765406,66.48813360942883,161.23689076876227,-104.62058240299686
/nfl/rankings/ppr-cheatsheets.php,redraft-overall,ro,Jahdae Walker,27810,WR,CHI,332.25,30.78,301,365,,jahdae-walker.php,,,0.8,,,,,,10.0,Jahdae Walker,2026-09-04,CHI,jahdae walker,27810,27810.0,00-0040277,13079.0,2002-07-05,2025.0,WR,24.17248459958932,145.0,00-0040277,9.41448583504449,1.7999999999999998,3.0,,1.0196194045174538,9.233333333333333,4.479760473845778,0.06375,4.794349215622196,13.96,66.92911505008585,53.54205931035002,161.78053356376364,-94.85141851367779
/nfl/rankings/ppr-cheatsheets.php,redraft-overall,ro,Jalen Reagor,19219,WR,FA,334.5,49.12,260,387,,jalen-reagor.php,,,0.0,,,,,,,Jalen Reagor,2026-09-04,FA,jalen reagor,19219,19219.0,00-0036387,6798.0,1999-01-02,2020.0,WR,27.67693360711841,146.0,00-0036387,2.5032751019939483,3.04,16.0,3.164172811863052,0.9434609856262834,2.6532894736842105,4.479760473845778,0.10766666666666667,4.266958882143064,10.03111111111111,42.80233865331954,39.02613590195016,161.78053356376364,-118.9781949104441
/nfl/rankings/ppr-cheatsheets.php,redraft-overall,ro,Elijah Moore,20114,WR,PHI,338.25,31.4,300,374,,elijah-moore.php,,,0.6,,,,,,10.0,Elijah Moore,2026-09-04,PHI,elijah moore,20114,20114.0,00-0036980,7596.0,2000-03-27,2021.0,WR,26.444900752908968,150.0,00-0036980,5.781243439646031,12.079999999999998,42.0,5.725171740953684,0.9749200205338809,5.929966887417221,4.479760473845778,0.4278333333333333,5.036578269380653,14.56,73.33257960218232,55.865261953435066,161.78053356376364,-88.44795396158132
/nfl/rankings/ppr-cheatsheets.php,redraft-overall,ro,Tommy Myers,25167,TE,FA,355.2,42.69,304,423,,tommy-myers.php,,,0.0,,,,,,,Tommy Myers,2026-09-04,FA,tommy myers,25167,,,,,,,,57.0,,,,,,1.0,,4.905693322538167,0.0,4.905693322538167,14.9,73.09483050581869,41.63578924854936,141.4555441643843,-68.3607136585656
/nfl/rankings/ppr-cheatsheets.php,redraft-overall,ro,Chris Blair,22684,WR,ATL,314.33,38.42,261,350,,chris-blair.php,,,0.0,,,,,,11.0,Chris Blair,2026-09-04,ATL,chris blair,22684,22684.0,00-0036463,7521.0,1997-10-06,2021.0,WR,28.91718001368925,123.0,00-0036463,1.2955633726899387,0.56,2.0,,0.8783480492813143,1.475,5.401371763487999,0.019833333333333335,5.319939897070504,14.417777777777777,76.70171122709651,55.52861106673323,161.78053356376364,-85.07882233666713
/nfl/rankings/ppr-cheatsheets.php,redraft-overall,ro,Antonio Gibson,19624,RB,FA,368.33,40.47,313,431,,antonio-gibson.php,,,1.3,,,,,,,Antonio Gibson,2026-09-04,FA,antonio gibson,19624,19624.0,00-0036328,6945.0,1998-06-23,2020.0,RB,28.205338809034902,141.0,00-0036328,5.820577955245477,9.68,38.0,4.191874082254782,0.8970417864476389,6.488636363636365,3.7525624401494926,0.3428333333333333,4.461547092574899,13.84,61.747811761236605,64.03150243922612,161.23689076876227,-99.48907900752566
/nfl/rankings/ppr-cheatsheets.php,redraft-overall,ro,Reggie Virgil,28141,WR,ARI,341.25,36.85,287,391,,reggie-virgil.php,,,0.7,,,,,,14.0,Reggie Virgil,2026-09-04,ARI,reggie virgil,28141,28141.0,00-0041070,13297.0,2004-05-14,2026.0,WR,22.313483915126625,154.0,,,,,,1.0979999999999999,,4.479760473845778,0.0,4.479760473845778,15.4,68.98831129722498,58.610961094188596,161.78053356376364,-92.79222226653866
/nfl/rankings/ppr-cheatsheets.php,redraft-overall,ro,Max Bredeson,28434,RB,MIN,319.33,35.31,279,365,,max-bredeson.php,,,0.1,,,,,,6.0,Max Bredeson,2026-09-04,MIN,max bredeson,28434,,00-0041081,,2002-10-04,2026.0,,23.923340177960306,109.0,,,,,,1.0332732375085558,,5.413014092868675,0.0,5.413014092868675,15.6,84.44301984875133,72.36182196303835,161.23689076876227,-76.79387092001093
/nfl/rankings/ppr-cheatsheets.php,redraft-overall,ro,Reggie Gilliam,19844,RB,NE,360.2,32.76,301,394,,reggie-gilliam.php,,,0.1,,,,,,11.0,Reggie Gilliam,2026-09-04,NEP,reggie gilliam,19844,19844.0,00-0036187,7204.0,1997-08-20,2020.0,RB,29.045859000684462,138.0,00-0036187,1.6206215457691953,1.88,5.0,1.5043270920913443,0.8458546657540498,1.9159574468085105,3.7525624401494926,0.06658333333333333,3.6106107089320045,13.277777777777779,47.940886635263844,61.138897407405416,161.23689076876227,-113.29600413349843
/nfl/rankings/ppr-cheatsheets.php,redraft-overall,ro,Tanner Koziol,27499,TE,JAC,370.17,9.97,351,382,,tanner-koziol.php,,,1.4,,,,,,7.0,Tanner Koziol,2026-09-04,JAC,tanner koziol,27499,27499.0,00-0041084,13408.0,2003-01-28,2026.0,TE,23.60574948665298,72.0,,,,,,1.0564563655030799,,4.761933290033053,0.0,4.761933290033053,14.9,70.95280602149249,41.5228102918502,141.4555441643843,-70.5027381428918
/nfl/rankings/ppr-cheatsheets.php,redraft-overall,ro,Josh Cameron,28137,WR,JAC,349.0,22.15,328,385,,josh-cameron.php,,,1.3,,,,,,7.0,Josh Cameron,2026-09-04,JAC,josh cameron,28137,28137.0,00-0041100,13394.0,2003-03-18,2026.0,WR,23.471594798083505,162.0,,,,,,1.0664738877481177,,4.479760473845778,0.0,4.479760473845778,15.4,68.98831129722498,58.610961094188596,161.78053356376364,-92.79222226653866
/nfl/rankings/ppr-cheatsheets.php,redraft-overall,ro,Jordan Watkins,27486,WR,SF,327.33,12.66,316,345,,jordan-watkins.php,,,1.0,,,,,,8.0,Jordan Watkins,2026-09-04,SFO,jordan watkins,27486,27486.0,00-0040172,12634.0,2002-02-15,2025.0,WR,24.555783709787818,138.0,00-0040172,2.4104399580766596,1.2,2.0,,0.9939958590006843,2.4250000000000003,4.488137946295539,0.042499999999999996,4.399835781796237,14.417777777777777,63.4358545606533,54.981547605840014,161.78053356376364,-98.34467900311034
/nfl/rankings/ppr-cheatsheets.php,redraft-overall,ro,Jackson Hawes,27469,TE,BUF,371.33,12.96,353,395,,jackson-hawes.php,,,0.6,,,,,,7.0,Jackson Hawes,2026-09-04,BUF,jackson hawes,27469,27469.0,00-0040194,12658.0,2000-12-06,2025.0,TE,25.749486652977414,73.0,00-0040194,4.1045104703048505,7.799999999999998,13.0,2.674607567667758,0.9536842915811089,4.3038461538461545,4.761933290033053,0.2762499999999999,4.580320236083137,10.321111111111112,47.27399408108474,29.92575732529644,141.4555441643843,-94.18155008329956
/nfl/rankings/ppr-cheatsheets.php,redraft-overall,ro,Kene Nwangwu,23249,RB,NYJ,349.75,37.14,287,383,,kene-nwangwu.php,,,0.2,,,,,15.0,13.0,Kene Nwangwu,2026-09-04,NYJ,kene nwangwu,23249,23249.0,00-0036842,7720.0,1998-02-09,2021.0,RB,28.57221081451061,133.0,00-0036842,1.9021963531301012,1.56,5.0,1.4258330898110059,0.873800444900753,2.176923076923077,3.7525624401494926,0.05525,3.650329713841671,13.277777777777779,48.46826675600885,61.15483907371974,161.23689076876227,-112.7686240127534
/nfl/rankings/ppr-cheatsheets.php,redraft-overall,ro,Josh Oliver,18487,TE,MIN,363.4,16.49,350,392,,josh-oliver.php,,,0.6,,,,,,6.0,Josh Oliver,2026-09-04,MIN,josh oliver,18487,18487.0,00-0035249,5973.0,1997-03-21,2019.0,TE,29.462012320328544,66.0,00-0035249,4.685161389821363,11.719999999999999,35.0,4.847109075165796,0.9074548254620124,5.162969283276451,4.761933290033053,0.4150833333333333,4.730066553786851,12.96,61.30166253707759,36.60155948969921,141.4555441643843,-80.1538816273067
/nfl/rankings/ppr-cheatsheets.php,redraft-overall,ro,Xavier Smith,25627,WR,LAR,330.67,71.95,229,385,,xavier-smith.php,,,0.6,,,,,,11.0,Xavier Smith,2026-09-04,LAR,xavier smith,25627,25627.0,00-0038359,11168.0,1997-09-21,2023.0,WR,28.95824777549624,141.0,00-0038359,4.240820479544171,6.839999999999998,13.0,3.7979456322650305,0.8761919917864474,4.840058479532164,4.479760473845778,0.24224999999999994,4.421877260226214,10.604444444444445,46.8915517462211,41.191539095653255,161.78053356376364,-114.88898181754254
/nfl/rankings/ppr-cheatsheets.php,redraft-overall,ro,Jaydn Ott,25394,RB,KC,331.0,30.51,291,365,,jaydn-ott.php,,,1.0,,,,,,5.0,Jaydn Ott,2026-09-04,KCC,jaydn ott,25394,25394.0,00-0040959,13419.0,2002-12-16,2026.0,RB,23.72347707049966,117.0,,,,,,1.0360713210130048,,3.7525624401494926,0.0,3.7525624401494926,15.6,58.539974066332086,71.64742047067996,161.23689076876227,-102.69691670243017
/nfl/rankings/ppr-cheatsheets.php,redraft-overall,ro,Xavier Restrepo,27066,WR,TEN,332.0,14.76,313,349,,xavier-restrepo.php,,,1.1,,,,,,9.0,Xavier Restrepo,2026-09-04,TEN,xavier restrepo,27066,27066.0,00-0040522,12520.0,2002-04-12,2025.0,WR,24.40246406570842,144.0,00-0040522,3.9416627130390136,1.2,2.0,,1.0042452772073922,3.9249999999999994,4.479760473845778,0.042499999999999996,4.456891319011491,14.417777777777777,64.25846861721456,55.01260379508264,161.78053356376364,-97.52206494654908
/nfl/rankings/ppr-cheatsheets.php,redraft-overall,ro,Riley Leonard,25373,QB,IND,353.25,21.05,320,375,,riley-leonard.php,,,0.6,,,,,,13.0,Riley Leonard,2026-09-04,IND,riley leonard,25373,25373.0,00-0040206,12470.0,2002-09-13,2025.0,QB,23.980835044490075,51.0,00-0040206,5.968059690143736,3.0,5.0,12.020756215812714,1.0105079055441477,5.906,9.331199225202676,0.10625,8.973865649602663,13.444444444444446,120.64863817799137,77.53815482425446,308.62175610452914,-187.97311792653778
/nfl/rankings/ppr-cheatsheets.php,redraft-overall,ro,Damien Martinez,25976,RB,FA,374.17,16.56,358,404,,damien-martinez.php,,,1.3,,,,,-13.0,,Damien Martinez,2026-09-04,FA,damien martinez,25976,25976.0,00-0040651,12462.0,2004-01-31,2025.0,RB,22.598220396988363,142.0,,,,,,1.0462,,3.2479873697498487,0.0,3.2479873697498487,15.6,50.66860296809764,71.48058822092476,161.23689076876227,-110.56828780066462
/nfl/rankings/ppr-cheatsheets.php,redraft-overall,ro,Kalel Mullings,27045,RB,TEN,333.67,37.51,294,384,,kalel-mullings.php,,,1.0,,,,,28.0,9.0,Kalel Mullings,2026-09-04,TEN,kalel mullings,27045,27045.0,00-0040205,12516.0,2002-10-04,2025.0,RB,23.923340177960306,122.0,00-0040205,0.41330929500342234,1.7999999999999998,3.0,,1.0332732375085558,0.4,3.7525624401494926,0.06375,3.5396850521464307,14.139999999999999,50.05114663735053,64.99190805026659,161.23689076876227,-111.18574413141174
/nfl/rankings/ppr-cheatsheets.php,redraft-overall,ro,Miles Sanders,18283,RB,FA,345.67,68.12,297,442,,miles-sanders.php,,,1.0,,,,,18.0,,Miles Sanders,2026-09-04,FA,miles sanders,18283,18283.0,00-0035243,6151.0,1997-05-01,2019.0,RB,29.349760438056126,132.0,00-0035243,5.84043789335948,7.3999999999999995,31.0,5.718952174873875,0.8402527492584988,6.950810810810813,3.7525624401494926,0.2620833333333333,4.2997597985116105,12.440000000000001,53.48901189348444,57.69544904094517,161.23689076876227,-107.74787887527782
/nfl/rankings/ppr-cheatsheets.php,redraft-overall,ro,Gardner Minshew II,18562,QB,ARI,356.25,19.29,328,381,,gardner-minshew.php,,,0.6,,,,,,14.0,Gardner Minshew,2026-09-04,ARI,gardner minshew,18562,18562.0,00-0035289,6011.0,1996-05-16,2019.0,QB,30.308008213552363,52.0,00-0035289,7.466646362019244,7.119999999999999,30.0,10.161253294045332,0.9540601642710472,7.826179775280901,9.28031916315248,0.25216666666666665,8.822971338466717,12.32,108.69900688990995,71.53774252168138,308.62175610452914,-199.9227492146192
/nfl/rankings/ppr-cheatsheets.php,redraft-overall,ro,Nate Boerkircher,28427,TE,JAC,356.5,12.38,336,369,,nate-boerkircher.php,,,0.9,,,,,,7.0,Nate Boerkircher,2026-09-04,JAC,nate boerkircher,28427,28427.0,00-0041503,13299.0,2001-09-04,2026.0,TE,25.00479123887748,59.0,,,,,,0.9127632785763176,,4.905693322538167,0.0,4.905693322538167,14.9,73.09483050581869,41.63578924854936,141.4555441643843,-68.3607136585656
/nfl/rankings/ppr-cheatsheets.php,redraft-overall,ro,Isaiah Williams,10977,WR,FA,338.33,42.28,299,397,,isaiah-williams.php,,,0.0,,,,,,,Isaiah Williams,2026-09-04,FA,isaiah williams,10977,10977.0,00-0026864,,1987-01-30,2010.0,WR,39.60027378507871,152.0,,,,,,0.8173,,4.479760473845778,0.0,4.479760473845778,15.4,68.98831129722498,58.610961094188596,161.78053356376364,-92.79222226653866
/nfl/rankings/ppr-cheatsheets.php,redraft-overall,ro,Taylen Green,28094,QB,CLE,338.33,11.84,324,353,,taylen-green.php,,,1.7,,,,,,11.0,Taylen Green,2026-09-04,CLE,taylen green,28094,28094.0,00-0041092,13306.0,2002-10-18,2026.0,QB,23.88501026694045,40.0,,,,,,1.008797433264887,,12.742219127917906,0.0,12.742219127917906,15.8,201.32706222110292,93.001030330498,308.62175610452914,-107.29469388342622
/nfl/rankings/ppr-cheatsheets.php,redraft-overall,ro,Julius Chestnut,24689,RB,TEN,339.33,42.9,288,393,,julius-chestnut.php,,,1.2,,,,,49.0,9.0,Julius Chestnut,2026-09-04,TEN,julius chestnut,24689,24689.0,00-0037594,8254.0,2000-10-26,2022.0,RB,25.861738535249827,125.0,00-0037594,1.1130567204458788,6.159999999999999,14.0,1.2152646345007048,0.9988970568104039,1.1142857142857145,3.7525624401494926,0.21816666666666665,3.176710275634154,10.497777777777777,33.34839853799054,48.47373588483831,161.23689076876227,-127.88849223077173
/nfl/rankings/ppr-cheatsheets.php,redraft-overall,ro,Adam Trautman,19423,TE,DEN,369.6,22.06,352,412,,adam-trautman.php,,,0.6,,,,,,10.0,Adam Trautman,2026-09-04,DEN,adam trautman,19423,19423.0,00-0036422,6869.0,1997-02-05,2020.0,TE,29.582477754962355,71.0,00-0036422,3.697587995263548,12.16,40.0,4.2770404861905185,0.9116148984713666,4.05608552631579,4.761933290033053,0.4306666666666667,4.3035552497523195,13.96,60.077631286542385,38.78277223722738,141.4555441643843,-81.37791287784191
/nfl/rankings/ppr-cheatsheets.php,redraft-overall,ro,Theo Wease Jr.,27222,WR,LAC,341.33,70.92,246,416,,theo-wease-jr.php,,,1.0,,,,,,7.0,Theo Wease,2026-09-04,LAC,theo wease,27222,27222.0,00-0040311,12860.0,2001-06-25,2025.0,WR,25.19917864476386,155.0,00-0040311,9.625447498288844,1.7999999999999998,3.0,,0.9657639630390144,9.966666666666669,4.479760473845778,0.06375,4.8077980216540235,13.96,67.11686038229017,53.55021086908116,161.78053356376364,-94.66367318147347
/nfl/rankings/ppr-cheatsheets.php,redraft-overall,ro,Zach Ertz,11689,TE,FA,372.6,28.22,344,422,,zach-ertz.php,,,0.6,,,,,,,Zach Ertz,2026-09-04,FA,zach ertz,11689,11689.0,00-0030061,1339.0,1990-11-10,2013.0,TE,35.82203969883641,76.0,00-0030061,10.408894522388062,13.399999999999997,37.0,6.342727149080882,0.9951,10.460149253731345,4.761933290033053,0.47458333333333325,7.4418869748882,13.360000000000001,99.42360998450636,40.46357846718197,141.4555441643843,-42.031934179877936
/nfl/rankings/ppr-cheatsheets.php,redraft-overall,ro,Tyler Badie,23812,RB,DEN,374.6,9.33,357,381,,tyler-badie.php,,,1.0,,,,,,10.0,Tyler Badie,2026-09-04,DEN,tyler badie,23812,23812.0,00-0037085,8208.0,2000-02-07,2022.0,RB,26.57905544147844,143.0,00-0037085,2.743412299350205,9.24,17.0,2.2090056320328704,0.9828291581108829,2.7913419913419912,2.743412299350205,0.32725,2.743412299350205,9.97111111111111,27.354868860409706,45.92584997424107,161.23689076876227,-133.88202190835256
/nfl/rankings/ppr-cheatsheets.php,redraft-overall,ro,Jake Browning,18557,QB,FA,316.5,8.5,308,325,,jake-browning.php,,,0.6,,,,,,,Jake Browning,2026-09-04,FA,jake browning,18557,18557.0,00-0035100,6111.0,1996-04-11,2019.0,QB,30.403832991101982,36.0,00-0035100,11.334366511553258,4.640000000000001,16.0,12.499410386094217,0.9513099931553731,11.914482758620688,12.742219127917906,0.16433333333333336,12.51086201462865,10.217777777777778,127.83320787391673,64.93286306024294,308.62175610452914,-180.7885482306124
/nfl/rankings/ppr-cheatsheets.php,redraft-overall,ro,Tyson Bagent,25321,QB,CHI,350.33,16.21,333,372,,tyson-bagent.php,,,0.6,,,,,,10.0,Tyson Bagent,2026-09-04,CHI,tyson bagent,25321,25321.0,00-0038416,11256.0,2000-06-08,2023.0,QB,26.245037645448324,47.0,00-0038416,2.930937736847533,2.92,11.0,6.340081014681695,1.0225993155373032,2.8661643835616433,9.432959349303069,0.10341666666666666,8.760541947548292,11.351111111111111,99.44188504017039,66.45640675073874,308.62175610452914,-209.17987106435874
/nfl/rankings/ppr-cheatsheets.php,redraft-overall,ro,Tim Patrick,16556,WR,NYJ,351.0,33.18,317,396,,tim-patrick.php,,,1.8,,,,,,13.0,Tim Patrick,2026-09-04,NYJ,tim patrick,16556,16556.0,00-0033375,4351.0,1993-11-23,2017.0,WR,32.785763175906915,163.0,00-0033375,4.140335802047781,11.72,27.0,6.137558350608368,0.8173,5.065870307167235,4.479760473845778,0.4150833333333333,4.3388709496602935,11.559999999999999,50.157348178072986,44.570094558979434,161.78053356376364,-111.62318538569065
/nfl/rankings/ppr-cheatsheets.php,redraft-overall,ro,Lew Nichols III,25443,RB,PIT,321.5,10.5,311,332,,lew-nichols.php,,,2.0,,,,,,9.0,Lew Nichols,2026-09-04,PIT,lew nichols,25443,25443.0,00-0038409,9510.0,2001-08-16,2023.0,RB,25.05681040383299,112.0,,,,,,1.016927446954141,,5.413014092868675,0.0,5.413014092868675,15.6,84.44301984875133,72.36182196303835,161.23689076876227,-76.79387092001093
/nfl/rankings/ppr-cheatsheets.php,redraft-overall,ro,Brandin Cooks,12122,WR,FA,322.5,40.5,282,363,,brandin-cooks.php,,,1.1,,,,,,,Brandin Cooks,2026-09-04,FA,brandin cooks,12122,12122.0,00-0031236,2197.0,1993-09-25,2014.0,WR,32.94729637234771,133.0,00-0031236,5.1226170607028765,12.519999999999998,39.0,7.257873708547895,0.8173,6.267731629392973,4.495435202872825,0.4434166666666666,4.773538091665634,13.96,66.63859175965224,53.529487894141674,161.78053356376364,-95.1419418041114
/nfl/rankings/ppr-cheatsheets.php,redraft-overall,ro,Scotty Miller,18714,WR,CHI,325.0,54.0,271,379,,scott-miller.php,,,0.0,,,,,,10.0,Scott Miller,2026-09-04,CHI,scotty miller,18714,18714.0,00-0035298,6290.0,1997-07-31,2019.0,WR,29.100616016427104,136.0,00-0035298,3.0496608709524566,5.199999999999999,18.0,3.2837836856464295,0.8720983572895277,3.4969230769230775,4.488137946295539,0.18416666666666665,4.223218418253188,9.76,41.21861176215111,38.02470173431904,161.78053356376364,-120.56192180161253
/nfl/rankings/ppr-cheatsheets.php,redraft-overall,ro,Kaden Wetjen,28435,WR,PIT,327.5,22.5,305,350,,kaden-wetjen.php,,,0.8,,,,,,9.0,Kaden Wetjen,2026-09-04,PIT,kaden wetjen,28435,28435.0,00-0041397,13491.0,2002-03-09,2026.0,WR,24.49555099247091,139.0,,,,,,0.9980224161533195,,4.488137946295539,0.0,4.488137946295539,15.4,69.1173243729513,58.61529346374418,161.78053356376364,-92.66320919081234
/nfl/rankings/ppr-cheatsheets.php,redraft-overall,ro,Will Kacmarek,28403,TE,MIA,357.33,20.76,335,385,,will-kacmarek.php,,,0.7,,,,,,6.0,Will Kacmarek,2026-09-04,MIA,will kacmarek,28403,28403.0,00-0041524,13434.0,2003-02-12,2026.0,TE,23.564681724846,60.0,,,,,,1.0606966119096504,,4.905693322538167,0.0,4.905693322538167,14.9,73.09483050581869,41.63578924854936,141.4555441643843,-68.3607136585656
/nfl/rankings/ppr-cheatsheets.php,redraft-overall,ro,Patrick Ricard,17145,RB,NYG,330.0,40.0,290,370,,patrick-ricard.php,,,0.8,,,,,,8.0,Patrick Ricard,2026-09-04,NYG,patrick ricard,17145,17145.0,00-0033376,4353.0,1994-05-27,2017.0,RB,32.27926078028747,115.0,00-0033376,1.3425535714285715,3.9200000000000004,14.0,2.7297833307731647,0.7914,1.6964285714285714,3.7525624401494926,0.13883333333333336,3.417972875542071,10.497777777777777,35.881119697912766,48.584550747689164,161.23689076876227,-125.3557710708495
/nfl/rankings/ppr-cheatsheets.php,redraft-overall,ro,Drew Allar,24345,QB,PIT,332.0,12.0,320,344,,drew-allar.php,,,0.8,,,,,,9.0,Drew Allar,2026-09-04,PIT,drew allar,24345,24345.0,00-0041565,13289.0,2004-03-08,2026.0,QB,22.49691991786448,39.0,,,,,,0.993,,12.742219127917906,0.0,12.742219127917906,15.8,201.32706222110292,93.001030330498,308.62175610452914,-107.29469388342622
/nfl/rankings/ppr-cheatsheets.php,redraft-overall,ro,Tyrod Taylor,10007,QB,GB,376.5,34.57,323,419,,tyrod-taylor.php,,,0.6,,,,,,11.0,Tyrod Taylor,2026-09-04,GBP,tyrod taylor,10007,10007.0,00-0028118,827.0,1989-08-03,2011.0,QB,37.09240246406571,58.0,00-0028118,9.58160906716418,5.359999999999999,18.0,9.99267210267774,0.9055,10.581567164179106,5.5509472831309665,0.1898333333333333,6.316101245133272,9.92,62.65572435172206,56.97781315728178,308.62175610452914,-245.96603175280708
/nfl/rankings/ppr-cheatsheets.php,redraft-overall,ro,Davis Mills,22799,QB,HOU,363.0,24.54,332,392,,davis-mills.php,,,0.6,,,,,,8.0,Davis Mills,2026-09-04,HOU,davis mills,22799,22799.0,00-0036898,7585.0,1998-10-21,2021.0,QB,27.87679671457905,56.0,00-0036898,8.732809024443219,5.199999999999999,14.0,9.427762981490616,1.006931724845996,8.67269230769231,8.732809024443219,0.18416666666666665,8.732809024443219,10.604444444444447,92.60658814365122,62.58811089276533,308.62175610452914,-216.01516796087793
/nfl/rankings/ppr-cheatsheets.php,redraft-overall,ro,Juice Wells Jr.,27218,WR,FA,360.5,94.5,266,455,,antwane-wells-jr.php,,,1.1,,,,,,,Juice Wells,2026-09-04,FA,juice wells,27218,27218.0,00-0040438,12460.0,2001-04-02,2025.0,WR,25.429158110882955,169.0,,,,,,0.9674543121149897,,4.479760473845778,0.0,4.479760473845778,15.4,68.98831129722498,58.610961094188596,161.78053356376364,-92.79222226653866
/nfl/rankings/ppr-cheatsheets.php,redraft-overall,ro,Jalen Milroe,22884,QB,SEA,341.0,15.0,326,356,,jalen-milroe.php,,,0.6,,,,,,11.0,Jalen Milroe,2026-09-04,SEA,jalen milroe,22884,22884.0,00-0040673,12510.0,2002-12-13,2025.0,QB,23.731690622861056,42.0,00-0040673,-0.5365656947296372,1.7999999999999998,3.0,,1.0060606776180698,-0.5333333333333333,12.742219127917906,0.06375,11.895696595474124,14.32,170.34637524718946,84.61518161088496,308.62175610452914,-138.27538085733968
/nfl/rankings/ppr-cheatsheets.php,redraft-overall,ro,Tyler Lockett,13971,WR,LV,366.33,33.21,328,409,,tyler-lockett.php,,,1.0,,,,,,13.0,Tyler Lockett,2026-09-04,LVR,tyler lockett,13971,13971.0,00-0032211,2374.0,1992-09-28,2015.0,WR,33.93839835728953,172.0,00-0032211,5.1950472588235295,17.0,51.0,6.5919799756977415,0.8173,6.35635294117647,4.479760473845778,0.6020833333333333,4.910422725634466,16.36,80.33451579137986,62.34405295558133,161.78053356376364,-81.44601777238378
/nfl/rankings/ppr-cheatsheets.php,redraft-overall,ro,Michael Woods II,23893,WR,DEN,344.0,51.0,293,395,,michael-woods.php,,,1.0,,,,,29.0,10.0,Mike Woods,2026-09-04,DEN,michael woods,23893,23893.0,00-0037300,8202.0,2000-03-19,2022.0,WR,26.466803559206024,156.0,00-0037300,2.8277349178644764,1.4000000000000001,5.0,3.071441029875065,0.9750810061601642,2.9,4.479760473845778,0.04958333333333334,4.397847540028372,13.111111111111112,57.66066774703866,50.22340363018628,161.78053356376364,-104.11986581672498
/nfl/rankings/ppr-cheatsheets.php,redraft-overall,ro,Alec Ingold,18571,RB,LAC,344.0,43.0,301,387,,alec-ingold.php,,,0.6,,,,,,7.0,Alec Ingold,2026-09-04,LAC,alec ingold,18571,18571.0,00-0035125,6109.0,1996-07-09,2019.0,RB,30.16016427104723,129.0,00-0035125,1.8408490787072063,9.12,28.0,1.8627678600751896,0.8253143052703628,2.230482456140351,3.7525624401494926,0.32299999999999995,3.1350790244036344,11.84,37.11933564893903,54.4851771999263,161.23689076876227,-124.11755511982324
/nfl/rankings/ppr-cheatsheets.php,redraft-overall,ro,Quinn Ewers,23680,QB,JAC,346.5,0.5,346,347,,quinn-ewers.php,,,0.6,,,,,,7.0,Quinn Ewers,2026-09-04,JAC,quinn ewers,23680,23680.0,00-0040234,12500.0,2003-05-13,2025.0,QB,23.318275154004105,44.0,00-0040234,9.994302224075975,2.4,4.0,8.646276173397808,0.9986812114989733,10.0075,11.669876988704004,0.08499999999999999,11.527453133710623,13.871111111111112,159.89858324582602,81.96717112745317,308.62175610452914,-148.72317285870312
/nfl/rankings/ppr-cheatsheets.php,redraft-overall,ro,Luke Schoonmaker,25267,TE,DAL,381.0,10.02,371,395,,luke-schoonmaker.php,,,0.9,,,,,,14.0,Luke Schoonmaker,2026-09-04,DAL,luke schoonmaker,25267,25267.0,00-0038547,10871.0,1998-09-28,2023.0,TE,27.939767282683093,79.0,00-0038547,2.874848338805755,12.52,35.0,3.8462395691804505,0.9608922313483916,2.99185303514377,4.691684057362744,0.4434166666666666,3.8860688191592665,12.96,50.3634518963041,35.92374487191662,141.4555441643843,-91.0920922680802
/nfl/rankings/ppr-cheatsheets.php,redraft-overall,ro,Jimmy Horn Jr.,27294,WR,CAR,372.67,5.19,369,380,,jimmy-horn-jr.php,,,0.7,,,,,,5.0,Jimmy Horn,2026-09-04,CAR,jimmy horn,27294,27294.0,00-0040218,12523.0,2002-09-12,2025.0,WR,23.98357289527721,174.0,00-0040218,3.1431956226899382,5.999999999999999,10.0,1.8544915445719585,1.0322481519507185,3.0450000000000004,4.4667212304700925,0.21249999999999997,4.18547203881681,11.377777777777778,47.62137075276015,43.81211045966861,161.78053356376364,-114.15916281100348
/nfl/rankings/ppr-cheatsheets.php,redraft-overall,ro,Kevin Austin Jr.,23049,WR,NO,355.0,36.0,319,391,,kevin-austin.php,,,1.0,,,,,-29.0,8.0,Kevin Austin,2026-09-04,NOS,kevin austin,23049,23049.0,00-0037231,8200.0,2000-03-30,2022.0,WR,26.43668720054757,165.0,00-0037231,5.4156802363355645,5.239999999999999,13.0,4.079054534746489,0.9748596509240246,5.555343511450382,4.479760473845778,0.1855833333333333,4.653451583101174,10.604444444444445,49.347268787908455,41.36362892493157,161.78053356376364,-112.43326477585518
/nfl/rankings/ppr-cheatsheets.php,redraft-overall,ro,Jack Strand,28428,QB,ATL,356.5,9.5,347,366,,jack-strand.php,,,0.1,,,,,,11.0,Jack Strand,2026-09-04,ATL,jack strand,28428,28428.0,00-0041194,,2004-06-23,2026.0,QB,22.203969883641346,54.0,,,,,,0.993,,9.097815783582726,0.0,9.097815783582726,15.8,143.7454893806071,90.06185043477825,308.62175610452914,-164.87626672392204
/nfl/rankings/ppr-cheatsheets.php,redraft-overall,ro,Lan Larison,27498,RB,NE,358.0,0.0,358,358,,lan-larison.php,,,1.0,,,,,,11.0,Lan Larison,2026-09-04,NEP,lan larison,27498,27498.0,00-0040568,12969.0,2001-10-11,2025.0,RB,24.903490759753595,137.0,,,,,,1.0195511293634496,,3.7525624401494926,0.0,3.7525624401494926,15.6,58.539974066332086,71.64742047067996,161.23689076876227,-102.69691670243017
/nfl/rankings/ppr-cheatsheets.php,redraft-overall,ro,DeAndre Hopkins,11606,WR,BAL,389.0,45.11,337,447,,deandre-hopkins.php,,,0.6,,,,,,13.0,DeAndre Hopkins,2026-09-04,BAL,deandre hopkins,11606,11606.0,00-0030564,1426.0,1992-06-06,2013.0,WR,34.25051334702259,176.0,00-0030564,5.682581315789473,16.720000000000002,50.0,8.877552291813187,0.8173,6.952870813397128,4.4667212304700925,0.5921666666666667,5.186713044326719,16.16,83.81728279631979,61.76690121367849,161.78053356376364,-77.96325076744385
/nfl/rankings/ppr-cheatsheets.php,redraft-overall,ro,Drew Sample,18561,TE,CIN,361.0,6.0,355,367,,drew-sample.php,,,0.6,,,,,,6.0,Drew Sample,2026-09-04,CIN,drew sample,18561,18561.0,00-0035631,6001.0,1996-04-16,2019.0,TE,30.390143737166323,63.0,00-0035631,3.058026834504632,11.36,36.0,3.22893171188243,0.9395062970568103,3.2549295774647886,4.761933290033053,0.4023333333333333,4.076394926092118,13.16,53.64535722737227,36.574894689825896,141.4555441643843,-87.81018693701202
/nfl/rankings/ppr-cheatsheets.php,redraft-overall,ro,Cade Stover,25269,TE,HOU,361.5,14.5,347,376,,cade-stover.php,,,0.6,,,,,,8.0,Cade Stover,2026-09-04,HOU,cade stover,25269,25269.0,00-0039359,11599.0,2000-06-12,2024.0,TE,26.2340862422998,64.0,00-0039359,3.0863612446538182,7.239999999999999,19.0,2.874914186362328,0.9803130390143739,3.1483425414364645,4.761933290033053,0.2564166666666666,4.332288691397061,9.760000000000002,42.28313762803532,28.29984554067217,141.4555441643843,-99.17240653634897
/nfl/rankings/ppr-cheatsheets.php,redraft-overall,ro,Trey Lance,20082,QB,LAC,364.0,8.0,356,372,,trey-lance.php,,,0.6,,,,,,7.0,Trey Lance,2026-09-04,LAC,trey lance,20082,20082.0,00-0037012,7610.0,2000-05-09,2021.0,QB,26.327173169062284,57.0,00-0037012,1.5202854990977537,3.52,8.0,3.8123258742437756,1.0221968514715947,1.4872727272727275,5.5509472831309665,0.12466666666666666,5.048458114054825,12.297777777777778,62.08481600706534,68.8996416897981,308.62175610452914,-246.5369400974638
/nfl/rankings/ppr-cheatsheets.php,redraft-overall,ro,Brittain Brown,24572,RB,CHI,364.0,6.0,358,370,,brittain-brown.php,,,2.6,,,,,37.0,10.0,Brittain Brown,2026-09-04,CHI,brittain brown,24572,24572.0,00-0037329,8423.0,1997-10-10,2022.0,RB,28.90622861054073,140.0,00-0037329,8.696932258726896,0.6,1.0,,0.8526404175222448,10.2,3.7525624401494926,0.021249999999999998,3.8576302987942626,15.091111111111111,58.215927464692975,69.39321908898506,161.23689076876227,-103.02096330406928
/nfl/rankings/ppr-cheatsheets.php,redraft-overall,ro,Kendrick Law,26044,WR,DET,365.0,13.0,352,378,,kendrick-law.php,,,1.5,,,,,,6.0,Kendrick Law,2026-09-04,DET,kendrick law,26044,26044.0,00-0041446,13412.0,2003-06-13,2026.0,WR,23.23340177960301,171.0,,,,,,1.0823970910335388,,4.479760473845778,0.0,4.479760473845778,15.4,68.98831129722498,58.610961094188596,161.78053356376364,-92.79222226653866
/nfl/rankings/ppr-cheatsheets.php,redraft-overall,ro,Jelani Woods,23829,TE,NYJ,371.5,0.5,371,372,,jelani-woods.php,,,3.9,,,,,13.0,13.0,Jelani Woods,2026-09-04,NYJ,jelani woods,23829,23829.0,00-0037755,8219.0,1998-10-09,2022.0,TE,27.90965092402464,74.0,00-0037755,0.6740043429158111,1.2,2.0,,0.9628633470225874,0.7,4.761933290033053,0.042499999999999996,4.58819630978057,13.951111111111112,64.01043651733872,38.98021611130956,141.4555441643843,-77.44510764704557
/nfl/rankings/ppr-cheatsheets.php,redraft-overall,ro,Tyler Conklin,17598,TE,DET,372.5,5.5,367,378,,tyler-conklin.php,,,0.6,,,,,-9.0,6.0,Tyler Conklin,2026-09-04,DET,tyler conklin,17598,17598.0,00-0034270,5133.0,1995-07-30,2018.0,TE,31.1047227926078,75.0,00-0034270,5.942683427954214,10.12,39.0,5.115543841950763,0.9641830937713893,6.163438735177866,4.761933290033053,0.3584166666666666,5.185133818632963,13.760000000000002,71.34744134438958,39.00543378207462,141.4555441643843,-70.10810281999471
/nfl/rankings/ppr-cheatsheets.php,redraft-overall,ro,Sam Roush,28161,TE,CHI,378.0,4.0,374,382,,sam-roush.php,,,0.7,,,,,,10.0,Sam Roush,2026-09-04,CHI,sam roush,28161,28161.0,00-0041558,13322.0,2003-09-06,2026.0,TE,23.000684462696785,77.0,,,,,,1.118929329226557,,4.761933290033053,0.0,4.761933290033053,14.9,70.95280602149249,41.5228102918502,141.4555441643843,-70.5027381428918
/nfl/rankings/ppr-cheatsheets.php,redraft-overall,ro,Tanner Hudson,17826,TE,CIN,379.5,4.5,375,384,,tanner-hudson.php,,,2.3,,,,,,6.0,Tanner Hudson,2026-09-04,CIN,tanner hudson,17826,17826.0,00-0034613,5409.0,1994-11-12,2018.0,TE,31.81656399726215,78.0,00-0034613,5.123909079599256,9.959999999999997,31.0,3.8905696572692947,0.9887653433721196,5.182128514056226,4.761933290033053,0.3527499999999999,4.889620249802531,12.16,59.457782237598785,34.7542591632451,141.4555441643843,-81.9977619267855
/nfl/rankings/ppr-cheatsheets.php,redraft-overall,ro,Lil'Jordan Humphrey,18590,WR,DEN,394.5,10.5,384,405,,liljordan-humphrey.php,,,1.1,,,,,,10.0,LilJordan Humphrey,2026-09-04,DEN,liljordan humphrey,18590,18590.0,00-0035406,5938.0,1998-04-19,2019.0,WR,28.383299110198493,177.0,00-0035406,4.557615867208435,9.440000000000001,32.0,4.978849418516096,0.906376796714579,5.028389830508473,4.4667212304700925,0.33433333333333337,4.497110337352945,12.559999999999999,56.48370583715298,48.285860361099175,161.78053356376364,-105.29682772661066
/nfl/rankings/ppr-cheatsheets.php,redraft-overall,ro,Taysom Hill,17115,TE,FA,412.5,24.5,388,437,,taysom-hill.php,,,0.7,,,,,,,Taysom Hill,2026-09-04,FA,taysom hill,17115,17115.0,00-0033357,4381.0,1990-08-23,2017.0,TE,36.03832991101985,80.0,00-0033357,6.508519775919733,11.959999999999999,37.0,9.485804242768882,0.9951,6.54056856187291,4.691684057362744,0.4235833333333333,5.461265387148176,13.360000000000001,72.96250557229963,38.269319963269695,141.4555441643843,-68.49303859208466
/nfl/rankings/ppr-cheatsheets.php,redraft-overall,ro,Michael Trigg,23167,TE,DAL,413.0,23.0,390,436,,michael-trigg.php,,,1.2,,,,,,14.0,Michael Trigg,2026-09-04,DAL,michael trigg,23167,,00-0040939,13401.0,2002-06-27,2026.0,,24.194387405886378,81.0,,,,,,0.9956795003422315,,4.691684057362744,0.0,4.691684057362744,14.9,69.90609245470489,41.468715861818,141.4555441643843,-71.5494517096794
