player,pos,team,ecr,sd,bye,age,gsis_id,proj_ppg,exp_games,proj_pts,proj_sd,ratio,ratio_raw,raw_games,market_std_pts,replacement,vorp,vorp_rank
Ja'Marr Chase,WR,CIN,1.49,0.88,6.0,26.5160848733744,00-0036900,26.186899475366992,15.4,403.2782519206517,89.08017963575801,1.119441897688987,1.133786709145121,49.0,360.2493820833334,197.11097646636946,206.16727545428225,1
Jahmyr Gibbs,RB,DET,2.43,1.22,6.0,24.465434633812457,00-0039139,24.864285447156156,15.6,387.882852975636,96.00736112294823,1.1204908981294488,1.1234694927461673,49.0,346.17224791666666,194.18042449317443,193.70242848246158,2
Puka Nacua,WR,LAR,3.43,1.62,11.0,25.27310061601643,00-0039075,23.869643043773205,15.4,367.59250287410737,84.56453163762653,1.1159810980917813,1.1303829110328372,44.0,329.38954208333337,197.11097646636946,170.4815264077379,3
Bijan Robinson,RB,ATL,4.19,1.3,11.0,24.59958932238193,00-0038542,23.182782840023812,15.6,361.65141230437143,93.11962414337843,1.1448237161640336,1.1572277847309136,51.0,315.90139791666667,194.18042449317443,167.470987811197,4
Jonathan Taylor,RB,IND,11.82,5.05,13.0,27.630390143737166,00-0036223,22.415314864537063,15.6,349.67891188677817,91.84061008954608,1.1753423196324186,1.2056588944197013,41.0,297.51239791666666,194.18042449317443,155.49848739360374,5
Christian McCaffrey,RB,SF,9.58,4.48,8.0,30.24777549623545,00-0033280,22.300467406678038,15.6,347.8872915441774,91.6514141883291,1.1354885575024167,1.147540025709945,37.0,306.37674791666666,194.18042449317443,153.70686705100297,6
Jaxon Smith-Njigba,WR,SEA,4.61,1.44,11.0,24.55852156057495,00-0038543,22.399420695767663,15.4,344.951078714822,81.8004005194379,1.1064073355068396,1.1150780123246362,51.0,311.7758420833333,197.11097646636946,147.84010224845255,7
James Cook III,RB,BUF,14.97,5.66,7.0,26.94866529774127,00-0037248,20.70482106881814,15.6,322.995208673563,89.08480342193276,1.1508539287143216,1.1659181636726548,50.0,280.6569979166667,194.18042449317443,128.81478418038859,8
Amon-Ra St. Brown,WR,DET,5.4,1.29,6.0,26.869267624914443,00-0036963,21.16193278029422,15.4,325.89376481653096,79.5417914132212,1.1119987869798003,1.1230794579231371,50.0,293.07025208333334,197.11097646636946,128.7827883501615,9
Trey McBride,TE,ARI,18.5,5.19,14.0,26.78986995208761,00-0037744,18.78219839393389,14.9,279.85475606961495,62.89344764919051,1.0869980791653555,1.0974770642201834,50.0,257.45653229166663,157.6917823531921,122.16297371642284,10
CeeDee Lamb,WR,DAL,9.03,1.69,14.0,27.41409993155373,00-0036358,20.539273211022834,15.4,316.30480744975165,78.43066207606813,1.1163166455674094,1.1305475504322766,45.0,283.3468520833334,197.11097646636946,119.19383098338218,11
Chase Brown,RB,CIN,17.05,5.98,6.0,26.46132785763176,00-0038597,19.59954622844436,15.6,305.752921163732,87.37826821103671,1.1109895105726255,1.10996447301641,43.0,275.2077479166667,194.18042449317443,111.5724966705576,12
Justin Jefferson,WR,MIN,9.17,2.9,6.0,27.225188227241617,00-0036322,19.920507335420538,15.4,306.7758129654763,77.34423872858065,1.1109671777143029,1.1230899359383233,44.0,276.13400208333337,197.11097646636946,109.66483649910683,13
Saquon Barkley,RB,PHI,23.6,6.02,10.0,29.571526351813823,00-0034844,19.362051660065756,15.6,302.0480058970258,87.01959745214,1.1748468258588713,1.201652688702516,46.0,257.0956479166667,194.18042449317443,107.86758140385137,14
Josh Allen,QB,BUF,25.77,3.01,7.0,30.2943189596167,00-0034857,25.446347793429346,15.8,402.0522951361837,109.21914815783616,1.1663490377428978,1.177303528997624,49.0,344.7101014583333,303.09766816781325,98.95462696837046,15
De'Von Achane,RB,MIA,21.49,6.71,6.0,24.89801505817933,00-0039040,18.724148468100974,15.6,292.0967161023752,86.07075028360737,1.1228529412913613,1.127243668551758,44.0,260.1379979166667,194.18042449317443,97.91629160920075,16
Drake London,WR,ATL,13.17,3.46,11.0,25.11978097193703,00-0037238,18.80397004435825,15.4,289.58113868311705,75.43107423695402,1.1015553403121818,1.1092256650636148,45.0,262.88387708333335,197.11097646636946,92.47016221674758,17
A.J. Brown,WR,NE,13.73,5.45,11.0,29.1854893908282,00-0035676,18.68432335583159,15.4,287.7385796798065,75.22982117108383,1.1230968795871792,1.1403412217941662,45.0,256.20103208333336,197.11097646636946,90.62760321343703,18
Joe Burrow,QB,CIN,44.89,12.93,6.0,29.738535249828885,00-0036442,24.914156397117278,15.8,393.643671074453,108.38655210636112,1.2581297953456068,1.3259122303037711,35.0,312.88001645833333,303.09766816781325,90.54600290663973,19
Derrick Henry,RB,BAL,37.64,6.99,13.0,32.67077344284736,00-0032764,18.201024130191755,15.6,283.9359764309914,85.30882022781512,1.1822328582613157,1.2093071786310516,51.0,240.16924791666665,194.18042449317443,89.75555193781696,20
Kenneth Walker III,RB,KC,24.95,7.61,5.0,25.87816563997262,00-0038134,18.100371539318857,15.6,282.36579601337417,85.16392969481244,1.1122357734275095,1.1117903930131003,43.0,253.87224791666665,194.18042449317443,88.18537152019974,21
Lamar Jackson,QB,BAL,31.84,9.34,13.0,29.661875427789184,00-0034796,24.669205751600362,15.8,389.77345087528573,108.0071352083926,1.191846818406652,1.214601724597014,46.0,327.0331764583333,303.09766816781325,86.67578270747248,22
Nico Collins,WR,HOU,16.0,3.72,8.0,27.468856947296374,00-0036554,18.24352102941472,15.4,280.95022385298665,74.49488255284864,1.1151249906668521,1.1298049340218015,42.0,251.94505208333334,197.11097646636946,83.83924738661719,23
Omarion Hampton,RB,LAC,25.4,7.4,7.0,23.477070499657767,00-0040666,17.684870532992228,15.6,275.88398031467875,84.57175536428453,1.112369254780672,1.1105379513633014,9.0,248.01474791666666,194.18042449317443,81.70355582150432,24
Ashton Jeanty,RB,LV,28.95,8.75,13.0,22.76249144421629,00-0040122,17.669574779036786,15.6,275.6453665529739,84.55014003900014,1.1282018105288776,1.1458588331293347,17.0,244.32274791666666,194.18042449317443,81.46494205979945,25
Drake Maye,QB,NE,37.1,12.33,11.0,24.019164955509925,00-0039851,24.109044237957796,15.8,380.9228989597332,107.14864933865648,1.1854545633178772,1.2160839160839163,30.0,321.33066145833334,303.09766816781325,77.82523079191992,26
George Pickens,WR,DAL,20.43,5.82,14.0,25.508555783709788,00-0037247,17.72943898919543,15.4,273.03336043360963,73.65103183562357,1.118719877421897,1.133062697338746,48.0,244.05873708333334,197.11097646636946,75.92238396724017,27
Chris Olave,WR,NO,17.37,5.9,8.0,26.19301848049281,00-0037239,17.71684753659351,15.4,272.83945206354,73.63054641690445,1.102462462466412,1.1115451388888888,40.0,247.48185208333334,197.11097646636946,75.72847559717056,28
Breece Hall,RB,NYJ,39.52,4.84,13.0,25.267624914442163,00-0038120,17.193147859915985,15.6,268.21310661468937,83.88352456430661,1.129877345501882,1.1366871431277568,49.0,237.38249791666667,194.18042449317443,74.03268212151494,29
Kyren Williams,RB,LAR,42.04,6.43,11.0,26.028747433264886,00-0037840,17.109553025982432,15.6,266.9090272053259,83.76790077411869,1.1500089602063739,1.1663714574898785,45.0,232.09299791666666,194.18042449317443,72.72860271215148,30
Brock Bowers,TE,LV,21.2,5.51,13.0,23.731690622861056,00-0039338,15.288507055690493,14.9,227.79875512978836,56.13310845147657,1.0777434221865092,1.0894281157439052,29.0,211.36640729166666,157.6917823531921,70.10697277659625,31
DeVonta Smith,WR,PHI,22.72,7.16,10.0,27.811088295687885,00-0036912,17.28626663528097,15.4,266.20850618332696,72.9354019656953,1.0939890423943506,1.0982029262086512,46.0,243.33745208333332,197.11097646636946,69.0975297169575,32
Jeremiyah Love,RB,ARI,40.1,7.87,14.0,21.267624914442163,00-0041027,16.82983478962419,15.6,262.54542271813733,83.3839635178807,1.113193341318489,,,235.84889791666663,194.18042449317443,68.3649982249629,33
Houston Texans,DST,HOU,153.67,5.61,8.0,,,11.251041666666666,16.0,180.01666666666665,30.0,,,,,113.56666666666666,66.44999999999999,34
Malik Nabers,WR,NYG,24.25,8.56,8.0,23.110198494182068,00-0039337,17.091214462937657,15.4,263.2047027292399,72.62399286661781,1.0914758192052854,1.0990323556093138,19.0,241.1457020833333,197.11097646636946,66.09372626287043,35
Zay Flowers,WR,BAL,29.64,7.73,13.0,25.984941820670773,00-0039064,16.948680375402592,15.4,261.0096777811999,72.39783052910276,1.106977572235812,1.1160497572815533,50.0,235.78587708333333,197.11097646636946,63.89870131483045,36
Rashee Rice,WR,KC,27.1,10.14,5.0,26.37371663244353,00-0039067,16.84226698650678,15.4,259.3709115922044,72.22975975991258,1.0896225102532522,1.0935672514619883,27.0,238.03740208333335,197.11097646636946,62.259935125834915,37
Javonte Williams,RB,DAL,43.43,6.56,14.0,26.36550308008213,00-0036997,16.23892243609395,15.6,253.32719000306565,82.5880741314738,1.1047548521012327,1.1013105707880668,49.0,229.30624791666665,194.18042449317443,59.146765509891225,38
Travis Etienne Jr.,RB,NO,45.04,6.03,8.0,27.61122518822724,00-0036973,16.202266832487858,15.6,252.75536258681058,82.53939256776293,1.115384655724267,1.1162790697674418,49.0,226.60824791666664,194.18042449317443,58.57493809363615,39
Colston Loveland,TE,CHI,36.28,11.7,10.0,22.409308692676248,00-0040126,14.465833123756726,14.9,215.54091354397522,54.639306117841485,1.0728117026341606,1.087825560266505,16.0,200.9121572916667,157.6917823531921,57.84913119078311,40
Denver Broncos,DST,DEN,164.44,7.26,10.0,55.92607802874743,,10.630208333333334,16.0,170.08333333333334,30.0,,,,,113.56666666666666,56.51666666666668,41
Garrett Wilson,WR,NYJ,30.28,7.2,13.0,26.12457221081451,00-0037740,16.44991370434928,15.4,253.32867104697897,71.61589957231871,1.090434921628703,1.0934289762663834,41.0,232.31892708333334,197.11097646636946,56.2176945806095,42
D'Andre Swift,RB,CHI,52.39,7.81,10.0,27.644079397672822,00-0036275,15.947432570578503,15.6,248.77994810102464,82.20320975369319,1.1223515992848363,1.1260896637608966,49.0,221.65954791666667,194.18042449317443,54.599523607850216,43
Ladd McConkey,WR,LAC,33.83,8.24,7.0,24.84599589322382,00-0039915,16.235687740886238,15.4,250.0295912096481,71.28466065989407,1.0940625531953998,1.1001659554291132,32.0,228.53317708333333,197.11097646636946,52.918614743278624,44
Bucky Irving,RB,TB,56.3,8.44,10.0,24.04928131416838,00-0039361,15.721296154149965,15.6,245.25222000473943,81.90821859069744,1.1246831075174892,1.1331940454426745,27.0,218.06339791666664,194.18042449317443,51.071795511565,45
Brandon Aubrey,K,DAL,185.55,7.32,14.0,31.482546201232037,00-0037692,11.729166666666666,16.0,187.66666666666666,24.0,,,,,136.66666666666666,51.0,46
Jaylen Waddle,WR,DEN,33.99,8.09,10.0,27.78097193702943,00-0036613,16.10793036212742,15.4,248.06212757676226,71.08846324774329,1.1003231180511701,1.1074457884643751,45.0,225.44480208333334,197.11097646636946,50.9511511103928,47
Tyler Warren,TE,IND,53.36,10.12,13.0,24.28747433264887,00-0040128,13.881136416696856,14.9,206.82893260878316,53.604206606945375,1.0602865186481663,1.0596816976127321,17.0,195.06890729166668,157.6917823531921,49.13715025559105,48
Tetairoa McMillan,WR,CAR,35.88,7.26,5.0,23.42231348391513,00-0040124,15.85984374691308,15.4,244.24159370246144,70.7103779883344,1.0880886121563849,1.0925492033739457,17.0,224.46847708333334,197.11097646636946,47.13061723609198,49
Tee Higgins,WR,CIN,36.7,6.79,6.0,27.633127994524298,00-0036410,15.790408161833732,15.4,243.17228569223948,70.60525062515524,1.0893198911354354,1.0918956765272185,39.0,223.23312708333333,197.11097646636946,46.06130922587002,50
David Montgomery,RB,HOU,60.31,8.63,8.0,29.24845995893224,00-0035685,15.39620617147113,15.6,240.18081627494962,81.48970604835468,1.1249226020879164,1.130135606874329,45.0,213.50874791666664,194.18042449317443,46.00039178177519,51
Emeka Egbuka,WR,TB,40.74,8.3,10.0,23.89596167008898,00-0040129,15.770273142602347,15.4,242.86220639607615,70.57482274400586,1.094869268607271,1.1073071027082269,17.0,221.81845208333334,197.11097646636946,45.75122992970668,52
Luther Burden III,WR,CHI,46.7,8.12,10.0,22.73511293634497,00-0040735,15.691258936730057,15.4,241.64538762564288,70.45566597124672,1.1034585069611729,1.129007036747459,15.0,218.98910208333334,197.11097646636946,44.53441115927342,53
Cam Skattebo,RB,NYG,57.0,8.64,8.0,24.583162217659137,00-0040715,15.279915712409032,15.6,238.3666851135809,81.34160664411216,1.1065823340774752,1.0900548159749412,8.0,215.40799791666666,194.18042449317443,44.18626062040647,54
Quinshon Judkins,RB,CLE,60.62,8.49,11.0,22.855578370978783,00-0040784,15.262352176807672,15.6,238.09269395819967,81.31931322404171,1.136303018623569,1.169316843345112,14.0,209.53274791666666,194.18042449317443,43.91226946502525,55
Jayden Daniels,QB,WAS,56.6,16.35,7.0,25.71663244353183,00-0039910,21.937430840313315,15.8,346.6114072769504,103.94645686056386,1.155251205848622,1.1683684322484578,24.0,300.0312014583333,303.09766816781325,43.513739109137134,56
Los Angeles Rams,DST,LAR,164.96,7.67,11.0,,,9.802083333333334,16.0,156.83333333333334,30.0,,,,,113.56666666666666,43.26666666666668,57
Terry McLaurin,WR,WAS,47.68,6.1,7.0,30.976043805612598,00-0035659,15.543823939836967,15.4,239.3748886734893,70.23439393678218,1.1050552527717434,1.1144907723855093,44.0,216.61802708333335,197.11097646636946,42.26391220711983,58
Ka'imi Fairbairn,K,HOU,192.36,6.93,8.0,32.602327173169066,00-0032726,11.166666666666666,16.0,178.66666666666666,24.0,,,,,136.66666666666666,42.0,59
Jameson Williams,WR,DET,52.92,9.35,6.0,25.44832306639288,00-0037240,15.305198853264931,15.4,235.70006234027994,69.87923411644377,1.1125486917996412,1.1253903200624515,44.0,211.8559520833333,197.11097646636946,38.58908587391048,60
Dak Prescott,QB,DAL,77.92,12.49,14.0,33.106091718001366,00-0033077,21.560145986985212,15.8,340.6503065943664,103.41144854447005,1.2274529315256848,1.269330263600383,42.0,277.5261664583333,303.09766816781325,37.55263842655313,61
Davante Adams,WR,LAR,50.83,7.61,11.0,33.700205338809035,00-0031381,15.227442154587743,15.4,234.50260918065126,69.76430553873588,1.0892757553895986,1.0914884868421053,45.0,215.28305208333336,197.11097646636946,37.3916327142818,62
Harold Fannin Jr.,TE,CLE,76.23,12.06,11.0,22.130047912388772,00-0040663,13.090470219260974,14.9,195.04800626698852,52.24222747351784,1.0611982442801393,1.0616952789699572,16.0,183.79978229166667,157.6917823531921,37.35622391379641,63
Seattle Seahawks,DST,SEA,167.18,5.83,11.0,,,9.398958333333333,16.0,150.38333333333333,30.0,,,,,113.56666666666666,36.81666666666666,64
DJ Moore,WR,BUF,52.35,11.91,7.0,29.39630390143737,00-0034827,15.114987074889484,15.4,232.77080095329805,69.5987939815968,1.0905169979256855,1.0929561698096961,51.0,213.4499520833333,197.11097646636946,35.659824486928585,65
Cameron Dicker,K,LAC,194.55,14.61,7.0,26.33538672142368,00-0037224,10.645833333333334,16.0,170.33333333333334,24.0,,,,,136.66666666666666,33.666666666666686,66
Justin Herbert,QB,LAC,71.81,13.51,7.0,28.49281314168378,00-0036355,21.27865239603498,15.8,336.20270785735266,103.01655150056756,1.183261816308678,1.2022841128912256,46.0,284.1321364583333,303.09766816781325,33.10503968953941,67
Jadarian Price,RB,SEA,67.49,10.42,11.0,22.910335386721425,00-0041512,14.545369385160344,15.6,226.90776240850136,80.42610601616327,1.113193341318489,,,203.83499791666662,194.18042449317443,32.72733791532693,68
Philadelphia Eagles,DST,PHI,175.18,8.83,10.0,,,9.119791666666666,16.0,145.91666666666666,30.0,,,,,113.56666666666666,32.349999999999994,69
Bhayshul Tuten,RB,JAC,65.97,9.9,7.0,23.55920602327173,00-0040719,14.514394878230368,15.6,226.42456010039373,80.38826887478614,1.09612337981824,1.0733634311512414,15.0,206.56849791666667,194.18042449317443,32.244135607219306,70
Tucker Kraft,TE,GB,78.75,14.69,11.0,25.83983572895277,00-0038996,12.733094948068498,14.9,189.72311472622062,51.64169144234265,1.0730715840300373,1.08008356545961,35.0,176.80378229166666,157.6917823531921,32.031332373028505,71
TreVeyon Henderson,RB,NE,70.95,9.66,11.0,23.874058863791923,00-0040734,14.446266768738253,15.6,225.36176159231675,80.30526791700532,1.125804039583381,1.1406401551891368,17.0,200.17849791666666,194.18042449317443,31.181337099142326,72
Jalen Hurts,QB,PHI,57.19,12.64,10.0,28.082135523613964,00-0036389,21.111874448405192,15.8,333.56761628480206,102.78432760310551,1.1494032252422048,1.1535251798561152,48.0,290.20939645833334,303.09766816781325,30.469948116988803,73
Christian Watson,WR,GB,55.73,9.5,11.0,27.32101300479124,00-0038124,14.743651505378311,15.4,227.052233182826,69.05823716004788,1.0956355765143588,1.1025073746312684,33.0,207.2333520833333,197.11097646636946,29.941256716456536,74
Brock Purdy,QB,SF,96.42,10.36,8.0,26.694045174537987,00-0037834,21.055395965371034,15.8,332.67525625286237,102.70598213827608,1.2112688660608864,1.2471480320069201,40.0,274.6502164583333,303.09766816781325,29.577588085049115,75
Minnesota Vikings,DST,MIN,186.53,12.28,6.0,,,8.858333333333334,16.0,141.73333333333335,30.0,,,,,113.56666666666666,28.166666666666686,76
Rome Odunze,WR,CHI,58.87,9.6,10.0,24.26009582477755,00-0039919,14.608078965233991,15.4,224.96441606460348,68.86319865013895,1.0989802355001674,1.109106529209622,29.0,204.70287708333333,197.11097646636946,27.85343959823402,77
Tony Pollard,RB,TEN,84.99,10.61,9.0,29.352498288843258,00-0035261,14.202002706130553,15.6,221.55124221563662,80.0101950669225,1.1446260591491388,1.1571991462813989,50.0,193.55774791666667,194.18042449317443,27.370817722462192,78
Rhamondre Stevenson,RB,NE,74.02,9.46,11.0,28.53388090349076,00-0036875,14.080643112305417,15.6,219.6580325519645,79.86506426894884,1.1130026785101568,1.11290967226219,41.0,197.35624791666663,194.18042449317443,25.477608058790082,79
Parker Washington,WR,JAC,58.52,14.49,7.0,24.46269678302533,00-0038606,14.45264625835934,15.4,222.57075237873386,68.64113413221152,1.082230549164811,1.0809780882819944,33.0,205.65927708333334,197.11097646636946,25.459775912364393,80
Mike Evans,WR,SF,59.7,12.13,8.0,33.04312114989733,00-0031408,14.448939581859843,15.4,222.5136695606416,68.6358587334055,1.0927516942274484,1.0970873786407767,39.0,203.62692708333333,197.11097646636946,25.402693094272138,81
Cam Little,K,JAC,198.39,6.59,7.0,23.055441478439427,00-0039409,10.083333333333334,16.0,161.33333333333334,24.0,,,,,136.66666666666666,24.666666666666686,82
Jaylen Warren,RB,PIT,74.43,8.34,9.0,27.8466803559206,00-0037228,13.933669874372885,15.6,217.365250040217,79.69062162949743,1.1094476213961944,1.107886904761905,48.0,195.92204791666663,194.18042449317443,23.18482554704258,83
Pittsburgh Steelers,DST,PIT,186.75,7.15,9.0,,,8.534375,16.0,136.55,30.0,,,,,113.56666666666666,22.98333333333335,84
Kyle Pitts Sr.,TE,ATL,78.83,11.39,11.0,25.916495550992472,00-0036970,12.11975523567516,14.9,180.5843530115599,50.63417810861836,1.0647095297437912,1.066242436887127,51.0,169.60903229166667,157.6917823531921,22.892570658367788,85
George Kittle,TE,SF,97.7,12.8,8.0,32.90896646132786,00-0033288,12.104832182189243,14.9,180.36199951461973,50.610040705324465,1.089180115512335,1.1026941626475968,42.0,165.59428229166667,157.6917823531921,22.670217161427615,86
Sam LaPorta,TE,DET,86.19,13.68,6.0,25.648186173853524,00-0039065,12.043764410753303,14.9,179.45208972022422,50.511456537982355,1.069691145810373,1.0739247311827957,42.0,167.76065729166666,157.6917823531921,21.760307367032112,87
Jason Myers,K,SEA,200.45,7.81,11.0,35.32101300479124,00-0031492,9.895833333333334,16.0,158.33333333333334,24.0,,,,,136.66666666666666,21.666666666666686,88
Chris Godwin Jr.,WR,TB,74.37,15.04,10.0,30.5242984257358,00-0033921,14.204110871647682,15.4,218.74330742337432,68.28952408548066,1.1009523976632092,1.111046511627907,33.0,198.68552708333334,197.11097646636946,21.632330957004854,89
Carnell Tate,WR,TEN,68.19,16.74,9.0,21.6290212183436,00-0041438,14.17300960702471,15.4,218.26434794818053,68.2458274543485,1.0842971096214584,,,201.29570208333334,197.11097646636946,21.153371481811064,90
New England Patriots,DST,NE,187.17,20.09,11.0,,,8.377083333333333,16.0,134.03333333333333,30.0,,,,,113.56666666666666,20.46666666666667,91
DK Metcalf,WR,PIT,79.37,12.98,9.0,28.72826830937714,00-0035640,14.111377418913595,15.4,217.31521225126937,68.15943617119353,1.1037487803454067,1.1122060284862538,46.0,196.88829208333334,197.11097646636946,20.204235784899907,92
Marvin Harrison Jr.,WR,ARI,69.24,13.21,14.0,24.07118412046544,00-0039849,14.095808278270727,15.4,217.0754474853692,68.13765483548796,1.0850498123433694,1.0855689176688252,29.0,200.0603520833333,197.11097646636946,19.964471018999745,93
Eddy Pineiro,K,SF,209.07,12.01,8.0,30.981519507186857,00-0034173,9.770833333333334,16.0,156.33333333333334,24.0,,,,,136.66666666666666,19.666666666666686,94
Rico Dowdle,RB,PIT,87.26,12.33,9.0,28.229979466119097,00-0036139,13.680631383451365,15.6,213.4178495818413,79.39370128251453,1.1430675296795474,1.1552610759493671,49.0,186.70624791666665,194.18042449317443,19.237425088666868,95
Caleb Williams,QB,CHI,65.14,11.8,10.0,24.79945242984257,00-0039918,20.367525529273077,15.8,321.8069033625146,101.76395241053972,1.1218259089950922,1.1114231883046646,34.0,286.85993145833334,303.09766816781325,18.709235194701364,96
Tyler Loop,K,BAL,212.52,18.81,13.0,25.089664613278572,00-0040074,9.604166666666666,16.0,153.66666666666666,24.0,,,,,136.66666666666666,17.0,97
Jared Goff,QB,DET,105.55,10.76,6.0,31.89596167008898,00-0033106,20.21654798550549,15.8,319.42145817098674,101.56023617619084,1.2682914635856548,1.318793788847159,51.0,251.85177645833332,303.09766816781325,16.323790003173485,98
Jacksonville Jaguars,DST,JAC,188.99,13.61,7.0,,,8.094791666666666,16.0,129.51666666666665,30.0,,,,,113.56666666666666,15.949999999999989,99
Brian Thomas Jr.,WR,JAC,81.16,14.46,7.0,23.91238877481177,00-0039893,13.802465411684183,15.4,212.55796733993643,67.73047904554781,1.0945177045169947,1.1011116367076634,31.0,194.20240208333334,197.11097646636946,15.44699087356696,100
Trevor Lawrence,QB,JAC,76.37,13.23,7.0,26.91854893908282,00-0036971,20.13024017144877,15.8,318.0577947088906,101.44427834469039,1.1297620739988312,1.1252279064779067,43.0,281.52635145833335,303.09766816781325,14.96012654107733,101
Evan McPherson,K,CIN,217.15,18.2,6.0,27.129363449691997,00-0036854,9.4375,16.0,151.0,24.0,,,,,136.66666666666666,14.333333333333343,102
Los Angeles Chargers,DST,LAC,191.65,13.22,7.0,,,7.928124999999999,16.0,126.84999999999998,30.0,,,,,113.56666666666666,13.283333333333317,103
Travis Kelce,TE,KC,98.18,15.03,5.0,36.91991786447639,00-0030506,11.371988663105089,14.9,169.44263108026584,49.44766454343041,1.0718686023844801,1.0764802631578947,48.0,158.0815322916667,157.6917823531921,11.75084872707373,104
Jonathon Brooks,RB,CAR,88.71,21.45,5.0,23.129363449691997,00-0039344,13.139599979426949,15.6,204.9777596790604,78.77352494529396,1.107124644624773,1.0666666666666667,3.0,185.14424791666664,194.18042449317443,10.79733518588597,105
Michael Pittman Jr.,WR,PIT,81.63,13.08,9.0,28.919917864476385,00-0036252,13.354500210159575,15.4,205.65930323645745,67.12063656458353,1.0853869064414507,1.0858317214700193,49.0,189.48017708333333,197.11097646636946,8.548326770087982,106
Baltimore Ravens,DST,BAL,196.77,16.19,13.0,,,7.5843750000000005,16.0,121.35000000000001,30.0,,,,,113.56666666666666,7.783333333333346,107
Dalton Kincaid,TE,BUF,111.01,12.69,7.0,26.885694729637237,00-0038933,11.081765542664977,14.9,165.11830658570815,49.000197164786535,1.0676003446920963,1.070917285259809,41.0,154.66303229166667,157.6917823531921,7.426524232516044,108
Cairo Santos,K,CHI,218.57,17.17,10.0,34.81724845995893,00-0031203,8.9375,16.0,143.0,24.0,,,,,136.66666666666666,6.333333333333343,109
Wan'Dale Robinson,WR,TEN,85.64,12.2,9.0,25.66735112936345,00-0038117,13.189630222289887,15.4,203.12030542326426,66.89989431164314,1.0743822301346255,1.0702510303484452,48.0,189.05776708333332,197.11097646636946,6.009328956894791,110
Courtland Sutton,WR,DEN,86.25,15.44,10.0,30.90759753593429,00-0034348,13.182222732588993,15.4,203.0062300818705,66.89002390581066,1.0894632111750997,1.0915718240541372,49.0,186.33601208333334,197.11097646636946,5.895253615501048,111
RJ Harvey,RB,DEN,94.71,16.6,10.0,25.58521560574949,00-0040730,12.781815151866304,15.6,199.39631636911434,78.3745752038057,1.088984443935009,1.0605033881897385,17.0,183.10299791666665,194.18042449317443,5.215891875939917,112
Green Bay Packers,DST,GB,207.26,23.65,11.0,,,7.41875,16.0,118.7,30.0,,,,,113.56666666666666,5.13333333333334,113
Jake Bates,K,DET,220.72,15.54,6.0,27.512662559890487,00-0039172,8.833333333333334,16.0,141.33333333333334,24.0,,,,,136.66666666666666,4.666666666666686,114
Chuba Hubbard,RB,CAR,99.84,17.33,5.0,27.23887748117728,00-0036555,12.669727959043428,15.6,197.64775616107747,78.25144832090768,1.1317682240595979,1.1396724294813465,47.0,174.63624791666666,194.18042449317443,3.4673316679030393,115
Andy Borregales,K,NE,223.71,18.46,11.0,,,8.75,16.0,140.0,24.0,,,,,136.66666666666666,3.333333333333343,116
Isaiah Likely,TE,NYG,118.57,26.71,8.0,26.38466803559206,00-0037838,10.774711237133364,14.9,160.54319743328713,48.53506067954165,1.067908275369425,1.0715532286212912,39.0,150.33425729166666,157.6917823531921,2.8514150800950233,117
Josh Downs,WR,IND,88.0,14.86,13.0,25.06776180698152,00-0038997,12.852185807403801,15.4,197.92366143401856,66.45442980712042,1.077885093639534,1.0751565762004174,47.0,183.62222708333334,197.11097646636946,0.8126849676490906,118
Chase McLaughlin,K,TB,228.08,21.68,10.0,30.409308692676248,00-0035358,8.5625,16.0,137.0,24.0,,,,,136.66666666666666,0.3333333333333428,119
Michael Wilson,WR,ARI,88.1,15.54,14.0,26.535249828884325,00-0038559,12.819339987643614,15.4,197.41783580971168,66.41152906972613,1.084307798337172,1.0843124456048738,46.0,182.06807708333332,197.11097646636946,0.3068593433422109,120
Harrison Mevis,K,LAR,229.98,25.59,11.0,24.44626967830253,00-0039498,8.541666666666666,16.0,136.66666666666666,24.0,,,,,136.66666666666666,0.0,121
Kenny Gainwell,RB,TB,98.34,14.32,10.0,27.482546201232037,00-0036919,12.447463108536823,15.6,194.18042449317443,78.00993733997922,1.0845320850422326,1.0728336130927403,49.0,179.04534791666663,194.18042449317443,0.0,122
Kansas City Chiefs,DST,KC,209.61,17.31,5.0,47.07734428473648,,7.097916666666666,16.0,113.56666666666666,30.0,,,,,113.56666666666666,0.0,123
Dallas Goedert,TE,PHI,119.37,17.06,10.0,31.67419575633128,00-0034351,10.583341097529672,14.9,157.6917823531921,48.249580427168745,1.0707698999198574,1.0758823529411765,39.0,147.26953229166665,157.6917823531921,0.0,124
Stefon Diggs,WR,WAS,93.69,28.49,7.0,32.76933607118412,00-0031588,12.799414056257756,15.4,197.11097646636946,66.38554334522429,1.1046237877663978,1.114303158311607,42.0,178.44172708333332,197.11097646636946,0.0,125
Jaxson Dart,QB,NYG,98.35,13.68,8.0,23.318275154004105,00-0040691,19.183396719481852,15.8,303.09766816781325,100.19634882345716,1.1235176140518626,1.1006705853133536,14.0,269.77562645833336,303.09766816781325,0.0,126
J.K. Dobbins,RB,DEN,102.38,15.47,10.0,27.720739219712527,00-0036158,12.426455491421944,15.6,193.85270566618232,77.98729346183751,1.1218961023753706,1.1291484032561052,24.0,172.79024791666666,194.18042449317443,-0.3277188269921112,127
Alec Pierce,WR,IND,100.28,19.94,13.0,26.34633812457221,00-0037664,12.64406907173559,15.4,194.7186637047281,66.18399615458367,1.117419274993921,1.131220177232447,48.0,174.25747708333333,197.11097646636946,-2.3923127616413637,128
Matthew Stafford,QB,LAR,105.93,10.19,11.0,38.57905544147844,00-0026498,19.012115426508835,15.8,300.3914237388396,99.97541299248758,1.2044566005729247,1.2315174615746356,48.0,249.39995645833332,303.09766816781325,-2.706244428973662,129
Detroit Lions,DST,DET,220.28,28.13,6.0,,,6.9281250000000005,16.0,110.85000000000001,30.0,,,,,113.56666666666666,-2.7166666666666544,130
Harrison Butker,K,KC,243.9,23.5,5.0,31.148528405201915,00-0033303,8.354166666666666,16.0,133.66666666666666,24.0,,,,,136.66666666666666,-3.0,131
Patrick Mahomes II,QB,KC,103.11,10.61,5.0,30.97056810403833,00-0033873,18.97254762092249,15.8,299.76625241057536,99.92458720166144,1.170894956253362,1.184540357159685,46.0,256.01464145833336,303.09766816781325,-3.3314157572378917,132
Bo Nix,QB,DEN,98.53,9.53,10.0,26.529774127310063,00-0039732,18.939951669178164,15.8,299.251236373015,99.8827770939527,1.1617778139040555,1.1748762137483122,34.0,257.58043645833334,303.09766816781325,-3.8464317947982636,133
MarShawn Lloyd,RB,GB,106.21,47.96,11.0,25.66735112936345,00-0039811,12.096411705242852,15.6,188.7040226017885,77.63572032721082,1.1078031822080847,1.0,1.0,170.34074791666666,194.18042449317443,-5.476401891385933,134
Chris Boswell,K,PIT,244.39,19.98,9.0,35.47707049965777,00-0031136,8.1875,16.0,131.0,24.0,,,,,136.66666666666666,-5.666666666666657,135
Blake Corum,RB,LAR,109.75,15.19,11.0,25.779603011635867,00-0039738,12.03788992980681,15.6,187.7910829049862,77.57420555303221,1.1214923199297007,1.1268464996788696,31.0,167.44749791666666,194.18042449317443,-6.389341588188216,136
Quentin Johnston,WR,LAC,93.76,15.8,7.0,24.999315537303215,00-0038544,12.354178193120896,15.4,190.2543441740618,65.81286518054897,1.0814134670624298,1.0801318481473061,45.0,175.93117708333332,197.11097646636946,-6.8566322923076655,137
Jake Ferguson,TE,DAL,119.93,19.24,14.0,27.633127994524298,00-0038041,10.115722961210421,14.9,150.72427212203527,47.56669243229981,1.0517035584237415,1.0479131175468483,48.0,143.3144072916667,157.6917823531921,-6.967510231156837,138
Will Reichard,K,MIN,251.58,27.7,6.0,25.65639972621492,00-0039404,8.083333333333334,16.0,129.33333333333334,24.0,,,,,136.66666666666666,-7.333333333333314,139
Cleveland Browns,DST,CLE,220.74,30.63,11.0,,,6.605208333333333,16.0,105.68333333333332,30.0,,,,,113.56666666666666,-7.88333333333334,140
Jordan Mason,RB,MIN,113.61,18.14,6.0,27.28815879534565,00-0037525,11.928167561533808,15.6,186.0794139599274,77.4595454808634,1.1375577176016292,1.1507276507276507,37.0,163.57799791666667,194.18042449317443,-8.101010533247035,141
Wil Lutz,K,DEN,265.87,29.55,10.0,32.167008898015055,00-0032569,7.979166666666667,16.0,127.66666666666667,24.0,,,,,136.66666666666666,-8.999999999999986,142
Buffalo Bills,DST,BUF,227.03,23.74,7.0,,,6.496875,16.0,103.95,30.0,,,,,113.56666666666666,-9.61666666666666,143
Daniel Carlson,K,NO,266.18,62.45,8.0,31.61943874058864,00-0034161,7.916666666666667,16.0,126.66666666666667,24.0,,,,,136.66666666666666,-9.999999999999986,144
Jayden Reed,WR,GB,103.17,16.45,11.0,26.357289527720734,00-0039146,12.12496063317892,15.4,186.7243937509554,65.52406073807924,1.0839370655163834,1.0837475686189755,38.0,172.26497708333335,197.11097646636946,-10.386582715414079,145
Nick Folk,K,ATL,266.63,61.17,11.0,41.83436002737851,00-0025565,7.833333333333333,16.0,125.33333333333333,24.0,,,,,136.66666666666666,-11.333333333333329,146
Rachaad White,RB,WAS,112.32,16.05,7.0,27.64955509924709,00-0037256,11.707414446011464,15.6,182.63566535777883,77.23153512880721,1.1046384098920758,1.1011466011466011,49.0,165.33524791666667,194.18042449317443,-11.544759135395594,147
Juwan Johnson,TE,NO,127.67,19.32,8.0,29.97946611909651,00-0036040,9.802146728441887,14.9,146.05198625378412,47.120789680190114,1.0588980289404233,1.058052434456929,45.0,137.92828229166668,157.6917823531921,-11.639796099407988,148
Jordan Addison,WR,MIN,107.99,15.61,6.0,24.607802874743328,00-0038994,11.993644271232538,15.4,184.7021217769811,65.36048105420366,1.0966014294804154,1.1019511337669186,46.0,168.43140708333334,197.11097646636946,-12.408854689388363,149
Jacory Croskey-Merritt,RB,WAS,114.54,15.84,7.0,25.40177960301164,00-0040242,11.641065598504515,15.6,181.60062333667042,77.16370778997282,1.1266823054342394,1.1425516749821814,17.0,161.18174791666667,194.18042449317443,-12.579801156504004,150
Jakobi Meyers,WR,JAC,107.87,18.26,7.0,29.82340862422998,00-0034960,11.942006794191709,15.4,183.90690463055233,65.29653345777432,1.081339537000969,1.0800809954603352,47.0,170.07322708333334,197.11097646636946,-13.204071835817132,151
Tennessee Titans,DST,TEN,235.78,57.42,9.0,,,6.216666666666666,16.0,99.46666666666665,30.0,,,,,113.56666666666666,-14.100000000000009,152
Aaron Jones Sr.,RB,MIN,117.76,16.04,6.0,31.761806981519506,00-0033293,11.496894770996171,15.6,179.35155842754025,77.01745038741173,1.1323056964330342,1.141861873990307,40.0,158.39499791666665,194.18042449317443,-14.828866065634173,153
Spencer Shrader,K,IND,267.56,37.03,13.0,27.301848049281315,00-0039576,7.583333333333333,16.0,121.33333333333333,24.0,,,,,136.66666666666666,-15.333333333333329,154
Mark Andrews,TE,BAL,133.61,23.71,13.0,31.000684462696785,00-0034753,9.510029419262121,14.9,141.6994383470056,46.71437481753728,1.057513483526249,1.056019332161687,44.0,133.99303229166668,157.6917823531921,-15.9923440061865,155
Makai Lemon,WR,PHI,108.06,20.16,10.0,22.261464750171115,00-0040867,11.746838849168634,15.4,180.90131827719696,65.05677329172391,1.0842971096214584,,,166.83740708333332,197.11097646636946,-16.2096581891725,156
Trey Smack,K,GB,269.91,47.24,11.0,23.15400410677618,00-0040899,7.5,16.0,120.0,24.0,,,,,136.66666666666666,-16.666666666666657,157
Baker Mayfield,QB,TB,118.46,8.97,10.0,31.397672826830934,00-0034855,18.119030706906173,15.8,286.28068516911753,98.84792911640986,1.2116559235608926,1.2399482331264118,51.0,236.27226145833333,303.09766816781325,-16.81698299869572,158
KC Concepcion,WR,CLE,108.19,18.14,11.0,21.949349760438057,00-0041547,11.674449343498821,15.4,179.78651988988184,64.96862682959906,1.0842971096214584,,,165.8092770833333,197.11097646636946,-17.32445657648762,159
Dallas Cowboys,DST,DAL,247.62,54.29,14.0,,,5.952083333333333,16.0,95.23333333333333,30.0,,,,,113.56666666666666,-18.33333333333333,160
Kyle Monangai,RB,CHI,120.02,14.09,10.0,24.251882272416157,00-0040236,11.265984039253786,15.6,175.74935101235906,76.78642978729766,1.1293058574086565,1.1482617586912065,17.0,155.62599791666668,194.18042449317443,-18.43107348081537,161
Brenton Strange,TE,JAC,160.94,25.18,7.0,25.69199178644764,00-0038935,9.326909859445118,14.9,138.97095690573227,46.46412367921309,1.058503486365226,1.0570214669051878,31.0,131.29003229166665,157.6917823531921,-18.720825447459845,162
De'Zhaun Stribling,WR,SF,121.47,34.93,8.0,23.718001368925396,00-0041035,11.522936424655027,15.4,177.4532209396874,64.78551593993288,1.0842971096214584,,,163.6573770833333,197.11097646636946,-19.657755526682053,163
Dalton Schultz,TE,HOU,162.07,22.67,8.0,30.154688569472963,00-0034383,9.222989378550382,14.9,137.4225417404007,46.32368119654922,1.0629619209510068,1.0638440860215053,49.0,129.28265729166668,157.6917823531921,-20.269240612791407,164
Khalil Shakir,WR,BUF,122.63,16.45,7.0,26.590006844626966,00-0037261,11.482093021044754,15.4,176.8242325240892,64.73647622919347,1.0972864667862723,1.1028138528138525,47.0,161.14682708333333,197.11097646636946,-20.286743942280253,165
Woody Marks,RB,HOU,135.81,13.9,8.0,25.68651608487337,00-0040583,11.14031900449813,15.6,173.7889764701708,76.66238805860797,1.124145623038949,1.1378359751895242,16.0,154.59649791666664,194.18042449317443,-20.39144802300362,166
Kyler Murray,QB,MIN,113.74,9.41,6.0,29.08145106091718,00-0035228,17.880346507031458,15.8,282.50947481109705,98.55368034015687,1.156107255594721,1.1671717365453222,30.0,244.36268645833334,303.09766816781325,-20.588193356716204,167
Jordan Love,QB,GB,116.43,8.9,11.0,27.84394250513347,00-0036264,17.8648679240891,15.8,282.2649132006078,98.53470302481861,1.1808378752724258,1.1984239778697054,47.0,239.03782145833333,303.09766816781325,-20.83275496720546,168
New Orleans Saints,DST,NO,261.57,33.67,8.0,,,5.736458333333332,16.0,91.78333333333332,30.0,,,,,113.56666666666666,-21.783333333333346,169
Chig Okonkwo,TE,WAS,163.01,22.77,7.0,26.99520876112252,00-0037809,9.099230269971738,14.9,135.5785310225789,46.15793386385873,1.06010664745741,1.0598290598290598,50.0,127.89140729166665,157.6917823531921,-22.113251330613224,170
San Francisco 49ers,DST,SF,264.07,31.0,8.0,,,5.711458333333333,16.0,91.38333333333333,30.0,,,,,113.56666666666666,-22.183333333333337,171
Hunter Henry,TE,NE,167.1,25.75,11.0,31.74811772758385,00-0033090,9.088908610735286,14.9,135.42473829995578,46.144184810264605,1.07139161518373,1.0759963972078361,46.0,126.40078229166667,157.6917823531921,-22.267044053236333,172
Tyler Bass,K,BUF,275.3,46.95,7.0,29.557837097878167,00-0036162,7.145833333333333,16.0,114.33333333333333,24.0,,,,,136.66666666666666,-22.33333333333333,173
Cincinnati Bengals,DST,CIN,268.0,59.79,6.0,,,5.532291666666667,16.0,88.51666666666667,30.0,,,,,113.56666666666666,-25.049999999999997,174
Blake Grupe,K,NYJ,279.5,52.84,13.0,27.835728952772072,00-0038905,6.9375,16.0,111.0,24.0,,,,,136.66666666666666,-25.666666666666657,175
Tyler Allgeier,RB,ARI,136.5,13.57,14.0,26.392881587953458,00-0037263,10.793568125809106,15.6,168.37966276262205,76.32632522997959,1.1107076179179056,1.109732824427481,51.0,151.59674791666666,194.18042449317443,-25.80076173055238,176
T.J. Hockenson,TE,MIN,188.02,27.92,6.0,29.177275838466805,00-0035229,8.811794248800615,14.9,131.29573430712915,45.77938978285318,1.0696731993734814,1.0741094907960793,40.0,122.74378229166666,157.6917823531921,-26.39604804606296,177
Ryan Fitzgerald,K,CAR,282.57,78.42,5.0,26.06433949349761,00-0040279,6.875,16.0,110.0,24.0,,,,,136.66666666666666,-26.666666666666657,178
Matthew Golden,WR,GB,124.75,20.24,11.0,23.09924709103354,00-0040667,11.050288725380085,15.4,170.1744463708533,64.22646961323977,1.0804688880126225,1.075,14.0,157.50055208333333,197.11097646636946,-26.93653009551616,179
Jalen Coker,WR,CAR,124.94,15.22,5.0,24.851471594798085,00-0039491,11.009408952363485,15.4,169.54489786639766,64.17899392984731,1.0888692797185489,1.0930257979886313,22.0,155.70730208333333,197.11097646636946,-27.566078599971803,180
Chicago Bears,DST,CHI,268.72,48.42,10.0,,,5.315625,16.0,85.05,30.0,,,,,113.56666666666666,-28.516666666666666,181
Charlie Smyth,K,NO,284.75,39.63,8.0,25.196440793976727,00-0039229,6.75,16.0,108.0,24.0,,,,,136.66666666666666,-28.666666666666657,182
Atlanta Falcons,DST,ATL,271.34,35.49,11.0,53.1088295687885,,5.304166666666666,16.0,84.86666666666666,30.0,,,,,113.56666666666666,-28.700000000000003,183
Terrance Ferguson,TE,LAR,205.53,43.49,11.0,23.50171115674196,00-0040737,8.633761565080956,14.9,128.64304731970626,45.54949819740766,1.0545503327487298,1.0431861804222649,11.0,121.98853229166667,157.6917823531921,-29.048735033485855,184
New York Giants,DST,NYG,271.9,54.33,8.0,52.03285420944559,,5.227083333333334,16.0,83.63333333333334,30.0,,,,,113.56666666666666,-29.933333333333323,185
Zane Gonzalez,K,FA,290.18,60.89,,31.3347022587269,00-0033862,6.583333333333333,16.0,105.33333333333333,24.0,,,,,136.66666666666666,-31.33333333333333,186
AJ Barner,TE,SEA,211.33,22.21,11.0,24.34496919917865,00-0039793,8.470310581682755,14.9,126.20762766707304,45.34157040428935,1.0608577419060539,1.0608945969884853,31.0,118.96753229166666,157.6917823531921,-31.48415468611907,187
Washington Commanders,DST,WAS,276.5,88.48,7.0,,,5.101041666666666,16.0,81.61666666666666,30.0,,,,,113.56666666666666,-31.950000000000003,188
Josh Jacobs,RB,GB,147.99,66.57,11.0,28.566735112936342,00-0035700,10.373034445922794,15.6,161.81933735639558,75.93112235997958,1.1277787901587952,1.1342612118655981,45.0,143.48499791666666,194.18042449317443,-32.36108713677885,189
Tyjae Spears,RB,TEN,140.39,15.58,9.0,25.22655715263518,00-0039032,10.333383036241022,15.6,161.20077536535993,75.89456582405643,1.0852074060753731,1.071880770245318,42.0,148.54374791666666,194.18042449317443,-32.9796491278145,190
Greg Dulcich,TE,MIA,215.31,39.45,6.0,26.4476386036961,00-0037252,8.362373049939189,14.9,124.59935844409391,45.205927811052845,1.0574084170812592,1.052562417871222,14.0,117.83465729166667,157.6917823531921,-33.0924239090982,191
Chris Rodriguez Jr.,RB,JAC,141.1,17.66,7.0,25.94387405886379,00-0038611,10.324794418582327,15.6,161.0667929298843,75.88666369892198,1.1026194851807665,1.0944857496902107,26.0,146.07649791666665,194.18042449317443,-33.11363156329014,192
Romeo Doubs,WR,NE,126.88,15.13,11.0,26.39835728952772,00-0037816,10.647355752750988,15.4,163.9692785923652,63.76471415597598,1.0694836515378618,1.0630430175884722,46.0,153.3163020833333,197.11097646636946,-33.14169787400425,193
Jordyn Tyson,WR,NO,138.63,30.35,8.0,22.067077344284737,00-0041029,10.640513962129603,15.4,163.8639150167959,63.75699331584841,1.0842971096214584,,,151.12455208333333,197.11097646636946,-33.24706144957358,194
Xavier Worthy,WR,KC,129.83,14.24,5.0,23.362080766598226,00-0039894,10.619487102656125,15.4,163.54010138090433,63.733290098242406,1.073099523754339,1.0656344665095927,30.0,152.39975208333334,197.11097646636946,-33.57087508546513,195
Indianapolis Colts,DST,IND,280.47,35.41,13.0,,,4.955208333333332,16.0,79.28333333333332,30.0,,,,,113.56666666666666,-34.283333333333346,196
Deebo Samuel Sr.,WR,SF,140.72,30.3,8.0,30.64202600958248,00-0035719,10.50167834858977,15.4,161.72584656828246,63.60119213825899,1.0866249698998924,1.0876595744680853,45.0,148.83317708333334,197.11097646636946,-35.385129898087,197
Las Vegas Raiders,DST,LV,281.5,55.31,13.0,,,4.8218749999999995,16.0,77.14999999999999,30.0,,,,,113.56666666666666,-36.41666666666667,198
Gunnar Helm,TE,TEN,220.35,29.76,9.0,24.0,00-0040584,8.121807552156577,14.9,121.014932527133,44.90845086952398,1.0543766905103826,1.0463467829880044,16.0,114.77390729166669,157.6917823531921,-36.67684982605911,199
Tyreek Hill,WR,FA,283.42,50.67,,32.51745379876797,00-0033040,10.39935353683575,15.4,160.15004446727056,63.487432369977796,1.1237262804611952,1.1450393457799721,37.0,142.51695208333334,197.11097646636946,-36.960931999098904,200
Brandon McManus,K,FA,290.2,74.79,,35.11841204654346,00-0029822,6.229166666666667,16.0,99.66666666666667,24.0,,,,,136.66666666666666,-36.999999999999986,201
Rashid Shaheed,WR,SEA,146.98,17.44,11.0,28.016427104722798,00-0037545,10.387151416988146,15.4,159.96213182161745,63.473927453890916,1.0869985065999808,1.0883838383838385,39.0,147.15947708333334,197.11097646636946,-37.14884464475202,202
Brandon Aiyuk,WR,SF,279.1,56.29,8.0,28.47364818617385,00-0036261,10.379707629589328,15.4,159.84749749567567,63.46569528506013,1.1216033963609375,1.154043645699615,23.0,142.51695208333334,197.11097646636946,-37.2634789706938,203
Jonah Coleman,RB,DEN,149.36,19.28,10.0,23.04722792607803,00-0041496,10.052688752185597,15.6,156.8219445340953,75.63929326588551,1.113193341318489,,,140.87574791666665,194.18042449317443,-37.35847995907912,204
Kenyon Sadiq,TE,NYJ,223.91,28.43,13.0,21.508555783709788,00-0041032,8.04960121896371,14.9,119.93905816255928,44.82048031137275,1.0608006165282853,,,113.06465729166666,157.6917823531921,-37.75272419063283,205
Denzel Boston,WR,CLE,153.85,29.81,11.0,22.751540041067763,00-0041037,10.336926965483336,15.4,159.18867526844338,63.4184774608049,1.0842971096214584,,,146.81278208333333,197.11097646636946,-37.92230119792609,206
Dylan Sampson,RB,CLE,148.97,19.74,11.0,21.976728268309376,00-0040162,10.00861860235662,15.6,156.13445019676325,75.59977603917545,1.1013746686203498,1.0856164383561644,15.0,141.76324791666667,194.18042449317443,-38.045974296411174,207
Ashton Dulin,WR,IND,337.47,30.32,13.0,29.31143052703628,00-0035021,10.26482978451416,15.4,158.07837868151805,63.339264774815085,1.1091900042114677,1.1403061224489797,16.0,142.51695208333334,197.11097646636946,-39.03259778485142,208
Tyler Shough,QB,NO,125.2,12.5,8.0,26.94045174537988,00-0040743,16.701449682191054,15.8,263.8829049786187,97.14542567331978,1.1532874144426384,1.1783362876677643,11.0,228.80931645833334,303.09766816781325,-39.21476318919457,209
Ryan Flournoy,WR,DAL,185.74,29.71,14.0,26.86105407255305,00-0039410,10.23942725779293,15.4,157.6871797700111,63.31146380425268,1.1064450752343298,1.1285930408472014,20.0,142.51695208333334,197.11097646636946,-39.42379669635835,210
Mike Washington Jr.,RB,LV,152.53,26.25,13.0,23.17864476386037,WAS569019,9.899175108904924,15.6,154.4271316989168,75.50230191574636,1.113193341318489,,,138.72444791666663,194.18042449317443,-39.75329279425762,211
Tank Dell,WR,HOU,226.41,33.76,8.0,26.855578370978783,00-0038977,10.192341426491817,15.4,156.96205796797398,63.26008229980629,1.1013571064598282,1.1155737704918032,24.0,142.51695208333334,197.11097646636946,-40.14891849839549,212
Calvin Ridley,WR,TEN,209.81,31.11,9.0,31.71252566735113,00-0034837,10.182534629368172,15.4,156.81103329226985,63.249405385293436,1.1002974102377547,1.1081024349286313,41.0,142.51695208333334,197.11097646636946,-40.29994317409961,213
Sam Darnold,QB,SEA,138.31,12.86,11.0,29.253935660506503,00-0034869,16.617060835256726,15.8,262.5495611970563,97.04754795988269,1.218565282452846,1.2544992589455852,44.0,215.45793645833334,303.09766816781325,-40.548106970756976,214
Darius Slayton,WR,NYG,272.71,23.95,8.0,29.648186173853524,00-0035535,10.159317740431218,15.4,156.45349320264077,63.224162357353805,1.0977886554236607,1.1035297387437466,47.0,142.51695208333334,197.11097646636946,-40.65748326372869,215
Cooper Kupp,WR,SEA,225.03,28.89,11.0,33.22655715263518,00-0033908,10.157471893932565,15.4,156.4250671665615,63.222157464499446,1.0975891981965467,1.1042352424840904,40.0,142.51695208333334,197.11097646636946,-40.685909299807975,216
Tre Tucker,WR,LV,159.03,26.97,13.0,25.49760438056126,00-0038563,10.151626094173164,15.4,156.33504185026672,63.21580994914063,1.081236314050474,1.079933847850055,47.0,144.58915208333332,197.11097646636946,-40.775934616102745,217
Keaton Mitchell,RB,LAC,152.54,27.63,7.0,24.635181382614647,00-0038454,9.828372339942469,15.6,153.32260850310251,75.43974723766783,1.1182228555165985,1.1230128690386076,21.0,137.11274791666665,194.18042449317443,-40.85781599007191,218
Jerry Jeudy,WR,CLE,170.19,28.08,11.0,27.370294318959616,00-0036407,10.143646084023501,15.4,156.21214969396192,63.20714992573843,1.0960952182209218,1.1008144616607072,50.0,142.51695208333334,197.11097646636946,-40.898826772407546,219
Odell Beckham Jr.,WR,NYG,321.36,45.4,8.0,33.83436002737851,00-0031235,10.14236927540609,15.4,156.19248684125378,63.20576483633769,1.095957249702646,1.1065573770491803,22.0,142.51695208333334,197.11097646636946,-40.91848962511568,220
Adonai Mitchell,WR,NYJ,169.01,26.15,13.0,23.91238877481177,00-0039890,10.129174842370405,15.4,155.98929257250424,63.19145987389604,1.0945314946203262,1.1007341521953975,33.0,142.51695208333334,197.11097646636946,-41.121683893865224,221
Keenan Allen,WR,IND,192.19,53.81,13.0,34.36002737850787,00-0030279,10.126875888663738,15.4,155.95388868542156,63.18896899924335,1.0942830758423132,1.098721283051582,45.0,142.51695208333334,197.11097646636946,-41.157087780947904,222
Joshua Palmer,WR,BUF,312.54,35.08,7.0,26.95687885010267,00-0036988,10.125635875090973,15.4,155.934792476401,63.18762566099887,1.0941490832979777,1.0994744744744747,37.0,142.51695208333334,197.11097646636946,-41.17618398996848,223
Theo Wease Jr.,WR,LAC,341.33,70.92,7.0,25.19917864476386,00-0040311,10.1191311712045,15.4,155.83462003654932,63.180581176987346,1.093446202423897,1.1544401544401544,3.0,142.51695208333334,197.11097646636946,-41.27635642982014,224
Ben Sauls,K,FA,290.4,93.59,,25.100616016427104,00-0040530,5.958333333333333,16.0,95.33333333333333,24.0,,,,,136.66666666666666,-41.33333333333333,225
Marquez Valdes-Scantling,WR,FA,339.6,78.54,,31.906913073237508,00-0034272,10.101634057448226,15.4,155.56516448470268,63.16165067398763,1.0915555111909754,1.0953757225433527,38.0,142.51695208333334,197.11097646636946,-41.54581198166679,226
Malik Willis,QB,MIA,128.78,18.79,6.0,27.28542094455852,00-0038128,16.54939869652829,15.8,261.480499405147,96.96935782598837,1.1719969884198271,1.2261410788381741,12.0,223.10680145833334,303.09766816781325,-41.61716876266627,227
Keon Coleman,WR,BUF,246.62,29.66,7.0,23.307323750855577,00-0039901,10.093803567056788,15.4,155.44457493267456,63.15318747493447,1.090709369379315,1.0958391771856006,25.0,142.51695208333334,197.11097646636946,-41.66640153369491,228
Darnell Mooney,WR,NYG,226.23,24.31,8.0,28.854209445585216,00-0036309,10.068360490855643,15.4,155.0527515591769,63.12572607822458,1.0879600587340204,1.0895880361173815,45.0,142.51695208333334,197.11097646636946,-42.05822490719257,229
Tutu Atwell,WR,LAR,345.96,40.04,11.0,26.915811088295687,00-0036849,10.066862836352637,15.4,155.02968767983063,63.12411140755757,1.0877982262010542,1.0896907216494842,37.0,142.51695208333334,197.11097646636946,-42.081288786538835,230
Oronde Gadsden II,TE,LAC,224.17,38.1,7.0,23.200547570157426,00-0040189,7.757097465364385,14.9,115.58075223392935,44.47044489263874,1.0706205740892223,1.0837138508371387,15.0,107.95678229166666,157.6917823531921,-42.111030119262765,231
Christian Kirk,WR,SF,273.41,33.36,8.0,29.79876796714579,00-0034775,10.059579688413265,15.4,154.9175272015643,63.1162620416557,1.0870112287482827,1.0887622733462339,31.0,142.51695208333334,197.11097646636946,-42.19344926480517,232
DeAndre Hopkins,WR,BAL,389.0,45.11,13.0,34.25051334702259,00-0030564,10.058806381329305,15.4,154.9056182724713,63.11542889122597,1.0869276672566923,1.087979890310786,50.0,142.51695208333334,197.11097646636946,-42.20535819389818,233
Xavier Restrepo,WR,TEN,332.0,14.76,9.0,24.40246406570842,00-0040522,10.05241293894895,15.4,154.80715925981383,63.10854271690325,1.0862368090028622,1.1056338028169015,2.0,142.51695208333334,197.11097646636946,-42.303817206555635,234
Jacob Cowing,WR,SF,349.0,64.93,8.0,25.58521560574949,00-0039365,10.051516142745129,15.4,154.793348598275,63.10757709618373,1.0861399036078412,1.0984251968503937,3.0,142.51695208333334,197.11097646636946,-42.31762786809446,235
Pat Bryant,WR,DEN,184.61,27.51,10.0,23.73990417522245,00-0040134,10.04348973886162,15.4,154.66974197846895,63.0989378854353,1.0852725919091335,1.0868983957219251,12.0,142.51695208333334,197.11097646636946,-42.441234487900516,236
Tai Felton,WR,MIN,357.88,45.26,6.0,23.479808350444905,00-0040154,10.042443535373957,15.4,154.65363044475893,63.09781222680813,1.0851595419633235,1.0909090909090908,3.0,142.51695208333334,197.11097646636946,-42.45734602161053,237
Kyle Williams,WR,NE,275.04,29.35,11.0,23.813826146475016,00-0040131,10.042063486610886,15.4,154.64777769380765,63.09740333886392,1.0851184749122413,1.0863821138211383,13.0,142.51695208333334,197.11097646636946,-42.46319877256181,238
Chris Blair,WR,ATL,314.33,38.42,11.0,28.91718001368925,00-0036463,10.041441312428013,15.4,154.6381962113914,63.09673398001776,1.085051244437016,1.0925925925925926,2.0,142.51695208333334,197.11097646636946,-42.47278025497806,239
Kayshon Boutte,WR,HOU,169.75,26.05,8.0,24.33401779603012,00-0038608,10.038658942489711,15.4,154.59534771434156,63.093741020311434,1.0847505889962177,1.0850340136054422,32.0,142.51695208333334,197.11097646636946,-42.51562875202791,240
Elijah Sarratt,WR,BAL,268.32,28.27,13.0,23.277207392197127,00-0040876,10.03446228675443,15.4,154.5307192160182,63.08922803203291,1.0842971096214584,,,142.51695208333334,197.11097646636946,-42.58025725035125,241
Josh Cameron,WR,JAC,349.0,22.15,7.0,23.471594798083505,00-0041100,10.03446228675443,15.4,154.5307192160182,63.08922803203291,1.0842971096214584,,,142.51695208333334,197.11097646636946,-42.58025725035125,242
Deion Burks,WR,IND,367.56,41.09,13.0,23.66050650239562,00-0041132,10.03446228675443,15.4,154.5307192160182,63.08922803203291,1.0842971096214584,,,142.51695208333334,197.11097646636946,-42.58025725035125,243
Kaden Wetjen,WR,PIT,327.5,22.5,9.0,24.49555099247091,00-0041397,10.03446228675443,15.4,154.5307192160182,63.08922803203291,1.0842971096214584,,,142.51695208333334,197.11097646636946,-42.58025725035125,244
Reggie Virgil,WR,ARI,341.25,36.85,14.0,22.313483915126625,00-0041070,10.03446228675443,15.4,154.5307192160182,63.08922803203291,1.0842971096214584,,,142.51695208333334,197.11097646636946,-42.58025725035125,245
Caleb Douglas,WR,MIA,205.67,49.17,6.0,22.99247091033539,00-0041523,10.03446228675443,15.4,154.5307192160182,63.08922803203291,1.0842971096214584,,,142.51695208333334,197.11097646636946,-42.58025725035125,246
Chris Bell,WR,MIA,227.67,36.86,6.0,22.24777549623545,00-0041525,10.03446228675443,15.4,154.5307192160182,63.08922803203291,1.0842971096214584,,,142.51695208333334,197.11097646636946,-42.58025725035125,247
Ja'Kobi Lane,WR,BAL,209.7,49.9,13.0,22.086242299794662,00-0040870,10.03446228675443,15.4,154.5307192160182,63.08922803203291,1.0842971096214584,,,142.51695208333334,197.11097646636946,-42.58025725035125,248
Ted Hurst III,WR,TB,242.11,37.04,10.0,22.17932922655715,00-0041048,10.03446228675443,15.4,154.5307192160182,63.08922803203291,1.0842971096214584,,,142.51695208333334,197.11097646636946,-42.58025725035125,249
Brenen Thompson,WR,LAC,318.05,31.44,7.0,23.11841204654346,00-0041550,10.03446228675443,15.4,154.5307192160182,63.08922803203291,1.0842971096214584,,,142.51695208333334,197.11097646636946,-42.58025725035125,250
CJ Daniels,WR,LAR,347.32,29.56,11.0,24.670773442847366,00-0041399,10.03446228675443,15.4,154.5307192160182,63.08922803203291,1.0842971096214584,,,142.51695208333334,197.11097646636946,-42.58025725035125,251
Colbie Young,WR,CIN,337.79,30.75,6.0,24.12046543463381,00-0041069,10.03446228675443,15.4,154.5307192160182,63.08922803203291,1.0842971096214584,,,142.51695208333334,197.11097646636946,-42.58025725035125,252
Kevin Coleman Jr.,WR,MIA,330.81,39.58,6.0,22.989733059548254,00-0041529,10.03446228675443,15.4,154.5307192160182,63.08922803203291,1.0842971096214584,,,142.51695208333334,197.11097646636946,-42.58025725035125,253
Zavion Thomas,WR,CHI,331.31,34.83,10.0,22.55989048596852,00-0041051,10.03446228675443,15.4,154.5307192160182,63.08922803203291,1.0842971096214584,,,142.51695208333334,197.11097646636946,-42.58025725035125,254
Bryce Lance,WR,NO,285.32,43.11,8.0,24.046543463381244,00-0041067,10.03446228675443,15.4,154.5307192160182,63.08922803203291,1.0842971096214584,,,142.51695208333334,197.11097646636946,-42.58025725035125,255
Dohnte Meyers,WR,CIN,298.2,53.19,6.0,26.168377823408623,00-0040785,10.03446228675443,15.4,154.5307192160182,63.08922803203291,1.0842971096214584,,,142.51695208333334,197.11097646636946,-42.58025725035125,256
Skyler Bell,WR,BUF,289.88,29.69,7.0,24.17248459958932,00-0041443,10.03446228675443,15.4,154.5307192160182,63.08922803203291,1.0842971096214584,,,142.51695208333334,197.11097646636946,-42.58025725035125,257
Chris Brazzell II,WR,CAR,299.1,39.88,5.0,22.87200547570157,00-0041047,10.03446228675443,15.4,154.5307192160182,63.08922803203291,1.0842971096214584,,,142.51695208333334,197.11097646636946,-42.58025725035125,258
Barion Brown,WR,NO,316.0,47.84,8.0,22.73511293634497,00-0041099,10.03446228675443,15.4,154.5307192160182,63.08922803203291,1.0842971096214584,,,142.51695208333334,197.11097646636946,-42.58025725035125,259
Antonio Williams,WR,WAS,237.78,41.4,7.0,22.14647501711157,00-0041040,10.03446228675443,15.4,154.5307192160182,63.08922803203291,1.0842971096214584,,,142.51695208333334,197.11097646636946,-42.58025725035125,260
Zachariah Branch,WR,ATL,233.38,34.99,11.0,22.439425051334705,00-0041044,10.03446228675443,15.4,154.5307192160182,63.08922803203291,1.0842971096214584,,,142.51695208333334,197.11097646636946,-42.58025725035125,261
Malachi Fields,WR,NYG,222.55,37.74,8.0,23.03080082135524,00-0041042,10.03446228675443,15.4,154.5307192160182,63.08922803203291,1.0842971096214584,,,142.51695208333334,197.11097646636946,-42.58025725035125,262
Kendrick Law,WR,DET,365.0,13.0,6.0,23.23340177960301,00-0041446,10.03446228675443,15.4,154.5307192160182,63.08922803203291,1.0842971096214584,,,142.51695208333334,197.11097646636946,-42.58025725035125,263
Omar Cooper Jr.,WR,NYJ,181.61,34.85,13.0,22.729637234770703,00-0041511,10.03446228675443,15.4,154.5307192160182,63.08922803203291,1.0842971096214584,,,142.51695208333334,197.11097646636946,-42.58025725035125,264
Isaiah Williams,WR,FA,338.33,42.28,,39.60027378507871,00-0026864,10.03446228675443,15.4,154.5307192160182,63.08922803203291,1.0842971096214584,,,142.51695208333334,197.11097646636946,-42.58025725035125,265
Juice Wells Jr.,WR,FA,360.5,94.5,,25.429158110882955,00-0040438,10.03446228675443,15.4,154.5307192160182,63.08922803203291,1.0842971096214584,,,142.51695208333334,197.11097646636946,-42.58025725035125,266
Cyrus Allen,WR,KC,219.45,57.45,5.0,23.567419575633128,00-0040890,10.03446228675443,15.4,154.5307192160182,63.08922803203291,1.0842971096214584,,,142.51695208333334,197.11097646636946,-42.58025725035125,267
Malik Benson,WR,LV,317.06,42.61,13.0,23.887748117727583,00-0040894,10.03446228675443,15.4,154.5307192160182,63.08922803203291,1.0842971096214584,,,142.51695208333334,197.11097646636946,-42.58025725035125,268
Germie Bernard,WR,PIT,236.65,31.92,9.0,22.76249144421629,00-0041489,10.03446228675443,15.4,154.5307192160182,63.08922803203291,1.0842971096214584,,,142.51695208333334,197.11097646636946,-42.58025725035125,269
Brandin Cooks,WR,FA,322.5,40.5,,32.94729637234771,00-0031236,10.027355733649046,15.4,154.42127829819532,63.08158937393553,1.0835291945333017,1.0831353919239906,39.0,142.51695208333334,197.11097646636946,-42.68969816817415,270
Isaiah Bond,WR,CLE,295.52,23.35,11.0,22.477754962354556,00-0040782,10.026410214335707,15.4,154.40671730076988,63.080573396841245,1.0834270242496085,1.0822669104204754,15.0,142.51695208333334,197.11097646636946,-42.70425916559958,271
KaVontae Turpin,WR,DAL,323.38,49.19,14.0,30.094455852156056,00-0037801,10.017063283384225,15.4,154.26277456411705,63.07053423053964,1.0824170199339909,1.0815217391304348,42.0,142.51695208333334,197.11097646636946,-42.84820190225241,272
Michael Woods II,WR,DEN,344.0,51.0,10.0,26.466803559206024,00-0037300,10.015540781984914,15.4,154.23932804256768,63.068899707953335,1.0822525025119816,1.0740740740740742,5.0,142.51695208333334,197.11097646636946,-42.87164842380179,273
Kendrick Bourne,WR,ARI,302.0,43.74,14.0,31.091033538672143,00-0033307,10.013365772441153,15.4,154.20583289559377,63.066565025111565,1.0820174768081319,1.0806765163297045,34.0,142.51695208333334,197.11097646636946,-42.90514357077569,274
Xavier Smith,WR,LAR,330.67,71.95,11.0,28.95824777549624,00-0038359,10.011438323390188,15.4,154.17615018020888,63.06449642840724,1.0818092018278507,1.0779816513761469,13.0,142.51695208333334,197.11097646636946,-42.934826286160586,275
Jordan Watkins,WR,SF,327.33,12.66,8.0,24.555783709787818,00-0040172,10.00926582508727,15.4,154.14269370634398,63.06216523348272,1.0815744474819582,1.0543478260869568,2.0,142.51695208333334,197.11097646636946,-42.96828276002549,276
Marvin Mims Jr.,WR,DEN,271.92,25.88,10.0,24.468172484599588,00-0038976,10.0027362381707,15.4,154.04213806782877,63.05516120043461,1.0808688778143134,1.0793783422459893,46.0,142.51695208333334,197.11097646636946,-43.06883839854069,277
Dont'e Thornton Jr.,WR,LV,338.3,32.8,13.0,23.76728268309377,00-0040581,10.002185728785745,15.4,154.03366022330047,63.05457086387256,1.0808093912451413,1.074468085106383,11.0,142.51695208333334,197.11097646636946,-43.07731624306899,278
Mack Hollins,WR,NE,282.35,29.03,11.0,32.9719370294319,00-0033555,9.998016135627166,15.4,153.96944848865837,63.05010049272123,1.0803588361799126,1.0783392087739916,39.0,142.51695208333334,197.11097646636946,-43.14152797771109,279
Jalen Royals,WR,KC,323.19,28.62,5.0,23.548254620123203,00-0040646,9.997313965379398,15.4,153.95863506684273,63.04934782288569,1.080282961544246,1.0,1.0,142.51695208333334,197.11097646636946,-43.15234139952673,280
Jordan Whittington,WR,LAR,361.13,34.95,11.0,25.93018480492813,00-0039751,9.997115459378007,15.4,153.9555780744213,63.049135048428624,1.0802615115175878,1.0760135135135136,19.0,142.51695208333334,197.11097646636946,-43.155398391948154,281
Jahan Dotson,WR,ATL,284.48,45.19,11.0,26.458590006844627,00-0037741,9.99653384472702,15.4,153.9466212087961,63.048511647962826,1.0801986637967078,1.078377132319041,45.0,142.51695208333334,197.11097646636946,-43.16435525757336,282
Konata Mumpfield,WR,LAR,311.95,31.17,11.0,23.86858316221766,00-0040590,9.991804854730066,15.4,153.87379476284303,63.043444023656015,1.0796876618079023,1.0694444444444444,9.0,142.51695208333334,197.11097646636946,-43.23718170352643,283
Tyler Lockett,WR,LV,366.33,33.21,13.0,33.93839835728953,00-0032211,9.989044508277201,15.4,153.8312854274689,63.04048693397917,1.0793893861659334,1.0774647887323943,51.0,142.51695208333334,197.11097646636946,-43.27969103890055,284
DeMario Douglas,WR,NE,271.61,54.05,11.0,25.744010951403148,00-0038621,9.98732420319142,15.4,153.80479272914786,63.03864435756891,1.0792034946075344,1.076988879384089,46.0,142.51695208333334,197.11097646636946,-43.3061837372216,285
Rashod Bateman,WR,BAL,227.62,27.43,13.0,26.770704996577688,00-0036550,9.98594922857895,15.4,153.78361812011582,63.037171845596895,1.0790549185348461,1.0766721044045677,44.0,142.51695208333334,197.11097646636946,-43.32735834625365,286
Kevin Austin Jr.,WR,NO,355.0,36.0,8.0,26.43668720054757,00-0037231,9.985378042989177,15.4,153.77482186203335,63.036560190980715,1.0789931977503788,1.0708333333333333,13.0,142.51695208333334,197.11097646636946,-43.336154604336116,287
Nick Westbrook-Ikhine,WR,FA,357.93,30.64,,29.462012320328544,00-0036182,9.984728151602786,15.4,153.7648135346829,63.03586428952272,1.078922972228403,1.0758520365752287,35.0,142.51695208333334,197.11097646636946,-43.346162931686564,288
Lil'Jordan Humphrey,WR,DEN,394.5,10.5,10.0,28.383299110198493,00-0035406,9.98317205606285,15.4,153.7408496633679,63.03419818062613,1.0787548247135657,1.0752908966461328,32.0,142.51695208333334,197.11097646636946,-43.37012680300157,289
Jahdae Walker,WR,CHI,332.25,30.78,10.0,24.17248459958932,00-0040277,9.977917507774944,15.4,153.65992961973413,63.02857373821544,1.078187032303955,1.0374531835205993,3.0,142.51695208333334,197.11097646636946,-43.451046846635336,290
Jaylin Noel,WR,HOU,200.36,25.47,8.0,24.005475701574262,00-0040138,9.977864517467202,15.4,153.6591135689949,63.028517030179074,1.0781813063132761,1.0694444444444444,14.0,142.51695208333334,197.11097646636946,-43.45186289737455,291
Tank Bigsby,RB,PHI,170.74,25.53,10.0,25.018480492813143,00-0038555,9.656904967126435,15.6,150.64771748717237,75.28990436677543,1.1330972823515206,1.1433044315992293,39.0,132.95214791666666,194.18042449317443,-43.532707006002056,292
Jalen McMillan,WR,TB,175.82,26.1,10.0,24.747433264887064,00-0039855,9.971844685315581,15.4,153.56640815385995,63.022076483194866,1.0775308193797586,1.0695704779189352,17.0,142.51695208333334,197.11097646636946,-43.54456831250951,293
Jack Bech,WR,LV,244.66,28.55,13.0,23.718001368925396,00-0040729,9.967002885606192,15.4,153.49184443833536,63.01689864224176,1.0770076274756755,1.0648584905660377,12.0,142.51695208333334,197.11097646636946,-43.6191320280341,294
Travis Hunter,WR,JAC,197.59,38.48,7.0,23.30458590006845,00-0040718,9.963831999880036,15.4,153.44301279815255,63.013508815995905,1.0766649900597822,1.0548589341692791,7.0,142.51695208333334,197.11097646636946,-43.66796366821691,295
Jimmy Horn Jr.,WR,CAR,372.67,5.19,5.0,23.98357289527721,00-0040218,9.962520531801548,15.4,153.42281618974386,63.01210705684103,1.0765232763330048,1.0609756097560976,10.0,142.51695208333334,197.11097646636946,-43.68816027662561,296
Roman Wilson,WR,PIT,301.1,41.85,9.0,25.21560574948665,00-0039739,9.959769302908303,15.4,153.38044726478788,63.00916691144206,1.0762259859100998,1.0582901554404145,9.0,142.51695208333334,197.11097646636946,-43.73052920158159,297
Tre' Harris,WR,LAC,182.09,30.34,7.0,24.520191649555095,00-0040727,9.954440515050843,15.4,153.29838393178298,63.00347413549157,1.0756501713715114,1.0648414985590777,16.0,142.51695208333334,197.11097646636946,-43.812592534586486,298
Elic Ayomanor,WR,TEN,254.04,29.51,9.0,23.260780287474333,00-0040170,9.95253281909617,15.4,153.26900541408102,63.00143674808266,1.0754440308578919,1.0643776824034334,16.0,142.51695208333334,197.11097646636946,-43.84197105228844,299
Jalen Reagor,WR,FA,334.5,49.12,,27.67693360711841,00-0036387,9.949570296813473,15.4,153.2233825709275,62.99827346726841,1.0751239086374358,1.0636574074074074,16.0,142.51695208333334,197.11097646636946,-43.88759389544197,300
Elijah Moore,WR,PHI,338.25,31.4,10.0,26.444900752908968,00-0036980,9.945678615381654,15.4,153.1634506768775,62.994119251675464,1.0747033839687987,1.0701349431818181,42.0,142.51695208333334,197.11097646636946,-43.947525789491976,301
Treylon Burks,WR,WAS,318.97,50.09,7.0,26.455852156057496,00-0037742,9.943076522374128,15.4,153.12337844456158,62.99134237443558,1.0744222087701285,1.0654450261780104,22.0,142.51695208333334,197.11097646636946,-43.987598021807884,302
Dyami Brown,WR,WAS,374.09,31.98,7.0,26.847364818617383,00-0036626,9.942006365919626,15.4,153.10689803516226,62.99020051024372,1.0743065705308987,1.0691832171511246,39.0,142.51695208333334,197.11097646636946,-44.004078431207205,303
Devaughn Vele,WR,NO,245.27,37.46,8.0,28.733744010951405,00-0039424,9.9414242006515,15.4,153.0979326900331,62.989579378879355,1.0742436633118058,1.0651041666666667,22.0,142.51695208333334,197.11097646636946,-44.01304377633636,304
Scotty Miller,WR,CHI,325.0,54.0,10.0,29.100616016427104,00-0035298,9.929806653095286,15.4,152.9190224576674,62.977190559239006,1.0729883022494875,1.0604229607250757,18.0,142.51695208333334,197.11097646636946,-44.191954008702055,305
Hollywood Brown,WR,PHI,291.83,20.61,10.0,29.256673511293634,00-0035662,9.923346639992081,15.4,152.81953825587806,62.97030688914505,1.0722902505417078,1.0645438898450947,31.0,142.51695208333334,197.11097646636946,-44.29143821049141,306
Luke McCaffrey,WR,WAS,325.41,31.0,7.0,25.429158110882955,00-0039355,9.916225680069545,15.4,152.70987547307098,62.96272324597594,1.071520778691489,1.0580720092915217,19.0,142.51695208333334,197.11097646636946,-44.401100993298485,307
Jalen Nailor,WR,LV,194.41,32.3,13.0,27.515400410677618,00-0037291,9.915027291530688,15.4,152.6914202895726,62.96144743775001,1.071391284036793,1.0637996219281665,34.0,142.51695208333334,197.11097646636946,-44.419556176796874,308
Tez Johnson,WR,TB,316.19,37.4,10.0,24.303901437371664,00-0040237,9.914745843773376,15.4,152.68708599411,62.9611478261885,1.0713608715462137,1.054112554112554,15.0,142.51695208333334,197.11097646636946,-44.42389047225947,309
Jauan Jennings,WR,MIN,175.56,33.36,6.0,29.15811088295688,00-0036259,9.912846398783188,15.4,152.6578345412611,62.959125981757985,1.0711556226097099,1.0648977716517345,42.0,142.51695208333334,197.11097646636946,-44.453141925108355,310
Pat Freiermuth,TE,PIT,233.5,31.87,9.0,27.86584531143053,00-0036894,7.596439217755919,14.9,113.1869443445632,44.28256727216757,1.0647161228666946,1.0665372886054896,43.0,106.30715729166667,157.6917823531921,-44.50483800862891,311
Devontez Walker,WR,BAL,345.92,45.91,13.0,25.21560574948665,00-0039792,9.909274831555983,15.4,152.60283240596215,62.95532513748307,1.0707696886243494,1.032119914346895,7.0,142.51695208333334,197.11097646636946,-44.50814406040732,312
Tyquan Thornton,WR,KC,265.74,30.2,5.0,26.0807665982204,00-0038104,9.900914517120844,15.4,152.474083563661,62.94643259106317,1.0698662954460707,1.0578406169665808,24.0,142.51695208333334,197.11097646636946,-44.63689290270847,313
Demarcus Robinson,WR,SF,330.17,47.5,8.0,31.958932238193015,00-0032775,9.899560401067951,15.4,152.45323017644645,62.94499285780001,1.0697199732934446,1.0622445187662581,39.0,142.51695208333334,197.11097646636946,-44.65774628992301,314
Tory Horton,WR,SEA,263.77,24.98,11.0,23.770020533880903,00-0040648,9.896706962339787,15.4,152.40928722003272,62.94195954052711,1.0694116383496266,1.0268817204301075,7.0,142.51695208333334,197.11097646636946,-44.70168924633674,315
Kalif Raymond,WR,CHI,315.83,41.27,10.0,32.07939767282683,00-0032464,9.892981198130089,15.4,152.35191045120337,62.93800000340903,1.069009042251474,1.061169007702764,39.0,142.51695208333334,197.11097646636946,-44.7590660151661,316
Dontayvion Wicks,WR,PHI,182.79,32.6,10.0,25.22381930184805,00-0038393,9.892534844464626,15.4,152.34503660475525,62.937525726603525,1.0689608104702883,1.062144677514213,45.0,142.51695208333334,197.11097646636946,-44.765939861614214,317
Isaac TeSlaa,WR,DET,219.56,25.73,6.0,24.542094455852155,00-0040669,9.88895856560462,15.4,152.28996191031115,62.93372636530254,1.068574367358511,1.0461133069828723,14.0,142.51695208333334,197.11097646636946,-44.821014556058316,318
Savion Williams,WR,GB,347.5,28.18,11.0,24.78850102669405,00-0040009,9.886423875441396,15.4,152.25092768179752,62.93103425833321,1.0683004755306056,1.0392156862745099,11.0,142.51695208333334,197.11097646636946,-44.860048784571944,319
Tim Patrick,WR,NYJ,351.0,33.18,13.0,32.785763175906915,00-0033375,9.885611883408066,15.4,152.23842300448422,62.93017195917552,1.0682127338470337,1.056298381421534,27.0,142.51695208333334,197.11097646636946,-44.872553461885246,320
Isaiah Williams,WR,NYJ,307.29,25.84,13.0,25.60164271047228,00-0039451,9.884072704639628,15.4,152.21471965145028,62.928537582235855,1.0680464143131998,1.0355450236966826,10.0,142.51695208333334,197.11097646636946,-44.896256814919184,321
Cedric Tillman,WR,NO,317.74,32.34,8.0,26.38193018480493,00-0038979,9.87832082998398,15.4,152.1261407817533,62.92243183126225,1.067424882148765,1.0568797399783316,32.0,142.51695208333334,197.11097646636946,-44.98483568461617,322
Alvin Kamara,RB,NO,168.28,34.47,8.0,31.11841204654346,00-0033906,9.561830767727969,15.6,149.16455997655632,75.20783062675936,1.1114949118932558,1.110601001669449,38.0,134.20174791666665,194.18042449317443,-45.01586451661811,323
Andrei Iosivas,WR,CIN,283.65,36.25,6.0,26.89390828199863,00-0038619,9.874397298033598,15.4,152.0657183897174,62.9182686086961,1.0670009157984284,1.058563748079877,41.0,142.51695208333334,197.11097646636946,-45.04525807665206,324
Xavier Legette,WR,CAR,269.99,28.59,5.0,25.60164271047228,00-0039342,9.870699175031868,15.4,152.00876729549077,62.91434582747301,1.0666013065351505,1.054804104477612,30.0,142.51695208333334,197.11097646636946,-45.102209170878695,325
Xavier Hutchinson,WR,HOU,287.55,44.52,8.0,26.26420260095825,00-0038618,9.867477431191077,15.4,151.9591524403426,62.910929363507584,1.0662531735276528,1.057451253481894,41.0,142.51695208333334,197.11097646636946,-45.15182402602687,326
Jalen Tolbert,WR,MIA,294.16,45.95,6.0,27.52361396303901,00-0037666,9.858219973987547,15.4,151.81658759940822,62.90111756666461,1.0652528375055141,1.0559629486684678,41.0,142.51695208333334,197.11097646636946,-45.29438886696124,327
Zach Charbonnet,RB,SEA,156.22,28.12,11.0,25.659137577002053,00-0039165,9.541295602476092,15.6,148.84421139862704,75.19019839840222,1.0979262416119775,1.0916947723440136,49.0,135.56849791666667,194.18042449317443,-45.33621309454739,328
John Metchie III,WR,CAR,335.59,36.37,5.0,26.13552361396304,00-0037614,9.840678400805716,15.4,151.54644737240804,62.8825466674454,1.0633573421061862,1.0517241379310347,36.0,142.51695208333334,197.11097646636946,-45.564529093961426,329
Troy Franklin,WR,DEN,218.75,35.54,10.0,23.581108829568787,00-0039868,9.837781347599874,15.4,151.50183275303806,62.879482272518146,1.0630442942987655,1.0501638001638,33.0,142.51695208333334,197.11097646636946,-45.609143713331406,330
Tyrone Tracy Jr.,RB,NYG,173.85,41.6,8.0,26.78713210130048,00-0039384,9.516511226193941,15.6,148.45757512862548,75.16896264288566,1.1264899618931166,1.1348003497522587,32.0,131.78774791666666,194.18042449317443,-45.72284936454895,331
Olamide Zaccheaus,WR,ATL,315.45,29.8,11.0,29.12251882272416,00-0035208,9.825979980698575,15.4,151.32009170275805,62.86700700882906,1.0617690702105198,1.0505050505050506,40.0,142.51695208333334,197.11097646636946,-45.790884763611416,332
Cade Otton,TE,TB,239.02,24.66,10.0,27.394934976043807,00-0038129,7.495674045457596,14.9,111.68554327731819,44.16633820813366,1.0568365511365856,1.0550747442958301,45.0,105.67910729166667,157.6917823531921,-46.00623907587392,333
Greg Dortch,WR,BUF,357.88,21.04,7.0,28.27378507871321,00-0035500,9.800270974076223,15.4,150.92417300077383,62.83987322932447,1.0589910238364106,1.0456720313179644,38.0,142.51695208333334,197.11097646636946,-46.18680346559563,334
Jaylin Lane,WR,WAS,354.67,29.07,7.0,24.35044490075291,00-0040164,9.798348497183405,15.4,150.89456685662444,62.837846596779976,1.0587832861342172,1.01953125,13.0,142.51695208333334,197.11097646636946,-46.21640960974503,335
Malik Washington,WR,MIA,189.21,35.27,6.0,25.67008898015058,00-0039880,9.785846297996208,15.4,150.7020329891416,62.82467516280304,1.05743233198688,1.0389048991354466,29.0,142.51695208333334,197.11097646636946,-46.408943477227865,336
Chimere Dike,WR,TEN,252.17,32.43,9.0,24.72826830937714,00-0040705,9.775609582111802,15.4,150.54438756452174,62.81390095086184,1.0563261798953893,1.0234192037470726,17.0,142.51695208333334,197.11097646636946,-46.56658890184772,337
Carolina Panthers,DST,CAR,294.18,57.09,5.0,,,4.110416666666667,16.0,65.76666666666667,30.0,,,,,113.56666666666666,-47.8,338
David Njoku,TE,LAC,254.16,28.98,7.0,30.15742642026009,00-0033885,7.30873536598893,14.9,108.90015695323507,43.95403300624856,1.057405938632025,1.0556192660550459,38.0,102.98803229166666,157.6917823531921,-48.79162539995704,339
Braelon Allen,RB,NYJ,177.59,28.87,13.0,22.628336755646817,00-0039794,9.24607388079963,15.6,144.23875254047422,74.94045638861712,1.099810366715244,1.0870646766169154,21.0,131.14874791666665,194.18042449317443,-49.941671952700204,340
Joey Slye,K,TEN,295.14,72.38,9.0,30.40657084188912,00-0035192,5.416666666666667,16.0,86.66666666666667,24.0,,,,,136.66666666666666,-49.999999999999986,341
Brian Robinson Jr.,RB,ATL,182.38,25.04,11.0,27.460643394934976,00-0037746,9.206993143781807,15.6,143.62909304299617,74.90792325106604,1.1237550177049642,1.1284490960989533,45.0,127.81174791666668,194.18042449317443,-50.55133145017825,342
Evan Engram,TE,DEN,255.13,26.31,10.0,32.01095140314853,00-0033881,7.115705696627638,14.9,106.02401487975182,43.7393969404299,1.0584853674983232,1.0573828679602462,42.0,100.16578229166666,157.6917823531921,-51.66776747344029,343
Tampa Bay Buccaneers,DST,TB,303.05,58.49,10.0,,,3.8656249999999996,16.0,61.849999999999994,30.0,,,,,113.56666666666666,-51.71666666666667,344
Kalel Mullings,RB,TEN,333.67,37.51,9.0,23.923340177960306,00-0040205,9.06186354791498,15.6,141.36507134747367,74.78819310356792,1.191596694314214,1.7142857142857146,3.0,118.63499791666666,194.18042449317443,-52.815353145700755,345
Colby Parkinson,TE,LAR,266.14,18.64,11.0,27.66050650239562,00-0036244,6.904270140202284,14.9,102.87362508901403,43.50972342019297,1.0525121607272503,1.0486570650058389,43.0,97.74103229166667,157.6917823531921,-54.81815726417808,346
Darren Waller,TE,CAR,268.11,31.25,5.0,33.97946611909651,00-0031610,6.88833795767364,14.9,102.63623556933723,43.49264934189801,1.058260635158645,1.0557206537890045,20.0,96.98578229166667,157.6917823531921,-55.05554678385488,347
Emmett Johnson,RB,KC,183.79,37.82,5.0,22.90759753593429,00-0041013,8.915269183983927,15.6,139.07819927014927,74.6689954830702,1.113193341318489,,,124.93624791666666,194.18042449317443,-55.10222522302516,348
C.J. Stroud,QB,HOU,143.15,13.02,8.0,24.92539356605065,00-0039163,15.655469712037302,15.8,247.35642145018937,95.96063582362582,1.175808882921034,1.1915907736828668,46.0,210.37128145833336,303.09766816781325,-55.74124671762388,349
Mason Taylor,TE,NYJ,276.24,24.22,13.0,22.32991101984942,00-0040736,6.809956591615091,14.9,101.46835321506485,43.409128018777906,1.062328628076249,1.0646794150731163,13.0,95.51503229166666,157.6917823531921,-56.22342913812726,350
Ray Davis,RB,BUF,190.37,33.25,7.0,26.819986310746064,00-0039875,8.819817588244808,15.6,137.589154376619,74.59232716761025,1.126890930100707,1.136337543053961,29.0,122.09624791666667,194.18042449317443,-56.59127011655542,351
Kimani Vidal,RB,LAC,200.45,36.2,7.0,25.02395619438741,00-0039391,8.794175941854053,15.6,137.18914469292324,74.57185867440131,1.1563969073383358,1.197543160690571,21.0,118.63499791666666,194.18042449317443,-56.99127980025119,352
Mike Gesicki,TE,CIN,277.84,21.71,6.0,30.92676249144421,00-0034829,6.720846100307433,14.9,100.14060689458076,43.31514304230288,1.0709348281737479,1.0756484149855907,43.0,93.50765729166667,157.6917823531921,-57.551175458611354,353
James Conner,RB,ARI,219.9,42.06,14.0,31.34017796030116,00-0033553,8.7476374802103,15.6,136.46314469128066,74.53484723027086,1.150277296646788,1.173454768726975,32.0,118.63499791666666,194.18042449317443,-57.71727980189377,354
Malik Davis,RB,DAL,237.71,49.86,14.0,27.7782340862423,00-0037563,8.70711707151124,15.6,135.83102631557534,74.50276693406585,1.1449490344408129,1.2155172413793103,9.0,118.63499791666666,194.18042449317443,-58.349398177599085,355
Jaylen Wright,RB,MIA,238.65,26.54,6.0,23.43326488706365,00-0039874,8.69281291815015,15.6,135.60788152314234,74.49147451800451,1.1430680988286275,1.17022696929239,22.0,118.63499791666666,194.18042449317443,-58.57254297003209,356
Isiah Pacheco,RB,DET,192.34,43.37,6.0,27.515400410677618,00-0037197,8.677938937836613,15.6,135.37584743025116,74.4797501315064,1.1131326192002553,1.1130969003071767,34.0,121.61699791666666,194.18042449317443,-58.80457706292327,357
Joe Mixon,RB,FA,318.14,26.75,,30.119096509240247,00-0033897,8.67333331236092,15.6,135.30399967283037,74.4761234534385,1.1405066131317556,1.158128078817734,31.0,118.63499791666666,194.18042449317443,-58.876424820344056,358
Khalil Herbert,RB,FA,279.2,58.65,,28.37782340862423,00-0036906,8.666928000292888,15.6,135.20407680456904,74.47108252808525,1.1396643417108758,1.162682602921647,23.0,118.63499791666666,194.18042449317443,-58.97634768860539,359
Kareem Hunt,RB,FA,317.31,25.22,,31.08555783709788,00-0033923,8.604218245461821,15.6,134.22580462920442,74.42190930177105,1.1314182744242915,1.139518244693537,45.0,118.63499791666666,194.18042449317443,-59.95461986397001,360
Najee Harris,RB,NYG,235.92,48.4,8.0,28.49555099247091,00-0036893,8.587303485788201,15.6,133.96193437829592,74.40870137706693,1.129194055133675,1.1378430896283702,37.0,118.63499791666666,194.18042449317443,-60.218490114878506,361
Dameon Pierce,RB,PHI,361.9,24.82,10.0,26.546201232032853,00-0037258,8.581415245165495,15.6,133.87007782458173,74.40410908171215,1.1284197764189006,1.14060092449923,25.0,118.63499791666666,194.18042449317443,-60.3103466685927,362
Jawhar Jordan,RB,HOU,342.43,36.2,8.0,27.05270362765229,00-0039405,8.578206333368469,15.6,133.8200188005481,74.40160762745262,1.1279978181021078,1.2020202020202018,4.0,118.63499791666666,194.18042449317443,-60.36040569262633,363
Devin Singletary,RB,NYG,291.66,25.87,8.0,29.00752908966461,00-0035250,8.542821442750395,15.6,133.26801450690616,74.37408040339295,1.1233448547832254,1.1274883296667917,49.0,118.63499791666666,194.18042449317443,-60.91240998626827,364
Jacob Saylors,RB,DET,286.24,67.18,6.0,25.49760438056126,00-0038896,8.506933125782982,15.6,132.70815676221451,74.34626742316144,1.1186256930305956,1.2272727272727273,1.0,118.63499791666666,194.18042449317443,-61.47226773095991,365
Trevor Etienne,RB,CAR,301.12,21.39,5.0,22.16016427104723,00-0040644,8.497222121069209,15.6,132.55666508867967,74.33875986534592,1.117348737021027,1.1277372262773724,8.0,118.63499791666666,194.18042449317443,-61.62375940449476,366
Chad Ryland,K,ARI,296.33,75.99,14.0,26.89390828199863,00-0038567,4.6875,16.0,75.0,24.0,,,,,136.66666666666666,-61.66666666666666,367
Corey Kiner,RB,NE,334.0,33.51,11.0,24.62422997946612,00-0040556,8.492510799077014,15.6,132.4831684656014,74.3351203684079,1.1167292181238304,1.1344086021505375,4.0,118.63499791666666,194.18042449317443,-61.69725602757302,368
DJ Giddens,RB,IND,278.91,23.7,13.0,23.03080082135524,00-0040179,8.491500284398253,15.6,132.46740443661275,74.33433998536856,1.1165963397214578,1.1302083333333335,5.0,118.63499791666666,194.18042449317443,-61.713020056561675,369
Charlie Kolar,TE,LAC,283.6,36.28,7.0,27.57015742642026,00-0038046,6.419872137755246,14.9,95.65609485255317,43.00541502964775,1.0608574833618338,1.0609048723897911,24.0,90.16865729166666,157.6917823531921,-62.03568750063894,370
Sean Tucker,RB,TB,213.05,35.32,10.0,24.865160848733744,00-0038951,8.46667155050474,15.6,132.08007618787394,74.31519227919883,1.11333146632372,1.1134301270417424,28.0,118.63499791666666,194.18042449317443,-62.100348305300486,371
Adam Randall,RB,BAL,292.06,24.3,13.0,22.14647501711157,00-0040888,8.465621136420907,15.6,132.06368972816614,74.31438333649695,1.113193341318489,,,118.63499791666666,194.18042449317443,-62.11673476500829,372
Seth McGowan,RB,IND,266.32,40.28,13.0,24.870636550308006,00-0041125,8.465621136420907,15.6,132.06368972816614,74.31438333649695,1.113193341318489,,,118.63499791666666,194.18042449317443,-62.11673476500829,373
Jarquez Hunter,RB,FA,315.09,22.42,,23.68788501026694,00-0040692,8.465621136420907,15.6,132.06368972816614,74.31438333649695,1.113193341318489,,,118.63499791666666,194.18042449317443,-62.11673476500829,374
Lew Nichols III,RB,PIT,321.5,10.5,9.0,25.05681040383299,00-0038409,8.465621136420907,15.6,132.06368972816614,74.31438333649695,1.113193341318489,,,118.63499791666666,194.18042449317443,-62.11673476500829,375
Lan Larison,RB,NE,358.0,0.0,11.0,24.903490759753595,00-0040568,8.465621136420907,15.6,132.06368972816614,74.31438333649695,1.113193341318489,,,118.63499791666666,194.18042449317443,-62.11673476500829,376
Jam Miller,RB,FA,350.27,25.77,,22.354551676933607,00-0041129,8.465621136420907,15.6,132.06368972816614,74.31438333649695,1.113193341318489,,,118.63499791666666,194.18042449317443,-62.11673476500829,377
Jaydn Ott,RB,KC,331.0,30.51,5.0,23.72347707049966,00-0040959,8.465621136420907,15.6,132.06368972816614,74.31438333649695,1.113193341318489,,,118.63499791666666,194.18042449317443,-62.11673476500829,378
Damien Martinez,RB,FA,374.17,16.56,,22.598220396988363,00-0040651,8.465621136420907,15.6,132.06368972816614,74.31438333649695,1.113193341318489,,,118.63499791666666,194.18042449317443,-62.11673476500829,379
Antonio Williams,RB,FA,292.8,42.93,,28.87337440109514,00-0036188,8.465621136420907,15.6,132.06368972816614,74.31438333649695,1.113193341318489,,,118.63499791666666,194.18042449317443,-62.11673476500829,380
Max Bredeson,RB,MIN,319.33,35.31,6.0,23.923340177960306,00-0041081,8.465621136420907,15.6,132.06368972816614,74.31438333649695,1.113193341318489,,,118.63499791666666,194.18042449317443,-62.11673476500829,381
Kaytron Allen,RB,WAS,235.83,31.33,7.0,23.66050650239562,00-0041096,8.465621136420907,15.6,132.06368972816614,74.31438333649695,1.113193341318489,,,118.63499791666666,194.18042449317443,-62.11673476500829,382
Jordan James,RB,SF,264.32,40.04,8.0,22.439425051334705,00-0040177,8.465621136420907,15.6,132.06368972816614,74.31438333649695,1.113193341318489,,,118.63499791666666,194.18042449317443,-62.11673476500829,383
J'Mari Taylor,RB,JAC,332.13,22.93,7.0,24.580424366872005,00-0041217,8.465621136420907,15.6,132.06368972816614,74.31438333649695,1.113193341318489,,,118.63499791666666,194.18042449317443,-62.11673476500829,384
Eli Heidenreich,RB,PIT,315.83,30.56,9.0,23.19233401779603,00-0041490,8.465621136420907,15.6,132.06368972816614,74.31438333649695,1.113193341318489,,,118.63499791666666,194.18042449317443,-62.11673476500829,385
Demond Claiborne,RB,MIN,253.21,31.84,6.0,22.910335386721425,00-0041104,8.465621136420907,15.6,132.06368972816614,74.31438333649695,1.113193341318489,,,118.63499791666666,194.18042449317443,-62.11673476500829,386
Nicholas Singleton,RB,TEN,218.92,39.72,9.0,22.666666666666668,00-0040886,8.465621136420907,15.6,132.06368972816614,74.31438333649695,1.113193341318489,,,118.63499791666666,194.18042449317443,-62.11673476500829,387
Kaelon Black,RB,SF,227.97,52.39,8.0,24.8870636550308,00-0041052,8.465621136420907,15.6,132.06368972816614,74.31438333649695,1.113193341318489,,,118.63499791666666,194.18042449317443,-62.11673476500829,388
Reggie Gilliam,RB,NE,360.2,32.76,11.0,29.045859000684462,00-0036187,8.461211528802702,15.6,131.99489984932214,74.31098841771365,1.112613496584203,1.1102941176470587,5.0,118.63499791666666,194.18042449317443,-62.18552464385229,389
Terrell Jennings,RB,FA,344.17,40.19,,25.516769336071185,00-0039757,8.455595005321108,15.6,131.90728208300928,74.30666664171873,1.111874947523205,1.1081081081081081,7.0,118.63499791666666,194.18042449317443,-62.27314241016515,390
AJ Dillon,RB,CAR,332.2,44.64,5.0,28.347707049965777,00-0036265,8.455119420478713,15.6,131.89986295946792,74.30630081118558,1.1118124101297575,1.110497237569061,21.0,118.63499791666666,194.18042449317443,-62.2805615337065,391
George Holani,RB,SEA,241.81,34.84,11.0,26.72416153319644,00-0039299,8.450874381205413,15.6,131.83364034680443,74.30303626349826,1.1112542054361476,1.1047904191616766,6.0,118.63499791666666,194.18042449317443,-62.34678414637,392
Phil Mafah,RB,FA,350.3,28.82,,23.86858316221766,00-0040021,8.449547469634425,15.6,131.812940526297,74.30201614024516,1.1110797221818725,1.0688073394495412,1.0,118.63499791666666,194.18042449317443,-62.367483966877415,393
Emanuel Wilson,RB,SEA,237.18,38.88,11.0,27.33196440793977,00-0038797,8.44769609971952,15.6,131.7840591556245,74.30059306020472,1.1108362748755995,1.1095957135898684,38.0,118.63499791666666,194.18042449317443,-62.39636533754992,394
Brittain Brown,RB,CHI,364.0,6.0,10.0,28.90622861054073,00-0037329,8.443296698895507,15.6,131.7154285027699,74.29721254410637,1.1102577722915408,1.0515463917525774,1.0,118.63499791666666,194.18042449317443,-62.46499599040453,395
Raheim Sanders,RB,CLE,331.7,28.2,11.0,24.246406570841888,00-0040466,8.431416683229845,15.6,131.53010025838557,74.28809192633113,1.108695600524028,1.0862068965517244,4.0,118.63499791666666,194.18042449317443,-62.650324234788854,396
Audric Estime,RB,NO,310.65,21.48,8.0,23.000684462696785,00-0039373,8.430003417538172,15.6,131.5080533135955,74.28700770329363,1.1085097620684523,1.1033057851239672,18.0,118.63499791666666,194.18042449317443,-62.67237117957893,397
Ollie Gordon II,RB,MIA,258.43,26.86,6.0,22.64202600958248,00-0040198,8.42665154941549,15.6,131.45576417088165,74.28443689512898,1.108069005600023,1.101663585951941,16.0,118.63499791666666,194.18042449317443,-62.72466032229278,398
Josh Williams,RB,TB,321.25,29.34,10.0,25.24298425735797,00-0040429,8.424630013675182,15.6,131.42422821333284,74.28288687351252,1.1078031822080847,1.0,1.0,118.63499791666666,194.18042449317443,-62.75619627984159,399
Jaydon Blue,RB,PHI,272.35,47.87,10.0,22.6611909650924,00-0040586,8.423933060377404,15.6,131.4133557418875,74.28235256015161,1.1077115357998892,1.0857843137254901,5.0,118.63499791666666,194.18042449317443,-62.76706875128693,400
Kene Nwangwu,RB,NYJ,349.75,37.14,13.0,28.57221081451061,00-0036842,8.416116607320484,15.6,131.29141907419955,74.27636290729767,1.1066837053128555,1.0806451612903225,5.0,118.63499791666666,194.18042449317443,-62.889005418974875,401
Jerome Ford,RB,WAS,295.87,25.76,7.0,26.98425735797399,00-0037267,8.408341461159022,15.6,131.17012679408074,74.27040994515603,1.1056613065077068,1.1022376543209877,44.0,118.63499791666666,194.18042449317443,-63.010297699093684,402
Dylan Laube,RB,LV,339.78,34.9,13.0,26.729637234770703,00-0039407,8.396226090601845,15.6,130.98112701338877,74.26114395116763,1.1040681865683046,1.0675675675675678,5.0,118.63499791666666,194.18042449317443,-63.199297479785656,403
Zavier Scott,RB,CHI,305.25,29.25,10.0,27.14031485284052,00-0038440,8.394144703359,15.6,130.9486573724004,74.25955330753266,1.1037944929571564,1.0829081632653061,9.0,118.63499791666666,194.18042449317443,-63.23176712077404,404
Sione Vaki,RB,DET,320.1,39.71,6.0,25.10335386721424,00-0039364,8.382926745109575,15.6,130.77365722370936,74.25098649244859,1.102319378937144,1.0588235294117647,5.0,118.63499791666666,194.18042449317443,-63.406767269465064,405
Julius Chestnut,RB,TEN,339.33,42.9,9.0,25.861738535249827,00-0037594,8.382676407119085,15.6,130.7697519510577,74.25079543631935,1.1022864605511682,1.0867052023121386,14.0,118.63499791666666,194.18042449317443,-63.410672542116714,406
Ty Johnson,RB,BUF,265.44,30.76,7.0,28.969199178644764,00-0035537,8.38246736392885,15.6,130.76649087729007,74.2506359000754,1.10225897225661,1.0969251336898398,41.0,118.63499791666666,194.18042449317443,-63.41393361588436,407
Tyler Badie,RB,DEN,374.6,9.33,10.0,26.57905544147844,00-0037085,8.382085478391042,15.6,130.76053346290027,74.25034446450255,1.1022087559250517,1.0892857142857142,17.0,118.63499791666666,194.18042449317443,-63.41989103027416,408
Hunter Luepke,RB,DAL,345.63,42.43,14.0,26.521560574948666,00-0038738,8.380998693226978,15.6,130.74357961434086,74.24951515187217,1.1020658482767427,1.0946475195822452,30.0,118.63499791666666,194.18042449317443,-63.43684487883357,409
Kendre Miller,RB,NO,278.05,34.04,8.0,24.23819301848049,00-0038551,8.376963031641063,15.6,130.68062329360058,74.24643644729578,1.1015351758626504,1.0898770104068116,20.0,118.63499791666666,194.18042449317443,-63.49980119957385,410
Bam Knight,RB,ARI,310.5,31.04,14.0,25.404517453798768,00-0037157,8.373039711127992,15.6,130.61941949359667,74.24344474408426,1.1010192758240556,1.0807291666666665,12.0,118.63499791666666,194.18042449317443,-63.56100499957776,411
Ronnie Rivers,RB,LAR,331.14,40.57,11.0,27.59753593429158,00-0037557,8.366049177890003,15.6,130.51036717508404,74.23811733203414,1.1001000502967855,1.0813953488372092,14.0,118.63499791666666,194.18042449317443,-63.670057318090386,412
Trey Benson,RB,ARI,290.52,30.37,14.0,24.123203285420946,00-0039921,8.35991138573284,15.6,130.4146176174323,74.2334431387268,1.099292956611674,1.0819174757281553,16.0,118.63499791666666,194.18042449317443,-63.76580687574213,413
Jeremy McNichols,RB,WAS,334.0,22.52,7.0,30.69678302532512,00-0033955,8.358622627604193,15.6,130.3945129906254,74.23246209226465,1.0991234903735492,1.0897435897435894,30.0,118.63499791666666,194.18042449317443,-63.78591150254903,414
Emari Demercado,RB,DAL,293.96,32.78,14.0,27.627652292950035,00-0038705,8.352937146589252,15.6,130.30581948679233,74.22813576178594,1.098375873688839,1.0899087493290391,35.0,118.63499791666666,194.18042449317443,-63.8746050063821,415
Devin Neal,RB,FA,276.42,38.66,,23.069130732375086,00-0040202,8.345979138243695,15.6,130.19727455660166,74.22284477279048,1.0974609250472338,1.0625,9.0,118.63499791666666,194.18042449317443,-63.98314993657277,416
Tahj Brooks,RB,CIN,304.38,22.53,6.0,24.317590691307323,00-0040208,8.335524802021798,15.6,130.03418691154005,74.21490269738156,1.0960862240911453,1.0390625,6.0,118.63499791666666,194.18042449317443,-64.14623758163438,417
Austin Ekeler,RB,FA,354.9,26.85,,31.307323750855577,00-0033699,8.325558840012139,15.6,129.87871790418936,74.20734011396641,1.0947757422764965,1.0816203143893592,28.0,118.63499791666666,194.18042449317443,-64.30170658898507,418
Kaleb Johnson,RB,GB,248.63,46.93,11.0,23.06365503080082,00-0040142,8.322713723389484,15.6,129.83433408487593,74.20518264081902,1.0944016214850534,1.0568181818181819,10.0,118.63499791666666,194.18042449317443,-64.3460904082985,419
Samaje Perine,RB,CIN,259.0,45.75,6.0,30.973305954825463,00-0033526,8.317126963896811,15.6,129.74718063679026,74.20094812272276,1.0936669862625967,1.0855310049893085,48.0,118.63499791666666,194.18042449317443,-64.43324385638417,420
Chris Brooks,RB,GB,250.89,42.64,11.0,26.652977412731005,00-0038685,8.300730120528087,15.6,129.49138988023816,74.18853506309969,1.091510870773542,1.0760233918128657,28.0,118.63499791666666,194.18042449317443,-64.68903461293627,421
Miles Sanders,RB,FA,345.67,68.12,,29.349760438056126,00-0035243,8.292207639326499,15.6,129.35843917349337,74.18209206356912,1.0903902005743635,1.075678496868476,31.0,118.63499791666666,194.18042449317443,-64.82198531968106,422
Isaac Guerendo,RB,SF,303.0,27.47,8.0,26.190280629705683,00-0039363,8.290006777340563,15.6,129.32410572651278,74.18042919537513,1.09010079654028,1.0545738045738047,13.0,118.63499791666666,194.18042449317443,-64.85631876666164,423
Antonio Gibson,RB,FA,368.33,40.47,,28.205338809034902,00-0036328,8.289055525592332,15.6,129.30926619924037,74.17971059921267,1.0899757109623898,1.077755905511811,38.0,118.63499791666666,194.18042449317443,-64.87115829393406,424
Alec Ingold,RB,LAC,344.0,43.0,7.0,30.16016427104723,00-0035125,8.286169841092045,15.6,129.2642495210359,74.17753115260349,1.089596255666777,1.0727411944869831,28.0,118.63499791666666,194.18042449317443,-64.91617497213852,425
Michael Carter,RB,TEN,325.71,27.42,9.0,27.3347022587269,00-0036924,8.27665538054833,15.6,129.11582393655397,74.17035016898133,1.0883451443835266,1.072314049586777,31.0,118.63499791666666,194.18042449317443,-65.06460055662046,426
Rasheen Ali,RB,BAL,326.53,25.94,13.0,25.5523613963039,00-0039796,8.27339309766166,15.6,129.0649323235219,74.16788971944275,1.0879161679943854,1.0457875457875458,12.0,118.63499791666666,194.18042449317443,-65.11549216965253,427
Isaiah Davis,RB,NYJ,262.01,23.09,13.0,24.539356605065024,00-0039798,8.27061758997133,15.6,129.02163440355275,74.16579710055107,1.0875512004828627,1.0661827497865073,24.0,118.63499791666666,194.18042449317443,-65.15879008962168,428
LeQuint Allen Jr.,RB,JAC,264.39,30.71,7.0,22.086242299794662,00-0040238,8.26900071198386,15.6,128.99641110694822,74.1645783373544,1.0873385878723558,1.0504032258064515,14.0,118.63499791666666,194.18042449317443,-65.18401338622621,429
Ameer Abdullah,RB,JAC,343.4,31.8,7.0,33.23203285420944,00-0032104,8.268958605750196,15.6,128.99575424970305,74.16454660161824,1.0873330510808805,1.074718275355218,41.0,118.63499791666666,194.18042449317443,-65.18467024347137,430
Justice Hill,RB,BAL,233.86,43.07,13.0,28.810403832991103,00-0034975,8.265766125722637,15.6,128.94595156127312,74.1621408401967,1.0869132534722108,1.0737732095490715,40.0,118.63499791666666,194.18042449317443,-65.23447293190131,431
Theo Johnson,TE,NYG,285.13,27.18,8.0,25.52498288843258,00-0039847,6.204609836422028,14.9,92.44868656268822,42.79129484582397,1.0603444859120663,1.0599795814190913,25.0,87.18740729166666,157.6917823531921,-65.24309579050389,432
Brashard Smith,RB,KC,286.05,27.91,5.0,23.40588637919233,00-0040078,8.251165640215016,15.6,128.71818398735425,74.15114917986443,1.084993351437241,1.0473933649289102,15.0,118.63499791666666,194.18042449317443,-65.46224050582018,433
Patrick Ricard,RB,NYG,330.0,40.0,8.0,32.27926078028747,00-0033376,8.24385456085225,15.6,128.6041311492951,74.14565188207919,1.0840319754515537,1.0423728813559323,14.0,118.63499791666666,194.18042449317443,-65.57629334387931,434
Roschon Johnson,RB,CHI,313.63,39.65,10.0,25.59616700889801,00-0039021,8.24180712247282,15.6,128.572191110576,74.1441131863733,1.0837627459722263,1.0634657836644592,29.0,118.63499791666666,194.18042449317443,-65.60823338259843,435
Tyler Goodson,RB,ATL,330.14,36.55,11.0,25.82067077344285,00-0037120,8.220658921979547,15.6,128.24227918288094,74.12824033952167,1.0809818471355541,1.0516986706056133,22.0,118.63499791666666,194.18042449317443,-65.93814531029349,436
Jaleel McLaughlin,RB,CLE,303.86,24.65,11.0,25.97946611909651,00-0038794,8.208412206891602,15.6,128.05123042750898,74.11906562604354,1.079371455946386,1.0628729752770674,41.0,118.63499791666666,194.18042449317443,-66.12919406566544,437
Jake Elliott,K,PHI,303.27,37.81,10.0,31.6249144421629,00-0033787,4.375,16.0,70.0,24.0,,,,,136.66666666666666,-66.66666666666666,438
Kyle Juszczyk,RB,SF,290.8,33.04,8.0,35.37303216974675,00-0029892,8.134656279773335,15.6,126.90063796446402,74.06407629654727,1.069672863766588,1.0473546701502285,39.0,118.63499791666666,194.18042449317443,-67.2797865287104,439
Will Shipley,RB,PHI,306.94,18.59,10.0,24.021902806297057,00-0039746,8.131047472857023,15.6,126.84434057656955,74.06139741538486,1.069198320934514,1.0142045454545454,16.0,118.63499791666666,194.18042449317443,-67.33608391660488,440
Daniel Jones,QB,IND,146.36,20.49,13.0,29.27857631759069,00-0035710,14.912036313167533,15.8,235.61017374804703,95.15683512262972,1.131788442025594,1.1264628612371628,29.0,208.17510145833333,303.09766816781325,-67.48749441976622,441
Arizona Cardinals,DST,ARI,304.0,65.67,14.0,,,2.8708333333333336,16.0,45.93333333333334,30.0,,,,,113.56666666666666,-67.63333333333333,442
Eli Stowers,TE,PHI,288.95,33.68,10.0,23.394934976043807,00-0041483,6.028989628494078,14.9,89.83194546456177,42.62125380321075,1.0608006165282853,,,84.68315729166667,157.6917823531921,-67.85983688863034,443
Jake Tonges,TE,SF,292.55,32.95,8.0,27.16495550992471,00-0037112,5.964473842720667,14.9,88.87066025653795,42.55984734430533,1.0593945930597553,1.0562700964630225,9.0,83.88815729166666,157.6917823531921,-68.82112209665416,444
Michael Mayer,TE,LV,297.21,30.5,13.0,25.169062286105408,00-0039066,5.875731605335042,14.9,87.54840091949212,42.47631923825354,1.061488252994984,1.061881188118812,35.0,82.47703229166666,157.6917823531921,-70.14338143369999,445
Darnell Washington,TE,PIT,298.26,29.42,9.0,25.05407255304586,00-0038558,5.7464050281609635,14.9,85.62143491959836,42.3565469585786,1.0572321675073075,1.0551330798479088,34.0,80.98640729166667,157.6917823531921,-72.07034743359375,446
Jacoby Brissett,QB,ARI,196.67,38.68,14.0,33.73579739904175,00-0033119,14.51186229071478,15.8,229.28742419329353,94.73767167657208,1.16091937858843,1.1795357650402654,23.0,197.50503645833334,303.09766816781325,-73.81024397451972,447
New York Jets,DST,NYJ,319.2,79.74,13.0,,,2.4166666666666665,16.0,38.666666666666664,30.0,,,,,113.56666666666666,-74.9,448
Elijah Arroyo,TE,SEA,310.25,25.9,11.0,23.42231348391513,00-0040739,5.542862712809642,14.9,82.58865442086366,42.17278324795098,1.0555316210871928,1.0474254742547426,13.0,78.24365729166666,157.6917823531921,-75.10312793232845,449
Oscar Delp,TE,NO,313.96,32.59,8.0,23.091033538672143,00-0041041,5.489876872213314,14.9,81.79916539597838,42.12590524804355,1.0608006165282853,,,77.11078229166667,157.6917823531921,-75.89261695721373,450
Eli Raridon,TE,NE,315.54,34.37,11.0,22.56536618754278,00-0041395,5.465821972326771,14.9,81.44074738766889,42.10475477273594,1.0608006165282853,,,76.77290729166667,157.6917823531921,-76.25103496552322,451
Aaron Rodgers,QB,PIT,213.2,40.75,9.0,42.76249144421629,00-0023459,14.284579408683463,15.8,225.69635465719873,94.50387638636296,1.1755370431295409,1.196729107224083,34.0,191.99425145833334,303.09766816781325,-77.40131351061453,452
Tua Tagovailoa,QB,ATL,281.77,31.68,11.0,28.51471594798084,00-0036212,14.259398797615415,15.8,225.29850100232355,94.4781660994189,1.2589968816361057,1.3158951423348133,42.0,178.95080145833333,303.09766816781325,-77.7991671654897,453
Erick All Jr.,TE,CIN,317.64,38.93,6.0,25.97946611909651,00-0039814,5.327137784714998,14.9,79.37435299225348,41.98442472592433,1.0593907037452637,1.0558659217877095,8.0,74.92453229166667,157.6917823531921,-78.31742936093863,454
Cole Kmet,TE,CHI,324.18,24.41,10.0,27.49349760438056,00-0036290,5.288182562128995,14.9,78.79392017572202,41.95112048227483,1.0614991254837973,1.0618095739084692,45.0,74.22890729166666,157.6917823531921,-78.89786217747009,455
Tyler Higbee,TE,LAR,325.16,23.9,11.0,33.67830253251198,00-0033110,5.182577514263681,14.9,77.22040496252885,41.86193423043823,1.059304305112022,1.0581959262851601,27.0,72.89728229166666,157.6917823531921,-80.47137739066326,456
Drew Stevens,K,WAS,304.0,46.91,7.0,22.74332648870637,00-0041182,3.5,16.0,56.0,24.0,,,,,136.66666666666666,-80.66666666666666,457
Dominic Zvada,K,NYG,342.0,17.68,8.0,22.86652977412731,00-0041145,3.5,16.0,56.0,24.0,,,,,136.66666666666666,-80.66666666666666,458
Jason Sanders,K,FA,362.25,27.67,,30.806297056810404,00-0034794,3.5,16.0,56.0,24.0,,,,,136.66666666666666,-80.66666666666666,459
Geno Smith,QB,NYJ,227.97,33.24,13.0,35.90691307323751,00-0030565,14.024178387218116,15.8,221.58201851804625,94.23985588375466,1.1963568666542295,1.2205467953714253,47.0,185.21398145833336,303.09766816781325,-81.515649649767,460
Dawson Knox,TE,BUF,329.24,30.21,7.0,29.80971937029432,00-0035689,5.091253148751088,14.9,75.8596719163912,41.78610965742988,1.0570654002349726,1.0551977920883164,40.0,71.76440729166666,157.6917823531921,-81.8321104368009,461
Cam Ward,QB,TEN,158.85,24.06,9.0,24.28473648186174,00-0040676,13.936465021422864,15.8,220.19614733848127,94.15185280865693,1.0796202267106598,1.0091610414657668,17.0,203.95704145833332,303.09766816781325,-82.90152082933199,462
Bryce Young,QB,CAR,169.51,27.8,5.0,25.117043121149894,00-0039150,13.934144339063504,15.8,220.15948055720338,94.14953084536398,1.0946734902642745,1.0751791233492551,46.0,201.11885645833334,303.09766816781325,-82.93818761060987,463
Noah Gray,TE,KC,330.02,25.0,5.0,27.353867214236825,00-0036637,4.947550137874172,14.9,73.71849705432517,41.669256556836054,1.056789468136989,1.055006735518635,45.0,69.75703229166666,157.6917823531921,-83.97328529886694,464
Max Klare,TE,LAR,332.08,28.82,11.0,23.16495550992471,00-0041510,4.840394575276645,14.9,72.12187917162201,41.58409350696399,1.0608006165282853,,,67.98815729166665,157.6917823531921,-85.5699031815701,465
Ja'Tavion Sanders,TE,CAR,336.64,31.8,5.0,23.44695414099932,00-0039356,4.679492650176742,14.9,69.72444048763346,41.459402792252966,1.0519853651298805,1.0452044025157232,26.0,66.27890729166667,157.6917823531921,-87.96734186555865,466
John Bates,TE,WAS,340.0,39.0,7.0,28.83230663928816,00-0036628,4.649378625726834,14.9,69.27574152332983,41.43649350575252,1.053747133632917,1.049472295514512,33.0,65.74228229166667,157.6917823531921,-88.41604082986228,467
Noah Fant,TE,NO,349.73,25.02,8.0,28.79397672826831,00-0035644,4.591481723065092,14.9,68.41307767366987,41.392828821349084,1.0572456357671294,1.055511498810468,41.0,64.70878229166665,157.6917823531921,-89.27870467952224,468
Matt Hibner,TE,BAL,350.89,26.58,13.0,,,4.539000829639369,14.9,67.6311123616266,41.35368241006738,1.0608006165282853,,,63.75478229166667,157.6917823531921,-90.0606699915655,469
Tommy Tremble,TE,CAR,350.79,27.62,5.0,26.261464750171115,00-0037005,4.525676013303966,14.9,67.43257259822909,41.34380898310156,1.0517845760866003,1.0470392916436082,38.0,64.11253229166665,157.6917823531921,-90.25920975496302,470
Justin Joly,TE,MIA,352.09,20.14,6.0,22.16016427104723,00-0041077,4.479571076978497,14.9,66.74560904697961,41.30985211239357,1.0608006165282853,,,62.92003229166666,157.6917823531921,-90.9461733062125,471
Tommy Myers,TE,FA,355.2,42.69,,,,4.43995124187125,14.9,66.15527350388163,41.28092737722969,1.0608006165282853,,,62.36353229166667,157.6917823531921,-91.53650884931048,472
Kirk Cousins,QB,LV,289.05,29.41,13.0,38.04791238877481,00-0029604,13.354572826765073,15.8,211.00225066288817,93.58001709769621,1.2054269852805155,1.246624767225326,32.0,175.04357645833335,303.09766816781325,-92.09541750492508,473
Miami Dolphins,DST,MIA,329.71,53.8,6.0,,,1.2729166666666665,16.0,20.366666666666664,30.0,,,,,113.56666666666666,-93.2,474
Ben Sinnott,TE,WAS,355.95,14.99,7.0,24.229979466119097,00-0039912,4.326414368466387,14.9,64.46357409014917,41.19935312968719,1.0535513331974768,1.0414691943127963,12.0,61.186932291666665,157.6917823531921,-93.22820826304294,475
Nate Boerkircher,TE,JAC,356.5,12.38,7.0,25.00479123887748,00-0041503,4.29986682488491,14.9,64.06801569078516,41.180561116276714,1.0608006165282853,,,60.39590729166666,157.6917823531921,-93.62376666240695,476
Taysom Hill,TE,FA,412.5,24.5,,36.03832991101985,00-0033357,4.275133983389032,14.9,63.699496352496574,41.16315008710183,1.0810237813570522,1.0919552218050343,37.0,58.925157291666665,157.6917823531921,-93.99228600069554,477
Jonnu Smith,TE,GB,358.18,39.24,11.0,31.041752224503764,00-0033858,4.26835936659401,14.9,63.59855456225075,41.158397244948226,1.0793107305162002,1.0868658790826964,49.0,58.925157291666665,157.6917823531921,-94.09322779094137,478
Jackson Hawes,TE,BUF,371.33,12.96,7.0,25.749486652977414,00-0040194,4.196511420589657,14.9,62.52802016678589,41.108421798668246,1.0611430336500562,1.0616698292220115,13.0,58.925157291666665,157.6917823531921,-95.16376218640622,479
Will Kacmarek,TE,MIA,357.33,20.76,6.0,23.564681724846,00-0041524,4.195157260672898,14.9,62.507843184026186,41.10748744968986,1.0608006165282853,,,58.925157291666665,157.6917823531921,-95.18393916916592,480
Tanner Koziol,TE,JAC,370.17,9.97,7.0,23.60574948665298,00-0041084,4.195157260672898,14.9,62.507843184026186,41.10748744968986,1.0608006165282853,,,58.925157291666665,157.6917823531921,-95.18393916916592,481
Michael Trigg,TE,DAL,413.0,23.0,14.0,24.194387405886378,00-0040939,4.195157260672898,14.9,62.507843184026186,41.10748744968986,1.0608006165282853,,,58.925157291666665,157.6917823531921,-95.18393916916592,482
Sam Roush,TE,CHI,378.0,4.0,10.0,23.000684462696785,00-0041558,4.195157260672898,14.9,62.507843184026186,41.10748744968986,1.0608006165282853,,,58.925157291666665,157.6917823531921,-95.18393916916592,483
Marlin Klein,TE,HOU,369.18,25.64,8.0,23.969883641341543,00-0041472,4.195157260672898,14.9,62.507843184026186,41.10748744968986,1.0608006165282853,,,58.925157291666665,157.6917823531921,-95.18393916916592,484
Elijah Higgins,TE,ARI,367.33,23.31,14.0,25.859000684462696,00-0039041,4.190989829250184,14.9,62.44574845582775,41.10461374666375,1.0597468267540624,1.059192200557103,38.0,58.925157291666665,157.6917823531921,-95.24603389736436,485
Tanner Hudson,TE,CIN,379.5,4.5,6.0,31.81656399726215,00-0034613,4.189767706554964,14.9,62.42753882766896,41.10377152062645,1.0594377969780593,1.0585585585585586,31.0,58.925157291666665,157.6917823531921,-95.26424352552314,486
Daniel Bellinger,TE,TEN,367.05,17.47,9.0,25.95482546201232,00-0038115,4.1897168890962035,14.9,62.42678164753343,41.10373650471279,1.0594249471161272,1.0585651537335286,32.0,58.925157291666665,157.6917823531921,-95.26500070565868,487
Zach Ertz,TE,FA,372.6,28.22,,35.82203969883641,00-0030061,4.1889137823439295,14.9,62.41481535692455,41.1031831741674,1.0592218710250503,1.0583684950773558,37.0,58.925157291666665,157.6917823531921,-95.27696699626756,488
Austin Hooper,TE,ATL,362.83,26.85,11.0,31.854893908282,00-0032392,4.186859355252957,14.9,62.38420439326906,41.10176814836709,1.0587023821503074,1.0577901063337956,46.0,58.925157291666665,157.6917823531921,-95.30757795992305,489
Mitchell Evans,TE,CAR,365.15,24.35,5.0,23.471594798083505,00-0040187,4.1812397837437025,14.9,62.30047277778117,41.09790085920604,1.05728139968142,1.0518672199170125,13.0,58.925157291666665,157.6917823531921,-95.39130957541094,490
Cade Stover,TE,HOU,361.5,14.5,8.0,26.2340862422998,00-0039359,4.175770105777637,14.9,62.2189745760868,41.09414136345751,1.055898319763772,1.0507380073800738,19.0,58.925157291666665,157.6917823531921,-95.47280777710532,491
Jelani Woods,TE,NYJ,371.5,0.5,13.0,27.90965092402464,00-0037755,4.173298286344895,14.9,62.182144466538944,41.09244389966153,1.0552732877529865,1.0,2.0,58.925157291666665,157.6917823531921,-95.50963788665317,492
Tyler Conklin,TE,DET,372.5,5.5,6.0,31.1047227926078,00-0034270,4.173251576904394,14.9,62.18144849587548,41.09241183205425,1.0552614766574298,1.052420892108273,39.0,58.925157291666665,157.6917823531921,-95.51033385731662,493
Luke Schoonmaker,TE,DAL,381.0,10.02,14.0,27.939767282683093,00-0038547,4.172745867073932,14.9,62.17391341940158,41.09206466656542,1.0551336012843255,1.0518953068592058,35.0,58.925157291666665,157.6917823531921,-95.51786893379054,494
Josh Oliver,TE,MIN,363.4,16.49,6.0,29.462012320328544,00-0035249,4.168626555286145,14.9,62.11253567376355,41.08923825208095,1.0540919791918426,1.0502584721424468,35.0,58.925157291666665,157.6917823531921,-95.57924667942856,495
Luke Musgrave,TE,GB,359.94,17.76,11.0,26.00958247775496,00-0039144,4.16839830587994,14.9,62.10913475761111,41.08908171753767,1.0540342633314401,1.0496688741721854,31.0,58.925157291666665,157.6917823531921,-95.582647595581,496
Adam Trautman,TE,DEN,369.6,22.06,10.0,29.582477754962355,00-0036422,4.162542982834107,14.9,62.0218904442282,41.085068835374294,1.052553667989945,1.048430193720775,40.0,58.925157291666665,157.6917823531921,-95.6698919089639,497
Drew Sample,TE,CIN,361.0,6.0,6.0,30.390143737166323,00-0035631,4.158381901340284,14.9,61.95989032997022,41.08222027413789,1.0515014838786478,1.046335299073294,36.0,58.925157291666665,157.6917823531921,-95.73189202322189,498
Fernando Mendoza,QB,LV,261.28,39.51,13.0,22.93223819301848,00-0041562,13.034945847614326,15.8,205.95214439230637,93.27486444681443,1.139510534168819,,,180.73737645833336,303.09766816781325,-97.14552377550689,499
Michael Penix Jr.,QB,ATL,282.37,28.81,11.0,26.32991101984942,00-0039917,12.429879232532452,15.8,196.39209187401275,92.71484686225239,1.1078410197557687,1.0625988563085536,14.0,177.27461645833333,303.09766816781325,-106.7055762938005,500
Jake Browning,QB,FA,316.5,8.5,,30.403832991101982,00-0035100,12.393708243965168,15.8,195.82059025464966,92.68210758979828,1.1869933063987594,1.2463467716861851,16.0,164.97194145833333,303.09766816781325,-107.2770779131636,501
Deshaun Watson,QB,CLE,291.93,28.12,11.0,30.978781656399725,00-0033537,11.960595481153135,15.8,188.97740860221953,92.29662782151448,1.1082575851986793,1.0601761252446185,13.0,170.51758645833334,303.09766816781325,-114.12025956559373,502
Carson Beck,QB,ARI,322.53,21.19,14.0,24.79671457905544,00-0041561,11.55244408507909,15.8,182.52861654424962,91.94450825868189,1.139510534168819,,,160.18159645833333,303.09766816781325,-120.56905162356364,503
Shedeur Sanders,QB,CLE,301.37,23.31,11.0,24.577686516084874,00-0040668,11.538051790829446,15.8,182.30121829510526,91.93229073891476,1.0993138511772904,0.9988221436984689,8.0,165.83182145833334,303.09766816781325,-120.796449872708,504
Drew Allar,QB,PIT,332.0,12.0,9.0,22.49691991786448,00-0041565,10.940880681342465,15.8,172.86591476521096,91.43741795219067,1.139510534168819,,,151.70190145833334,303.09766816781325,-130.2317534026023,505
Mac Jones,QB,SF,339.65,22.58,8.0,28.00273785078713,00-0036972,10.927991860600162,15.8,172.66227139748258,91.42699820770734,1.1664006824596043,1.1832070251413451,32.0,148.02998145833334,303.09766816781325,-130.43539677033067,506
Taylen Green,QB,CLE,338.33,11.84,11.0,23.88501026694045,00-0041092,10.816640496890317,15.8,170.90291985086702,91.33744057438561,1.139510534168819,,,149.97923645833333,303.09766816781325,-132.19474831694623,507
J.J. McCarthy,QB,MIN,330.44,19.19,6.0,23.627652292950035,00-0039923,10.655365040636962,15.8,168.35476764206402,91.20920346132174,1.0844995521565721,0.9744775881320784,10.0,155.23728645833336,303.09766816781325,-134.74290052574923,508
Jalen Milroe,QB,SEA,341.0,15.0,11.0,23.731690622861056,00-0040673,10.28992157781477,15.8,162.58076092947337,90.92510987556973,1.121313507972886,1.0,3.0,144.99135145833333,303.09766816781325,-140.51690723833988,509
Quinn Ewers,QB,JAC,346.5,0.5,7.0,23.318275154004105,00-0040234,10.222904937174794,15.8,161.52189800736176,90.87399313883212,1.15066705655318,1.206449668474985,4.0,140.37240145833334,303.09766816781325,-141.5757701604515,510
Justin Fields,QB,KC,344.12,21.32,5.0,27.50718685831622,00-0036945,10.067969195126226,15.8,159.07391328299437,90.75698686661381,1.1117840880026202,1.0944550591487459,32.0,143.07986145833334,303.09766816781325,-144.02375488481889,511
Ty Simpson,QB,LAR,350.1,23.04,11.0,23.709787816564,00-0041568,9.889972139669666,15.8,156.26155980678072,90.62458866512151,1.139510534168819,,,137.13042145833336,303.09766816781325,-146.83610836103253,512
Joe Flacco,QB,CIN,351.79,29.0,6.0,41.637234770705,00-0026158,9.605396875957158,15.8,151.7652706401231,90.41743343082582,1.1633558165622857,1.182432042477059,25.0,130.45473145833336,303.09766816781325,-151.33239752769015,513
Tyson Bagent,QB,CHI,350.33,16.21,10.0,26.245037645448324,00-0038416,9.440752726282032,15.8,149.1638930752561,90.30013294221831,1.1042437577813202,1.0401223461676863,11.0,135.08239645833333,303.09766816781325,-153.93377509255714,514
Marcus Mariota,QB,WAS,351.89,30.87,7.0,32.851471594798085,00-0032268,9.311806247194932,15.8,147.12653870567993,90.20957716648836,1.1365290849199223,1.1325538192547264,15.0,129.45250645833335,303.09766816781325,-155.97112946213332,515
Cade Klubnik,QB,NYJ,352.76,23.29,13.0,22.90759753593429,00-0041056,9.259133698884815,15.8,146.2943124423801,90.17291901858259,1.139510534168819,,,128.38346645833334,303.09766816781325,-156.80335572543316,516
Anthony Richardson Sr.,QB,IND,347.16,23.55,13.0,24.292950034223136,00-0039164,9.091456686289039,15.8,143.64501564336683,90.05750936167293,1.0354639735834361,0.9130562552476912,17.0,138.72526645833335,303.09766816781325,-159.45265252444642,517
Gardner Minshew II,QB,ARI,356.25,19.29,14.0,30.308008213552363,00-0035289,9.009528522884313,15.8,142.35055066157216,90.00183356145331,1.1354346038112648,1.1327173169062286,30.0,125.37098145833335,303.09766816781325,-160.7471175062411,518
Jack Strand,QB,ATL,356.5,9.5,11.0,22.203969883641346,00-0041194,8.845348936164765,15.8,139.7565131914033,89.89167779691832,1.139510534168819,,,122.64609145833336,303.09766816781325,-163.34115497640997,519
Joe Milton III,QB,DAL,360.44,18.49,14.0,26.50239561943874,00-0039398,8.832712128345413,15.8,139.55685162785753,89.88327759903623,1.1453702676598183,1.168809201623816,5.0,121.84431145833335,303.09766816781325,-163.54081653995573,520
Riley Leonard,QB,IND,353.25,21.05,13.0,23.980835044490075,00-0040206,8.795066366633993,15.8,138.9620485928171,89.8583194845087,1.1021245563673134,0.9525806451612904,5.0,126.08561145833335,303.09766816781325,-164.13561957499616,521
Tyrod Taylor,QB,GB,376.5,34.57,11.0,37.09240246406571,00-0028118,8.701734731282656,15.8,137.48740875426597,89.79687336636621,1.141586478836368,1.1438930840225339,18.0,120.43538645833334,303.09766816781325,-165.61025941354728,522
Jameis Winston,QB,NYG,356.46,23.74,8.0,32.6652977412731,00-0031503,8.69936946913645,15.8,137.4500376123559,89.79532413842757,1.1062666953492448,1.0730228565296707,20.0,124.24674645833335,303.09766816781325,-165.64763055545734,523
Davis Mills,QB,HOU,363.0,24.54,8.0,27.87679671457905,00-0036898,8.189374029846086,15.8,129.39210967156816,89.47052657565423,1.0641789906875405,0.9565625,14.0,121.58867145833335,303.09766816781325,-173.7055584962451,524
Trey Lance,QB,LAC,364.0,8.0,7.0,26.327173169062284,00-0037012,7.418392020753089,15.8,117.21059392789881,89.01477389497406,0.9696221145345881,0.5449010654490107,8.0,120.88275645833335,303.09766816781325,-185.88707423991445,525
